# -*- coding: utf-8 -*-

# Resource object code
#
# Created by: The Resource Compiler for PyQt5 (Qt v5.15.13)
#
# WARNING! All changes made in this file will be lost!

from PyQt5 import QtCore

qt_resource_data = b"\
\x00\x00\xe9\x09\
\x89\
\x50\x4e\x47\x0d\x0a\x1a\x0a\x00\x00\x00\x0d\x49\x48\x44\x52\x00\
\x00\x05\x00\x00\x00\x05\x00\x08\x06\x00\x00\x00\x18\xe4\xff\xf7\
\x00\x00\x00\x01\x73\x52\x47\x42\x00\xae\xce\x1c\xe9\x00\x00\x00\
\x04\x67\x41\x4d\x41\x00\x00\xb1\x8f\x0b\xfc\x61\x05\x00\x00\x00\
\x09\x70\x48\x59\x73\x00\x00\x32\xc0\x00\x00\x32\xc0\x01\x28\x64\
\x5a\xdb\x00\x00\xe8\x9e\x49\x44\x41\x54\x78\x5e\xec\xfd\x79\x74\
\x5d\x67\xba\x1f\x66\xca\x6e\xaf\xe4\xc6\xed\xac\x65\x27\x6e\x27\
\xe9\xb8\xed\xc4\xe9\x8c\x9d\xc4\xe9\xb6\x3b\xce\xe0\xd8\xee\xe4\
\x66\x75\x27\xed\xd8\xe9\xa4\x6e\x95\x40\x90\x04\x27\x70\x1e\x35\
\x92\x04\x40\x10\x04\x41\x10\xe0\x3c\x0f\x1a\x48\x80\x20\x08\x12\
\x20\x08\x92\x20\x38\x53\xa4\x38\x8b\x1a\x4a\x2a\x49\x25\xa9\x54\
\x2a\x95\x54\x25\x95\xa4\xba\xf3\xbd\x75\xef\xad\x5b\x55\x5f\xaf\
\x4d\x99\x55\xaa\xfd\x71\x00\x40\x00\x67\xef\x7d\x9e\x77\xad\xe7\
\x8f\x2a\x61\x38\x38\x67\xef\xef\x7b\xdf\x1f\xcf\xde\xe7\x91\x47\
\x94\x52\x63\x56\x95\x4f\xed\xfe\x9b\x13\x1b\x0f\xfc\x7b\xf3\x36\
\x0d\x7c\x6d\xde\x96\x33\xd3\xe6\x6c\x19\x68\x5a\xb0\xeb\xdc\xae\
\xb9\x9b\x4f\x1c\x9d\xbb\xf5\xd4\xc5\x99\xeb\x4f\xbc\x3d\x6b\xe3\
\x89\xef\x54\xb7\xf4\xfd\xee\x1d\x53\x57\x1f\xfe\xfd\x09\x2b\x0e\
\xfc\x49\x55\x63\xd7\x9f\x7f\x55\x45\x6d\xdb\x2f\x1e\x5d\xba\x37\
\x00\x00\x00\x8c\xb6\x8a\x9a\xb6\x90\x9e\x49\x12\x93\x57\xf5\xfc\
\xc1\x57\xe7\x97\xb9\x5b\x4e\x7d\x9a\xcc\x34\x0b\x76\x9e\xbd\x99\
\xcc\x38\x8f\x3d\x73\xa1\x2d\x99\x79\x16\xed\x7e\x61\xe1\x63\x3b\
\xcf\x4d\x7b\xfa\xb9\xcb\xff\xb0\xba\xf1\xc0\xbf\x97\x9e\x95\x94\
\x52\x4a\xa9\xcc\x57\x55\xfd\x9e\xdf\x18\xb7\xf8\xb9\xbf\x33\xa3\
\xe5\xf8\xff\x3c\x7b\x63\xff\xe2\xd9\x9b\x07\x9e\x9f\xbd\x71\xe0\
\xc2\xcc\xf5\xc7\xdf\xad\x5e\xd3\xf7\xe3\xc9\x4d\xdd\x3f\x19\x57\
\xd7\xf1\xf3\xf4\x26\x0a\x00\x00\x50\x8e\xc6\xd7\xef\x0f\x93\x9a\
\x0e\xfd\xb4\x7a\xed\xd1\x3f\x9c\xb5\x71\xe0\x87\xf3\xb6\x9f\x7d\
\x6d\xe1\xae\x73\xc7\x17\xee\x3c\xb7\x69\xd1\x8e\xf3\xd5\x73\x76\
\x9e\xf9\xfb\xff\xb4\x7e\xd7\x5f\x4e\xcf\x5e\x4a\x29\xa5\xd4\xa8\
\x57\xc5\xda\x63\x7f\x7d\xfe\xce\xf3\xe3\x66\x6f\x3d\xb9\x79\xe6\
\x86\xe3\xe7\xa6\xb6\xf4\x7e\x50\xb5\xe2\xc0\x1f\x55\xd4\xec\xf5\
\x6e\x3c\x00\x00\x80\x11\x36\x69\x65\xd7\x9f\x4d\x5f\x77\xf4\xd3\
\xd9\x5b\x4f\xbe\xba\x70\xf7\x85\x43\x4b\x3a\x6f\x3c\xd5\x70\xe4\
\xf5\xff\xae\xfe\x85\xf0\x97\xd2\xf3\x9a\x52\x4a\x29\x35\xa4\x1a\
\x5f\xdf\xfe\x37\x66\x6f\x38\x51\x3d\x6b\x63\xff\xee\x99\x1b\x8e\
\x5d\x9d\xd2\xdc\xf3\xc9\x84\x86\xfd\x7f\x96\xde\x8c\x00\x00\x00\
\x18\x7b\xe3\x97\xef\xff\xf9\xb4\xd6\xbe\xdf\x9b\xbd\xe5\xe4\xb7\
\x17\xec\x3c\x77\xfc\xf1\xe7\x5f\x5c\x51\x77\xf0\xd5\x7f\x2c\x18\
\x54\x4a\x29\x75\xd7\x9a\xb6\xf6\xc8\xdf\x9b\xbb\xf9\xc4\x53\xb3\
\x36\x9e\x38\x3a\x7d\x4d\xdf\xbb\x93\x9b\xba\xff\x30\xbd\xb9\x00\
\x00\x00\x90\x7d\x93\x57\x1d\xfe\xd9\xac\x0d\xfd\x9f\x2f\xd8\x79\
\xfe\xe6\x13\xcf\xbd\xf8\xcc\xe2\xb6\x2b\xdf\x78\xf6\xdb\x5f\xfc\
\xab\xe9\x39\x50\x29\xa5\x54\x81\xab\xa2\x7e\xd7\x5f\x9f\xbd\xf1\
\xf8\xdc\x59\x1b\x8e\xf7\x4c\x6b\x3d\xf2\x9d\xf1\xcb\xf7\xff\x69\
\x7a\xc3\x00\x00\x00\xa0\x38\xc6\xd7\x77\xfc\x62\xc6\xfa\x63\x3f\
\x9e\xb7\xfd\xcc\xcd\xc7\x9f\xbf\xb4\xb9\xa1\xe7\xe5\xff\x77\x08\
\xe1\x2f\xa4\xe7\x45\xa5\x94\x52\x39\xad\x69\xeb\x8f\xfc\x77\xb3\
\x37\x0d\xb4\x54\xaf\x3b\x7a\x79\xca\xaa\xee\xcf\xdd\xab\x0f\x00\
\x00\xa0\xbc\x25\x9f\x68\x3c\xb5\xe5\xf0\x1f\xcf\xde\x7c\xf2\xdd\
\xc7\x9e\xbd\x78\x68\x71\xc7\xb5\x99\x6b\x5f\xfe\xe1\x5f\x4f\xcf\
\x93\x4a\x29\xa5\x32\x58\xf5\xf5\xf5\x7f\x71\x7c\x5d\xe7\x3f\x98\
\xb5\xa9\x7f\xed\x8c\xf5\xc7\x5e\x9e\xd2\xdc\xfd\xfb\x8f\xd6\xb4\
\x45\x8b\x3d\x00\x00\x00\x7c\xd5\xd4\xd5\x87\x7f\x3e\x77\xcb\xe9\
\x4f\x1e\x7b\xf6\xd2\xc0\x53\x7b\xaf\xcd\x6d\x79\xf6\x8a\xcb\x86\
\x95\x52\x2a\x2b\xf5\xcf\xeb\xf7\xfc\xd5\x19\x6b\xfb\x6a\xa6\xb6\
\x1e\xb9\x3e\xa1\xa1\xd3\xbd\xfb\x00\x00\x00\x78\x68\x13\x1a\xf6\
\xff\x6c\xe6\x86\xe3\x1f\x3e\xf9\xfc\xa5\xb6\x96\x81\xb7\xfe\x87\
\xf4\x2c\xaa\x94\x52\x6a\x54\x2b\xfc\x85\xc9\xab\xbb\xff\xa7\x99\
\xeb\x8f\x3f\x3f\xb5\xe5\xc8\xbb\x95\xcb\x3a\x7e\x9a\x5e\xa8\x01\
\x00\x00\x60\xa4\x54\x2e\xdb\x1f\x66\xac\x3b\xfe\xe3\x05\x3b\xce\
\x5d\x7c\x7a\xef\xb5\xa5\x3b\x2f\x7d\xfe\x6f\xa5\x27\x55\xa5\x94\
\x52\x0f\x59\xff\xbf\xc7\xdb\xff\xc6\xb4\xe6\x9e\x49\x33\xd6\xf6\
\x9d\x9c\xb2\xaa\xe7\x8b\xf4\x62\x0c\x00\x00\x00\x63\xa5\xba\xb5\
\xef\x67\xf3\xb6\x9f\x7e\xef\x89\xe7\x5f\xdc\xb1\x74\xdf\xb5\xff\
\x47\x7a\x86\x55\x4a\x29\x35\xc8\xaa\xaa\xdf\xf3\x1b\xb3\x36\x9e\
\x58\x30\xb5\xb5\xf7\xd6\xb8\xda\xf6\x3f\x4f\x2f\xb8\x00\x00\x00\
\x50\x6a\x95\x75\xfb\x7e\x31\x73\xc3\xf1\x4f\x1e\x7f\xee\xd2\xfe\
\xd6\xd3\xef\xff\xb7\xe9\xd9\x56\x29\xa5\x54\xaa\x1e\x5d\xf2\xcc\
\xbf\x51\xbd\xf6\xd8\x13\xd5\x6b\x8e\x5e\x9e\xb0\xc2\xfd\xfc\x00\
\x00\x00\xc8\x8f\xaa\xc6\x83\x3f\x9f\xb3\xf9\xd4\x87\x4f\x3c\x77\
\xb9\xbd\xa6\xe7\xd5\xdf\x4c\xcf\xbc\x4a\x29\x55\xb6\x35\x6e\xf1\
\xfe\xbf\x36\x63\xdd\xf1\xb9\xd3\xd7\x1d\x7d\x61\x62\x63\xd7\xef\
\xa7\x17\x50\x00\x00\x00\xc8\x9b\xc9\x4d\xdd\x3f\x9b\xbb\xe5\xd4\
\x77\x9f\xd8\xf3\xe2\x73\xf5\xbd\x6f\xfe\xc3\xf4\x2c\xac\x94\x52\
\x65\x51\x13\x1b\x3b\xfe\x51\xf5\xda\xbe\x93\xe3\x97\xef\xff\x93\
\xf4\x42\x09\x00\x00\x00\x45\x31\x61\xf9\xfe\x30\x6f\xeb\xa9\x1f\
\x2c\xd9\x7f\x73\xcd\xd6\x37\x3f\xfb\x2b\xe9\xf9\x58\x29\xa5\x0a\
\x55\x5f\xaf\x6d\xff\xbb\x33\xd6\x1f\x7b\x6e\xf2\xaa\xee\x8f\xd3\
\x0b\x22\x00\x00\x00\x14\x5d\xf5\x9a\xbe\x3f\x59\xb8\xfb\xdc\x8d\
\x25\x9d\xb7\x16\xbd\x10\xc2\x5f\x4a\xcf\xcd\x4a\x29\x95\xcb\xfa\
\xda\xa2\x67\xfe\xb5\x99\xeb\x8e\x3e\x3e\xad\xf5\xc8\x4b\xe3\x97\
\xef\xff\xd3\xf4\xe2\x07\x00\x00\x00\xe5\x66\xfc\xf2\xce\x30\x67\
\xd3\x89\x4f\x9f\x78\xfe\xf2\x81\xc6\xbe\xd7\xff\x51\x7a\x96\x56\
\x4a\xa9\x5c\x54\x65\xe3\x81\x7f\x32\x7d\xed\xb1\x83\x93\x57\x1e\
\xfc\x2c\xbd\xd0\x01\x00\x00\x00\x5f\x9a\xb2\xfa\xf0\x4f\x17\x6c\
\x3f\xfb\xcd\xa7\xf6\x5e\xa9\xdf\xfa\x82\x4b\x84\x95\x52\x19\xaf\
\x7f\x5c\x5f\xff\x97\x66\xad\xef\x7f\x62\xd2\xca\x43\xdf\x4d\x2f\
\x68\x00\x00\x00\xc0\xfd\x4d\x6d\xe9\xfd\xfd\x27\xf7\x5c\xea\xde\
\x71\xed\xd3\xff\x32\x3d\x73\x2b\xa5\x54\x49\xab\x62\xc9\x9e\xff\
\x68\xe6\xda\x63\xcf\x4e\x59\xd5\xfd\x69\x7a\xf1\x02\x00\x00\x00\
\x86\x66\x5a\x6b\xef\x9f\x2f\xda\x7d\xe1\x56\x4d\xe7\xcb\x73\xd2\
\x33\xb8\x52\x4a\x8d\x69\x4d\xac\xeb\xf8\x7f\x4d\x5f\x77\xec\x68\
\xd5\x8a\x83\xbf\x9f\x5e\xac\x00\x00\x00\x80\x87\x33\xa9\xe9\xd0\
\x2f\xe6\x6d\x3b\xfb\xde\xd3\x9d\x37\x56\xba\x3c\x58\x29\x35\x76\
\x15\xc2\x5f\x98\xba\xaa\xbb\x6a\x6a\x4b\xef\xd5\x71\xcb\x3a\x7e\
\x9a\x5e\x9c\x00\x00\x00\x80\x91\x55\xb9\xac\x23\xcc\xde\x3c\xf0\
\xc9\x93\x7b\xaf\x3c\xbb\xf9\xf4\x87\xff\x6e\x7a\x54\x57\x4a\xa9\
\x11\xa9\xe4\xfe\x7e\xd3\x5a\xfb\x1e\x9b\xd4\xd8\xf5\xfd\xf4\x42\
\x04\x00\x00\x00\x8c\x8d\xc9\xcd\x3d\x7f\xfc\xe4\x9e\xcb\xdd\x9b\
\x2f\x7f\xfc\x77\xd3\xb3\xbb\x52\x4a\x0d\xab\xc6\x2d\xde\xff\xd7\
\x26\xad\xec\x7e\x7a\x72\xf3\xe1\x0f\xd3\x8b\x0e\x00\x00\x00\x50\
\x1a\xd3\xd7\x1f\xfb\xf9\xe3\xcf\x5f\xba\xb0\xb4\xeb\xc6\x7f\x95\
\x9e\xe5\x95\x52\x6a\x50\xf5\xbf\x2e\x6e\xfb\xd7\x67\xae\xeb\x6f\
\x99\xd2\x7c\xd8\x3b\xfe\x00\x00\x00\x20\xa3\x66\xac\x39\xfa\xd3\
\x27\x9e\x7f\xf1\xd2\xca\xa3\xef\xfc\xf3\xf4\x6c\xaf\x94\x52\x77\
\xad\x8a\xc7\x76\xfd\xf5\x99\xeb\xfa\x5a\xa6\xac\x12\xfc\x01\x00\
\x00\x40\x5e\x4c\x5f\x7b\xf4\xcf\x1e\x7f\xe6\xe2\xc5\xe6\x63\xdf\
\xfe\x5f\xd2\xb3\xbe\x52\x4a\xdd\xae\xaf\x2d\x79\xee\xff\x34\x6d\
\x4d\x12\xfc\xf5\x08\xfe\x00\x00\x00\x20\xa7\xaa\xd7\x1e\xfd\xd3\
\x45\xcf\x5e\x7c\x61\x65\xff\x1b\xff\xdf\xf4\xec\xaf\x94\x2a\xe3\
\x9a\xb9\xfe\x68\xdd\x84\xe5\x9d\xbf\x93\x5e\x34\x00\x00\x00\x80\
\x7c\x9a\xb4\xb2\xeb\xcf\x9f\x6c\xbb\x32\xb0\xf5\xfa\xc7\xff\x20\
\x9d\x03\x28\xa5\xca\xa8\x66\xae\x3f\xba\x74\x5a\xcb\xe1\xef\xa4\
\x17\x09\x00\x00\x00\xa0\x18\x66\xae\x3f\xfe\x93\xa7\xda\xae\xf4\
\xaf\xbb\xf4\xe9\x7f\x99\xce\x05\x94\x52\x05\xae\xf1\x75\xed\xff\
\x7b\x75\xeb\x91\x6f\xa5\x17\x05\x00\x00\x00\xa0\x98\xe6\x6e\x39\
\xfd\xb3\xa7\xdb\xaf\x1f\xdc\xf3\xc2\xf7\x7e\x23\x9d\x13\x28\xa5\
\x0a\x54\xe3\x1b\x3a\xff\xc7\xea\xd6\xa3\x97\xc6\xd5\xb6\xff\x2c\
\xbd\x10\x00\x00\x00\x00\xc5\x36\xae\x6e\x5f\x98\xbb\xe5\xd4\x67\
\x8b\xdb\x6f\x6c\x5c\x77\xed\x17\xff\x4a\x3a\x37\x50\x4a\xe5\xb8\
\x1e\x5d\xfa\xec\xdf\x9f\xb6\xfa\xf0\x91\xca\x65\x1d\x7f\x92\x3e\
\xf9\x01\x00\x00\x80\xf2\x32\x7e\x79\x67\x98\xbf\xfd\xcc\x77\x96\
\xb4\x5f\x7b\x2a\x9d\x21\x28\xa5\x72\x56\xff\xb8\xbe\xfe\x2f\x4d\
\x6d\xe9\x5b\x53\x51\xd3\xf6\xd3\xf4\xc9\x0e\x00\x00\x00\x94\xb7\
\x8a\xda\xf6\x5f\x2c\xdc\x79\xee\xfa\xa6\xcb\x1f\xff\x57\xe9\x4c\
\x41\x29\x95\x83\x9a\xda\xdc\x3b\x7e\x4a\xf3\xe1\x37\xd3\x27\x37\
\x00\x00\x00\xc0\x57\xcd\xdc\xd0\xff\x87\x4f\xef\xbb\xd1\xb1\xfb\
\xc6\x8f\xff\x66\x3a\x5f\x50\x4a\x65\xb0\xc6\x2d\x7e\xee\xef\xcc\
\x58\xdf\x7f\x74\xfc\xb2\xfd\x7f\x96\x3e\xa1\x01\x00\x00\x00\xee\
\x26\xb9\x2c\x78\xe1\xee\xf3\xdf\x5f\x71\xf4\xcd\x25\x87\x0e\x85\
\xff\x43\x3a\x6f\x50\x4a\x65\xa4\xa6\x35\x1f\x9e\x37\xad\xe5\xc8\
\xe7\xe9\x93\x18\x00\x00\x00\x60\x30\x66\xac\x3d\x1a\x96\xee\xbf\
\xf9\xcd\x1d\xd7\x7f\xf7\xdf\x49\xe7\x0e\x4a\xa9\x12\xd6\xe4\xd5\
\x87\xfe\x61\xf5\xba\xa3\x97\x1f\xad\xd9\xfb\x8b\xf4\x89\x0b\x00\
\x00\x00\x30\x14\x15\x4b\xf7\x86\xf9\xdb\xcf\xfe\xde\xb2\xc3\xaf\
\x6e\xd9\xf3\xda\xef\xfe\xd5\x74\x0e\xa1\x94\x1a\xc3\xaa\xaa\xdf\
\xf3\x1b\xb3\x37\x9e\xd8\x3c\x69\xe5\xa1\xdf\x49\x9f\xac\x00\x00\
\x00\x00\x0f\x63\x6a\xf3\xe1\xf0\xe4\xf3\x97\x5f\xdf\x70\xfe\x7b\
\xff\x5b\x3a\x93\x50\x4a\x8d\x41\x4d\x5b\xd3\xf7\xb5\xea\xd6\xbe\
\x6f\xa6\x4f\x4e\x00\x00\x00\x80\x91\x34\x67\xcb\xc9\x9f\xd4\x74\
\xdd\xda\xb7\xe3\xb5\x1f\xff\xdb\xe9\x7c\x42\x29\x35\x0a\xf5\xe8\
\x92\x67\xfe\x8d\x99\x1b\xfa\x3b\x26\xac\x38\xf0\xc7\xe9\x13\x12\
\x00\x00\x00\x60\x34\x54\x35\x76\x85\xc7\x9e\xbd\xf8\x9d\xc6\x63\
\x6f\xce\x48\x67\x15\x4a\xa9\x11\xac\x19\xeb\x8e\xcd\x9e\xda\x72\
\xf8\xfd\xf4\x49\x08\x00\x00\x00\x30\x16\x66\x6d\xe8\xff\xe9\x92\
\x8e\x1b\x47\x77\x7f\xf3\xf7\xff\x83\x74\x6e\xa1\x94\x7a\x88\xfa\
\xc6\xe2\xb6\xff\x60\x5a\x6b\x6f\x57\xe5\xb2\x8e\x9f\xa7\x4f\x3c\
\x00\x00\x00\x80\xb1\x34\x7e\x59\x47\x58\xf4\xcc\x0b\xbf\xbf\x78\
\xff\x4b\x93\xd3\x19\x86\x52\x6a\x18\x35\xb9\xb9\x7b\xd1\xe4\x55\
\xdd\x1f\xa5\x4f\x36\x00\x00\x00\x80\x52\xaa\x6e\xed\xfb\xd9\xe3\
\xcf\x5f\x3a\xb9\xe1\x85\x4f\xff\x9d\x74\x9e\xa1\x94\x1a\x44\x7d\
\xe3\xe9\x3d\xff\xce\x94\xd5\x3d\xbd\x8f\x2e\xdd\xfb\x8b\xf4\x09\
\x06\x00\x00\x00\x90\x15\xf3\xb6\x9d\xf9\xde\xf2\xee\xd7\xab\xd3\
\xd9\x86\x52\xea\x3e\x35\xb1\xae\xe3\x7f\x9a\xd2\xdc\xf3\x66\xfa\
\x84\x02\x00\x00\x00\xc8\xa2\x99\x1b\x8e\xff\x64\xc9\xfe\xeb\xcf\
\x6d\x7d\xe1\xb3\xbf\x92\xce\x39\x94\x52\xa9\x9a\xb9\xfe\xf8\xca\
\xaa\x15\x07\x7f\x27\x7d\x22\x01\x00\x00\x00\x64\xd9\xa4\x55\x87\
\xc2\x13\x7b\x2e\xdf\xdc\x79\xeb\xf7\xff\x41\x3a\xef\x50\x4a\x3d\
\xf2\xc8\x23\x8f\x3e\xf9\xec\xff\x79\xc6\xba\x63\xfd\x15\xb5\xed\
\x3e\xe8\x03\x00\x00\x00\xc8\xa7\x9a\xb6\xb0\x70\xd7\xf9\xcf\x56\
\x9e\x7a\xfb\xe9\x74\xf6\xa1\x54\x59\xd7\xbc\x4d\x03\x5f\xab\x5e\
\x7b\xf4\x9d\xe8\xa4\x01\x00\x00\x00\xc8\xa1\xd9\x5b\x4e\xfe\xbc\
\xfe\xf0\x6b\x3d\xbb\x6f\x7e\xfe\x1f\xa4\x73\x10\xa5\xca\xae\xa6\
\xae\xee\x79\x6a\x6a\xf3\xe1\x9f\xa4\x4f\x14\x00\x00\x00\x80\x3c\
\x9b\xda\x7c\x38\xd4\x76\xdd\xfa\x6c\xfb\x4b\xbf\xfd\x9f\xa6\xf3\
\x10\xa5\xca\xa2\x26\x2c\x6e\xfb\xd7\x67\x6f\x3a\x71\xb4\x72\x59\
\xc7\xcf\xbe\x71\x97\x93\x04\x00\x00\x00\x20\xef\x2a\x6a\xdb\xc3\
\xa2\xdd\xe7\x7f\x67\xcd\x99\xf7\x5d\x12\xac\xca\xab\xaa\x5b\xfb\
\x7e\xb3\x7a\xcd\xd1\x37\x6e\x9f\x08\x77\x39\x39\x00\x00\x00\x00\
\x8a\x64\xd6\xa6\x81\x9f\x35\xf4\xbd\xd1\xbe\xfd\x9b\x9f\xfe\x8d\
\x74\x4e\xa2\x54\xe1\x6a\xe6\xc6\x63\x8b\x27\x35\x77\x7f\x9e\x3e\
\x11\x00\x00\x00\x00\x8a\x2c\xb9\x24\x78\x71\xc7\xf5\xeb\x3b\x5f\
\xf9\xbd\xbf\x9f\xce\x4b\x94\x2a\x44\xfd\x56\xfd\xa1\xbf\x32\x73\
\xc3\xb1\x8e\xca\x65\x1d\x3f\x7d\x74\xe9\x9e\xe8\x24\x00\x00\x00\
\x00\x28\xba\xca\x65\xfb\xc2\xe3\xcf\x5d\xfc\x7e\xeb\xe9\xf7\x27\
\xa5\xb3\x13\xa5\x72\x5d\x5f\x7f\xfa\xb9\xbf\x3b\xad\xf5\xe8\x8d\
\x2f\x0f\xf6\xb6\xf0\xe8\x92\xf8\x04\x00\x00\x00\x00\x28\x07\xc9\
\x67\x21\xcc\xdb\x72\xe6\x8f\x96\xf7\x7c\x73\xc3\x23\x8f\x3c\xf2\
\x17\xd2\x39\x8a\x52\xb9\xab\x69\xad\x7d\xd5\x93\x57\x75\x7f\x9c\
\x3e\xd8\x01\x00\x00\x00\xca\xd6\x92\xbd\xa1\x7a\x4d\x5f\x58\xbc\
\xef\xda\xc0\xd6\x57\x7e\xe7\x6f\xa7\xf3\x14\xa5\x72\x53\x55\x8d\
\x5d\x4f\x55\xd4\xec\xfd\x45\x74\x90\x03\x00\x00\x00\x10\x2a\x6a\
\xda\xc2\x92\x8e\xeb\xdf\xdf\x7a\xf3\xb3\x7f\x33\x9d\xab\x28\x95\
\xe9\xaa\xaa\xdf\xf3\x1b\xd3\xd7\x1c\xed\xa8\xa8\x69\xff\xf9\x37\
\x92\xcb\x7d\x97\xb8\xe7\x1f\x00\x00\x00\xc0\xbd\x3c\xf6\xcc\x0b\
\xdf\x6f\x3d\xff\xc1\x6f\xa5\x33\x16\xa5\x32\x59\xe3\xeb\xdb\xff\
\xc6\xf4\xb5\x7d\x03\xbf\x3a\x88\xdb\xa2\x83\x1a\x00\x00\x00\x80\
\xaf\x58\xb2\x37\x2c\xd8\x79\xee\xb7\x9b\x4f\x7e\x7b\x41\x3a\x6b\
\x51\x2a\x53\x35\x7e\x71\xfb\xff\xb5\xba\xb5\xf7\xfa\x2f\x0f\xde\
\x9a\xbb\x1c\xd0\x00\x00\x00\x00\xfc\xba\x9a\xb6\xdb\x39\xca\xdc\
\xad\xa7\x7f\xd2\x78\xec\x8d\xd5\xe9\xcc\x45\xa9\x4c\xd4\x84\xba\
\xfd\xff\x75\x75\xeb\x91\x37\x5d\xee\x0b\x00\x00\x00\x30\x4c\x35\
\x7b\xc3\xcc\x0d\xfd\x3f\xaf\xef\xfd\xe6\xf3\xed\xdf\xfc\xf4\xff\
\x98\xce\x5f\x94\x2a\x59\x55\xb7\x1e\xfb\xdf\xa7\xae\xee\xfd\x30\
\x3a\x68\x01\x00\x00\x00\x18\xb2\xe4\x13\x82\xeb\x0e\xbe\x72\x7c\
\xd7\xcb\x3f\xfc\x5b\xe9\x1c\x46\xa9\x31\xaf\xe9\xeb\xfb\xe7\x4d\
\x5e\x75\xe8\x8b\xdb\x97\xfb\xba\xe4\x17\x00\x00\x00\x60\x44\x4c\
\x59\xd5\x13\x6a\x0e\xbe\x7c\x65\xf7\xcd\xdf\xfd\x2f\xd2\x79\x8c\
\x52\x63\x56\xb3\x36\x0d\x34\x56\xad\xec\xfa\xc3\x2f\x0f\x4c\x1f\
\xf6\x01\x00\x00\x00\x30\x92\xaa\x56\x74\x85\xc5\xfb\x6f\xbe\xb5\
\xfb\xe5\xdf\xfd\xef\xd3\xb9\x8c\x52\xa3\x5e\xb3\x36\xf5\x6f\x19\
\xbf\x7c\xff\x9f\x3d\xba\xd4\x3d\xff\x00\x00\x00\x00\x46\x43\xc5\
\xd2\xbd\x61\xfc\xb2\x8e\xf0\xc4\x73\x97\x7e\xb0\xfd\xe5\xdf\xf9\
\xa7\xe9\x7c\x46\xa9\x51\xa9\xfa\xfa\xf0\x17\xa7\xaf\x3f\xd6\x56\
\x59\xbb\xef\x67\xb7\x3f\xa1\xe6\x2e\x07\x27\x00\x00\x00\x00\x23\
\xa7\xa2\x66\x6f\x58\xb8\xeb\xfc\xe7\x1b\x5e\xf8\xa8\x22\x9d\xd5\
\x28\x35\xa2\x35\x6e\xf1\xfe\xbf\x56\xbd\xf6\x48\x6f\x85\xcb\x7d\
\x01\x00\x00\x00\xc6\xdc\x9c\xad\xa7\x7e\x77\xd5\xc9\x6f\xcf\x4c\
\x67\x36\x4a\x8d\x48\x8d\xab\xe9\xf8\xdb\x53\x57\x1f\x3e\x9b\x3e\
\xf0\x00\x00\x00\x00\x18\x3b\x33\x37\xf6\xff\x51\xc3\xf1\x6f\x3d\
\x95\xce\x6e\x94\x7a\xa8\x7a\x74\xc9\xde\xff\x7c\x72\x53\xcf\xb5\
\x2f\x0f\x34\xf7\xfc\x03\x00\x00\x00\x28\xa5\x69\xad\x47\xfe\xb4\
\xf6\xd0\xad\xa6\x74\x86\xa3\xd4\xb0\xaa\xa2\xa6\xed\x1f\x4e\x5a\
\xd9\xf5\x66\x72\x70\xb9\xf4\x17\x00\x00\x00\x20\x1b\x26\xaf\xea\
\xf9\xe9\x13\x7b\x5e\xdc\x95\xce\x72\x94\x1a\x52\x7d\xa3\xe6\xf9\
\xff\xa6\x6a\xc5\xc1\xf7\x1f\x15\xfc\x01\x00\x00\x00\x64\xce\xa4\
\x95\x07\x7f\xf6\xd4\x73\x97\xda\xd3\x99\x8e\x52\x83\xaa\x47\x6b\
\xdb\xfe\xef\x55\x2b\x3b\xdf\x4f\x1f\x58\x00\x00\x00\x00\x64\x47\
\x55\x53\xf7\xcf\x9f\x7c\xee\xd2\x81\x74\xb6\xa3\xd4\x7d\xeb\x1b\
\xb5\x6d\xff\xf1\xe4\x95\x5d\xdf\x76\xbf\x3f\x00\x00\x00\x80\xec\
\xab\x6a\xec\xfa\xc5\xe2\x7d\x57\xf7\xa4\x33\x1e\xa5\xee\x5a\x5f\
\xab\xd9\xfd\xef\x4e\x5a\x79\xe8\x5b\x2e\xfb\x05\x00\x00\x00\xc8\
\x8f\xc9\xab\x7a\x7e\xfe\x54\xfb\xb5\xe7\xd2\x59\x8f\x52\xbf\x56\
\xbf\x55\xbf\xe7\xdf\x9c\xd2\xdc\xf3\x72\xfa\x00\x02\x00\x00\x00\
\x20\xfb\xa6\xae\xee\xf9\xf3\x27\xdb\xae\x6c\x4d\x67\x3e\x4a\xdd\
\xae\xaa\xfa\x3d\x7f\x75\x4a\x73\xcf\x55\xef\xfc\x03\x00\x00\x00\
\xc8\xaf\xa9\x2d\x47\xfe\x6c\x49\xe7\xb5\xd5\xe9\xec\x47\x95\x79\
\x55\xd5\xef\xf9\x8d\x29\x2d\x3d\xe7\xd3\x07\x0c\x00\x00\x00\x00\
\xf9\x53\xbd\xe6\xc8\x9f\x2c\x3b\xf8\x4a\x4d\x3a\x03\x52\x65\x5c\
\xd3\x5a\x7b\xfb\xd3\x07\x0a\x00\x00\x00\x00\xf9\x35\x7d\xdd\xd1\
\x3f\x5a\xd6\xf3\xea\x82\x74\x0e\xa4\xca\xb0\xa6\xb6\x1e\xe9\x76\
\xd9\x2f\x00\x00\x00\x40\xf1\xcc\x58\x77\xec\xf7\x57\xf4\xbe\x31\
\x25\x9d\x07\xa9\x32\xaa\xe9\x6b\x8e\xb4\x55\xd4\xec\xfd\x45\xfa\
\xe0\x00\x00\x00\x00\x20\xff\x2a\x96\xee\x0d\x33\xd7\x1f\xfb\xdd\
\xc6\xa3\x6f\x56\xa4\x73\x21\x55\x06\x35\x69\x65\xd7\x92\x8a\xda\
\x36\xe1\x1f\x00\x00\x00\x40\x81\x55\xd4\xb4\x85\x99\x1b\xfb\xff\
\x74\xf5\xb1\x37\xff\x56\x3a\x1f\x52\x05\xae\x69\xab\x7b\xeb\xc7\
\x2d\xdb\xf7\xd3\xf4\x01\x01\x00\x00\x00\x40\xf1\x8c\xab\x6d\x0f\
\x73\xb6\x0c\x7c\xb4\xf6\xf4\xfb\x7f\x2f\x9d\x13\xa9\x02\xd6\x94\
\x95\x87\x66\x8f\xaf\xef\xf8\x49\xfa\x40\x00\x00\x00\x00\xa0\xb8\
\x2a\xeb\xf6\x85\x39\x9b\x07\xde\xd9\x73\xf3\x8f\xfe\xcd\x74\x5e\
\xa4\x0a\x54\x95\xb5\xfb\xbe\x5e\xb9\x7c\xff\x1f\xa4\x0f\x00\x00\
\x00\x00\x00\x8a\xaf\x72\x59\x47\x98\xb7\xfd\xcc\x4b\x9b\x06\xde\
\xfb\x97\xd3\xb9\x91\x2a\x40\x55\x2c\xd9\xf3\x1f\x8d\xab\x6b\xfb\
\xc9\xa3\x4b\xe2\x17\x1f\x00\x00\x00\x80\xf2\x50\x51\xdb\x16\x9e\
\x78\xee\x85\x63\xe9\xec\x48\xe5\xbc\xbe\x5e\xdb\xfe\x77\x27\xae\
\x38\xf0\x61\xfa\x05\x07\x00\x00\x00\xa0\xfc\x4c\x6c\x3c\xf0\x8b\
\xc7\x9e\xbb\xd8\x9e\xce\x90\x54\x4e\xeb\x6b\xf5\xcf\xfc\x6b\x55\
\xcd\xdd\x2f\xa5\x5f\x68\x00\x00\x00\x00\xca\xd7\xe4\x55\x3d\x3f\
\x5d\xd2\x71\x63\x45\x3a\x4b\x52\x39\xac\xa9\x2d\xbd\xbd\xe9\x17\
\x18\x00\x00\x00\x00\xa6\xaf\x3d\xfa\x87\x4d\x03\xef\x8c\x4f\xe7\
\x49\x2a\x47\x35\x63\xdd\xd1\x75\x15\x35\x6d\x3f\x4f\xbf\xb8\x00\
\x00\x00\x00\x90\x98\xbd\xe9\xc4\x67\xcd\x67\xbf\xfb\x9b\xe9\x5c\
\x49\xe5\xa0\x26\xd4\x75\xfc\xf3\xf1\x0d\x07\x7e\x9a\x7e\x51\x01\
\x00\x00\x00\xe0\x8e\xe4\x93\x81\x17\xec\x3a\xf7\xd9\x9e\x17\xbe\
\xf7\x1b\xe9\x7c\x49\x65\xb8\xbe\xbe\xa4\xfd\x3f\xad\x5a\x79\xe8\
\x47\xe9\x17\x14\x00\x00\x00\x00\xd2\x26\x36\x1c\x08\x8f\x3f\x77\
\xe9\x42\x3a\x63\x52\x19\xad\x7f\xbe\x60\xcf\x5f\x9d\xbc\xaa\xe7\
\x8d\xf4\x0b\x09\x00\x00\x00\x00\xf7\x32\x65\x75\x4f\x58\xdc\x79\
\x7d\x67\x3a\x6b\x52\x19\xac\x69\x2d\x7d\xc7\xd2\x2f\x20\x00\x00\
\x00\x00\x3c\xc8\xf4\xb5\x7d\x7f\xd2\xd0\xf7\xc6\xcc\x74\xde\xa4\
\x32\x54\xd5\x6b\x7b\x56\x3f\x5a\xd3\xee\x43\x3f\x00\x00\x00\x00\
\x18\xb2\x8a\x9a\xb6\x30\x7b\xf3\xc0\x67\x4d\xc7\xde\xfe\xc7\xe9\
\xdc\x49\x65\xa0\x26\x37\x1d\xfc\x5a\xe5\xf2\xfd\x7f\x9c\x7e\xe1\
\x00\x00\x00\x00\x60\xb0\x92\x0f\x05\x99\xb7\xe3\xcc\x9b\xcf\x5c\
\xfb\xe8\x5f\x4b\xe7\x4f\xaa\x84\xf5\xb5\x25\xcf\xfd\x27\x13\x57\
\x1e\xfc\x61\xfa\x05\x03\x00\x00\x00\x80\xa1\xaa\x5a\xd1\x15\x1e\
\x7b\xf6\xd2\x89\x74\x06\xa5\x4a\x54\xff\xec\xc9\x67\xff\xd5\xc9\
\xcd\x3d\x2f\x3f\xba\x74\x4f\xf4\x62\x01\x00\x00\x00\xc0\x70\x4c\
\x6e\xee\xf9\xf9\xe2\x7d\x37\xd6\xa6\xb3\x28\x55\x82\x9a\xbc\xba\
\xf7\x50\xfa\x05\x02\x00\x00\x00\x80\x87\x55\xdd\xda\xf7\x47\xcb\
\x0f\xbf\x51\x99\xce\xa3\xd4\x18\xd6\xb8\xba\xf6\xe9\x15\xb5\x3e\
\xf4\x03\x00\x00\x00\x80\x91\x97\x7c\x28\xc8\xac\x8d\xfd\xbf\xb7\
\xeb\xd8\xcb\x7f\x39\x9d\x4b\xa9\x31\xa8\xaf\x2f\x6e\xfb\xcd\xca\
\xfa\xfd\xbf\x97\x7e\x61\x00\x00\x00\x00\x60\xa4\x54\xd6\x77\x84\
\xb9\xdb\xcf\x5c\x4d\x67\x53\x6a\x94\xeb\xb7\xea\xb7\xfe\x95\xf1\
\xcb\xf6\xfd\x28\xfd\x82\x00\x00\x00\x00\xc0\x48\xab\xac\xdf\x17\
\x9e\x3e\x70\x7d\x55\x3a\xa3\x52\xa3\x58\x93\x1a\x7b\x0e\xa6\x5f\
\x08\x00\x00\x00\x00\x18\x2d\xd3\x5a\x7b\xff\xa0\xe9\xe8\xdb\xff\
\x63\x3a\xa7\x52\xa3\x50\x95\xcb\xf7\x55\x55\xd4\xec\xfd\x59\xfa\
\x45\x00\x00\x00\x00\x80\xd1\x52\xb1\x74\x6f\x98\xb3\x65\xe0\xdb\
\x7b\xbe\x17\x7e\x23\x9d\x57\xa9\x11\xac\xca\xda\x7d\xff\xe1\xc4\
\x15\x07\x3e\x4e\xbf\x00\x00\x00\x00\x00\x30\xda\x26\x36\x74\x86\
\xc7\x9f\xbd\xd8\x95\xce\xac\xd4\x08\xd6\xd4\x55\x87\x07\xd2\x4f\
\x3c\x00\x00\x00\x00\x8c\x95\xa9\x2d\xbd\x7f\x5a\xdf\xf3\xda\xa4\
\x74\x6e\xa5\x46\xa0\xa6\xae\xea\x9e\x5f\x51\xd3\xf6\xf3\xf4\x93\
\x0e\x00\x00\x00\x00\x63\x69\xf6\xa6\x81\x8f\xb6\xf7\x7f\xff\xef\
\xa4\xf3\x2b\xf5\x10\x55\xb1\x64\xcf\x7f\x34\x71\x45\xd7\x67\xe9\
\x27\x1b\x00\x00\x00\x00\xc6\xda\x84\x86\xce\xb0\xe8\x99\x17\x4e\
\xa7\x33\x2c\xf5\x10\x55\xd5\xd8\x75\x26\xfd\x44\x03\x00\x00\x00\
\x40\xa9\x4c\x6b\x3d\x12\x16\xef\x7f\x69\x72\x3a\xc7\x52\xc3\xa8\
\xea\xd6\x23\x4f\x54\xd4\xec\xfd\x45\xfa\x49\x06\x00\x00\x00\x80\
\x52\x49\x3e\x15\x78\xc6\xfa\xe3\x3f\xde\xfe\xd2\x17\xff\x61\x3a\
\xcf\x52\x43\xa8\x6f\xd4\xb6\xfd\xc7\x13\x1b\x0e\x7c\x9e\x7e\x82\
\x01\x00\x00\x00\xa0\xd4\x92\x4b\x81\x1f\xdf\xfd\xc2\xb9\x74\xa6\
\xa5\x86\x50\x53\x56\xf7\x9c\x4f\x3f\xb1\x00\x00\x00\x00\x90\x15\
\x53\x57\x1f\xfe\x59\x7d\xef\x6b\x73\xd3\xb9\x96\x1a\x44\x4d\x5e\
\xdd\x3d\xbf\x62\xe9\x5e\x9f\xfa\x0b\x00\x00\x00\x40\xa6\xcd\xde\
\x34\xf0\x83\x35\xfd\x6f\xfd\xed\x74\xbe\xa5\xee\x53\x8f\x3e\xb5\
\xf7\xff\x36\xa1\xe1\xc0\x8f\xd2\x4f\x26\x00\x00\x00\x00\x64\xcd\
\x84\xe5\x9d\xe1\xb1\x67\x5f\x38\x96\xce\xb8\xd4\x7d\x6a\xca\xca\
\xee\x93\xe9\x27\x12\x00\x00\x00\x00\xb2\x6a\x6a\x4b\xef\x9f\xad\
\x38\xfc\xea\xc4\x74\xce\xa5\xee\x52\xe3\xeb\xf7\x4f\x7f\x74\x69\
\x9b\x4b\x7f\x01\x00\x00\x00\xc8\x95\x59\x1b\x4f\x7c\xd0\x72\xe5\
\xdb\xff\x6a\x3a\xef\x52\x5f\xa9\xaf\x2f\x79\xf6\x3f\x9d\xb0\x7c\
\xff\x0f\xd3\x4f\x1e\x00\x00\x00\x00\x64\x5d\x72\x29\xf0\xc2\x67\
\xcf\x77\xa5\x33\x2f\xf5\x95\x9a\xd0\x78\xf0\x68\xfa\x89\x03\x00\
\x00\x00\x80\xbc\x98\xb6\xba\xf7\x27\xf5\x07\x5f\xf9\x67\xe9\xdc\
\x4b\x3d\xf2\xc8\x23\xdf\x58\xfc\xdc\x3f\x4d\x3f\x61\x00\x00\x00\
\x00\x90\x37\xf3\xb6\x9f\x7d\x2f\x9d\x7d\x95\x7d\xfd\xd6\xd3\x6d\
\x7f\x6b\x7c\x43\xe7\x77\xd3\x4f\x16\x00\x00\x00\x00\xe4\xcd\xc4\
\x86\x03\xe1\xf1\xe7\x5e\xd8\x98\xce\xc0\xca\xba\xaa\xea\xf7\xaf\
\xfe\xc6\xd2\x3d\xd1\x93\x05\x00\x00\x00\x00\x79\x34\x6d\x4d\xdf\
\x8f\x37\x1e\x7b\xf3\x6f\xa5\x73\xb0\xb2\xac\x47\x17\xb7\xff\x83\
\xca\x65\xfb\x7e\x37\xfd\x24\x01\x00\x00\x00\x40\x5e\x55\xd6\xed\
\x0b\x0b\x76\x9c\x3d\x96\xce\xc2\xca\xb2\x26\x36\x1c\x38\xf2\xe8\
\x12\xef\xfe\x03\x00\x00\x00\xa0\x58\xa6\x34\x1f\xfe\x49\x7d\xcf\
\x1b\xbf\x99\xce\xc3\xca\xaa\x2a\x96\xec\xf9\x5f\x1f\xad\x6d\xfb\
\xf3\xf4\x93\x03\x00\x00\x00\x00\x79\x57\xb1\x74\x6f\x98\xbd\xf5\
\xd4\x2b\xe9\x4c\xac\x6c\xea\xb7\xea\x0f\xfd\x95\x89\x2b\x3a\x5f\
\x49\x3f\x31\x00\x00\x00\x00\x50\x14\x13\x57\x1e\xfc\xf9\x92\x8e\
\xeb\x8f\xa7\xb3\xb1\xb2\xa8\x47\x97\xed\x9b\xf7\xa8\x0f\xfe\x00\
\x00\x00\x00\xa0\xe0\x66\xae\x3f\xfe\xfd\x4d\xef\xfd\xe2\x5f\x4e\
\xe7\x63\x85\xae\x8a\xda\xe7\xff\xfd\x89\x0d\x9d\x1f\x0b\x00\x01\
\x00\x00\x00\x28\xba\xf1\xcb\xf7\x87\xc7\x9f\xbb\xb4\x3b\x9d\x91\
\x15\xba\x26\x36\x76\x6e\x4b\x3f\x11\x00\x00\x00\x00\x50\x54\xd3\
\xd6\x1c\xf9\xbd\xa6\x81\xf7\xfe\x93\x74\x4e\x56\xc8\x7a\x74\x69\
\xdb\xdf\xaf\x5c\xb6\xef\x0f\xd2\x4f\x02\x00\x00\x00\x00\x14\x55\
\x65\xdd\xbe\xb0\x68\xe7\xb9\x53\xe9\xac\xac\x90\x35\x69\x65\xd7\
\xbe\xf4\x13\x00\x00\x00\x00\x00\x45\x37\xa5\xb9\xe7\x4f\x37\x5e\
\xfc\xe8\xff\x99\xce\xcb\x0a\x55\x15\x35\x6d\xff\xb0\xb2\x76\xdf\
\x1f\xa7\xff\x78\x00\x00\x00\x00\x28\xba\x71\xb5\xed\x61\xfe\xf6\
\x33\x97\xd2\x99\x59\xa1\x6a\x52\xe3\xc1\xde\x47\x97\xb6\x45\x7f\
\x3c\x00\x00\x00\x00\x94\x83\xe4\x5d\x80\x0d\x47\xdf\xf8\x1f\xd3\
\xb9\x59\x21\x6a\x5c\x4d\xdb\x6f\x56\xd4\xb6\xff\x69\xfa\x8f\x06\
\x00\x00\x00\x80\x72\x51\x51\xd3\x16\xe6\x6f\x3d\x7b\x35\x9d\x9d\
\x15\xa2\x26\xac\xe8\x3a\x99\xfe\x83\x01\x00\x00\x00\xa0\xdc\x4c\
\x59\xd5\xf3\x67\x0d\xbd\xaf\xff\x4f\xe9\xfc\x2c\xd7\xf5\xf5\xa5\
\xcf\xff\x2f\x15\xb5\x6d\x7f\x9e\xfe\x63\x01\x00\x00\x00\xa0\xdc\
\x54\x2c\xdd\x1b\xe6\x6c\x39\xf5\x52\x3a\x43\xcb\x75\x4d\x58\xd1\
\x79\x21\xfd\x87\x02\x00\x00\x00\x40\xb9\x9a\xd4\xd4\xfd\xd3\xda\
\xee\x97\xfe\xb7\x74\x8e\x96\xcb\xfa\xc6\xd3\x7b\xfe\x49\xfa\x0f\
\x04\x00\x00\x00\x80\x72\x37\x6f\xeb\x99\x9b\xe9\x2c\x2d\x97\x55\
\xd5\x70\xe0\x52\xfa\x8f\x03\x00\x00\x00\x80\x72\x37\xa9\xe9\xe0\
\x9f\xd7\x76\xbe\xfa\xb5\x74\x9e\x96\xab\xfa\xc6\xe2\xb6\x7f\xfa\
\xe8\xd2\xbd\x3f\x4f\xff\x71\x00\x00\x00\x00\xc0\xde\x30\x7b\xf3\
\xc0\x2b\xe9\x4c\x2d\x57\x35\xae\xbe\xa3\xe7\xd1\x9a\xf8\x0f\x03\
\x00\x00\x00\x00\x92\x77\x01\x1e\xfa\x45\x6d\xcf\xab\xff\x7e\x3a\
\x57\xcb\x45\x7d\x63\xc9\x9e\xff\xa1\xa2\xb6\xed\xa7\xe9\x3f\x0a\
\x00\x00\x00\x00\xf8\x52\xf2\x89\xc0\xf3\xb7\x9e\xbe\x9a\xce\xd6\
\x72\x51\xe3\x97\xef\xef\x4e\xff\x41\x00\x00\x00\x00\xc0\xaf\x9b\
\xd2\xdc\xf3\x27\x0d\x07\x5f\xf9\xaf\xd3\xf9\x5a\xa6\xeb\x1b\x35\
\xcf\xff\x37\x95\xb5\xed\x7f\x9c\xfe\x63\x00\x00\x00\x00\x80\x5f\
\x57\x51\xd3\x1e\x16\xec\x3c\x7b\x22\x9d\xb1\x65\xba\xc6\x37\x74\
\xee\x4c\xff\x21\x00\x00\x00\x00\xc0\xdd\x4d\x5b\x7d\xf8\x0f\xd6\
\xf4\xbf\xf5\xb7\xd3\x39\x5b\x26\x6b\xdc\xd2\x3d\xff\xc5\xb8\xba\
\x7d\xbf\x9b\xfe\x23\x00\x00\x00\x00\x80\xbb\xab\xac\xdb\x17\xe6\
\xef\x3c\xd7\x91\xce\xda\x32\x59\xe3\x6a\xdb\x9b\xd2\x7f\x00\x00\
\x00\x00\x00\x70\x7f\xd5\xad\x7d\x5f\x6c\x7a\xef\x17\xff\x72\x3a\
\x6f\xcb\x54\x55\xd5\xef\xf9\x8d\x8a\x9a\xb6\x9f\xa4\x1f\x3c\x00\
\x00\x00\x00\x70\x7f\x15\x35\x6d\x61\xe9\x81\xeb\x75\xe9\xcc\x2d\
\x53\xf5\x8d\xa5\x7b\xe7\x3e\xba\x24\x7e\xf0\x00\x00\x00\x00\xc0\
\x83\xcd\x5c\x7f\xfc\xfb\xe9\xcc\x2d\x33\xf5\x8f\xeb\x5f\xf8\x4b\
\xe3\x1b\x3a\xdf\x48\x3f\x68\x00\x00\x00\x00\x60\x70\x26\xae\x38\
\xf0\x8b\xba\xce\x5b\x33\xd3\xd9\x5b\x26\xea\xeb\x4b\xf6\xfc\xaf\
\xe9\x07\x0c\x00\x00\x00\x00\x0c\xcd\x9c\x2d\xa7\x5e\x4f\x67\x6f\
\x99\xa8\xf1\x35\xed\xfb\x1f\xad\x89\x1f\x30\x00\x00\x00\x00\x30\
\x78\x93\x56\x75\xff\x62\xfd\xc9\x0f\xff\xad\x74\xfe\x56\xd2\x1a\
\x57\xb7\xf7\xef\x55\xd6\xee\xfb\xe3\xf4\x83\x05\x00\x00\x00\x00\
\x86\xa6\xa2\xa6\x3d\x2c\xdc\x75\xfe\x78\x3a\x83\x2b\x69\x55\xd4\
\xee\x6b\x4c\x3f\x50\x00\x00\x00\x00\x60\x78\xa6\xaf\xe9\xfb\xdd\
\x5d\x2f\xff\xf0\x2f\xa7\x73\xb8\x92\xd4\xa3\x4b\x9e\xf9\x37\x26\
\xd4\xef\xff\xb0\x62\x69\x5b\xf4\x40\x01\x00\x00\x00\x80\xa1\x1b\
\x5f\xdf\x19\x1e\x7b\xee\xc5\xc6\x74\x16\x57\x92\x7a\x74\x69\xdb\
\x94\x6f\xdc\xe5\x41\x02\x00\x00\x00\x00\xc3\x37\x6b\x63\xff\xbb\
\xe9\x2c\xae\x24\x35\x6e\xd9\xbe\x97\xd3\x0f\x0e\x00\x00\x00\x00\
\x78\x38\x95\xcb\x3a\x7f\xde\x74\xe4\xad\xff\x2e\x9d\xc7\x8d\x69\
\x7d\x7d\xc9\x9e\xff\xb6\x62\x69\xdb\x4f\xd3\x0f\x0e\x00\x00\x00\
\x00\x78\x78\xf3\x77\x9c\xe9\x4f\x67\x72\x63\x5a\x8f\x2e\xdd\x5b\
\x9f\x7e\x50\x00\x00\x00\x00\xc0\xc8\x98\xbe\xe6\xe8\x6f\xef\x79\
\x21\xfc\x46\x3a\x97\x1b\x93\xfa\xda\xa2\x83\xff\x4a\x65\x7d\xe7\
\x7b\xe9\x07\x05\x00\x00\x00\x00\x8c\x8c\x09\xcb\x3b\xc3\x92\x7d\
\xd7\x17\xa7\xb3\xb9\x31\xa9\x8a\xa5\xcf\xff\x2f\xe9\x07\x04\x00\
\x00\x00\x00\x8c\xac\x39\x9b\x4f\x7e\x2b\x9d\xcd\x8d\x49\x8d\x5f\
\x7e\x60\x5f\xfa\xc1\x00\x00\x00\x00\x00\x23\x6b\xea\xea\xde\x3f\
\x6b\x3c\xf5\xad\xff\x26\x9d\xcf\x8d\x6a\x7d\x6d\xe9\xde\x7f\xbb\
\x72\x59\xc7\x67\xe9\x07\x03\x00\x00\x00\x00\x8c\xac\xca\x65\x1d\
\xe1\x89\xe7\x2e\x3d\x97\xce\xe8\x46\xb5\x1e\x5d\xdc\x56\x55\x71\
\x97\x07\x03\x00\x00\x00\x00\x8c\xbc\x59\x1b\xfa\x3f\x4e\x67\x74\
\xa3\x5a\xe3\xeb\xf7\x0f\xa4\x1f\x04\x00\x00\x00\x00\x30\x3a\x26\
\xad\x3a\xf4\xf3\xc6\xbe\xb7\x7e\x33\x9d\xd3\x8d\x4a\x7d\xed\xa9\
\xe7\xff\xb3\x8a\xda\xb6\x3f\x4a\x3f\x08\x00\x00\x00\x00\x60\x74\
\x54\xd4\xb4\x85\xf9\xbb\x2f\x1c\x4e\x67\x75\xa3\x52\x5f\x5f\xfa\
\xfc\xb4\x47\x6b\xda\xa2\x07\x01\x00\x00\x00\x00\x8c\x9e\x19\xeb\
\x8e\x7e\x9a\xce\xea\x46\xa5\x2a\xeb\x3b\x2e\xa6\x7f\x39\x00\x00\
\x00\x00\x30\xba\xaa\x56\x76\xfd\x62\xc5\x91\x37\xfe\xe7\x74\x5e\
\x37\xa2\x55\xb9\xe4\xb9\xff\x64\x5c\x4d\xdb\x4f\xd2\xbf\x1c\x00\
\x00\x00\x00\x18\x5d\xc9\x65\xc0\x0b\x9f\x7d\xa1\x37\x9d\xd9\x8d\
\x68\x3d\xba\x74\xcf\xcc\x47\x6b\xe2\x5f\x0e\x00\x00\x00\x00\x8c\
\xbe\x19\xeb\xfb\x7f\x94\xce\xec\x46\xb4\xc6\x2f\xdf\x7f\x2e\xfd\
\x4b\x01\x00\x00\x00\x80\xb1\x31\xa9\xe9\xd0\x2f\xea\xfb\x5e\xff\
\x67\xe9\xdc\x6e\x44\xea\x1b\x35\x7b\xff\xbd\x8a\xda\xf6\x3f\x4c\
\xff\x52\x00\x00\x00\x00\x60\x6c\x8c\xab\x6d\x0f\x8f\x3f\x33\x4a\
\x97\x01\x7f\x7d\xf1\xde\xc9\x15\x2e\xff\x05\x00\x00\x00\x80\x92\
\x9a\xb5\x71\x60\x74\x3e\x0d\x78\xdc\xb2\xf6\x83\xe9\x5f\x06\x00\
\x00\x00\x00\x8c\xad\xc9\x4d\x87\x42\xd3\xb9\x37\xfe\xf3\x74\x7e\
\xf7\x50\x55\xf9\xd4\xee\xbf\x59\x59\xb7\xef\x77\xd2\xbf\x0c\x00\
\x00\x00\x00\x18\x5b\x95\x75\xfb\xc2\x93\xcf\x5f\xde\x97\xce\xf0\
\x1e\xaa\x1e\xad\xd9\x5b\xf1\xe8\x92\xf8\x97\x01\x00\x00\x00\x00\
\x63\x6f\xf6\xa6\x81\x0f\xd2\x19\xde\x43\xd5\xb8\xba\x8e\xce\xf4\
\x2f\x01\x00\x00\x00\x00\x4a\x63\x52\x53\xf7\x4f\xeb\xcf\xbe\xfb\
\x77\xd2\x39\xde\xb0\xea\xb7\xea\x0f\xfd\x4b\xe3\x96\x75\x7c\x3f\
\xfd\x4b\x00\x00\x00\x00\x80\xd2\x18\x5f\xdf\x11\x9e\xde\x7f\x6d\
\x69\x3a\xcb\x1b\x56\x7d\xbd\x66\xef\x3f\x7a\xd4\xa7\xff\x02\x00\
\x00\x00\x40\xa6\xcc\xdf\x71\xe6\x6a\x3a\xcb\x1b\x56\x7d\x63\x69\
\xdb\x93\xe9\x1f\x0e\x00\x00\x00\x00\x94\xd6\xf4\xb5\x47\x7f\x27\
\x9d\xe5\x0d\xab\x26\x2c\xef\x78\x31\xfd\xc3\x01\x00\x00\x00\x80\
\xd2\x9a\xb4\xb2\x2b\x34\x1e\xfd\xe6\xff\x27\x9d\xe7\x0d\xa9\xbe\
\x51\xf3\xfc\xff\x65\x5c\x6d\xdb\x1f\xa6\x7f\x38\x00\x00\x00\x00\
\x50\x5a\x15\x35\xed\xe1\xb1\xe7\x5e\xdc\x9b\xce\xf4\x86\x54\x8f\
\x2e\xd9\xfb\xb5\x47\x97\xc4\x3f\x1c\x00\x00\x00\x00\x28\xbd\x39\
\x9b\x4f\x7e\x27\x9d\xe9\x0d\xa9\x2a\x97\xed\xdf\x91\xfe\xa1\x00\
\x00\x00\x00\x40\x36\x4c\x59\x7d\xf8\x4f\x57\xbf\xf0\xfa\xdf\x4c\
\xe7\x7a\x83\xae\xca\x65\x1d\xef\xa6\x7f\x28\x00\x00\x00\x00\x90\
\x0d\x13\x96\x77\x86\xa5\x7b\xaf\x4c\x4b\xe7\x7a\x83\xaa\xdf\x5a\
\xbc\xf7\xef\x3d\xba\x74\xcf\x2f\xd2\x3f\x14\x00\x00\x00\x00\xc8\
\x8e\x45\xbb\x2f\x9c\x4e\x67\x7b\x83\xaa\x6f\x2c\xdd\x33\x29\xfd\
\xc3\x00\x00\x00\x00\x80\x6c\x99\xb5\xa1\xff\x07\xe9\x6c\x6f\x50\
\x55\x51\xdb\xbe\xf7\x1b\x77\xf9\x81\x00\x00\x00\x00\x40\x76\x4c\
\x6a\xee\xfe\xe9\xda\x17\x7e\xf8\xd7\xd3\xf9\xde\x03\x6b\xdc\xb2\
\xf6\xf7\xd2\x3f\x0c\x00\x00\x00\x00\xc8\x96\x09\xf5\x9d\x61\x79\
\xef\xab\x15\xe9\x7c\xef\xbe\x55\x51\xfb\xfc\xbf\x5f\xb1\xb4\xed\
\xa7\xe9\x1f\x06\x00\x00\x00\x00\x64\xcf\xc2\x67\x2e\x1c\x48\x67\
\x7c\xf7\xad\x47\x97\xec\xfd\x5a\xfa\x87\x00\x00\x00\x00\x00\xd9\
\x34\x67\xf3\xc0\x3b\xe9\x8c\xef\xbe\xf5\x8d\xa5\x7b\x1a\xd3\x3f\
\x04\x00\x00\x00\x00\xc8\xa6\xea\xd5\xbd\x7f\x94\xce\xf8\xee\x5b\
\x95\xcb\xf7\x5f\xad\xb8\xcb\x0f\x02\x00\x00\x00\x00\xb2\xa7\xaa\
\xf1\x60\x68\x3c\xfe\xda\x3f\x49\xe7\x7c\x77\xad\x71\x8b\xf7\xff\
\xb5\x8a\xba\xf6\xdf\x4b\xff\x10\x00\x00\x00\x00\x20\x9b\xc6\xd5\
\xb6\x87\x27\xf6\x5e\x5b\x9b\xce\xfa\xee\x5a\xdf\xa8\xd9\xf3\x4f\
\xd2\x3f\x00\x00\x00\x00\x00\xc8\xb6\x79\xdb\xce\xdc\x48\x67\x7d\
\x77\xad\x6f\x2c\xd9\xbb\x20\xfd\xcd\x00\x00\x00\x00\x40\xb6\xcd\
\x5c\x77\xfc\x8b\x74\xd6\x77\xd7\x1a\x57\xd3\xd6\xf3\xe8\xd2\x3d\
\xd1\x0f\x00\x00\x00\x00\x00\xb2\x6b\xd2\xca\xae\xb0\xeb\xd8\xcb\
\x7f\x39\x9d\xf7\x45\x35\x61\x59\xc7\x5b\xe9\x6f\x06\x00\x00\x00\
\x00\xb2\x6d\x42\x43\x67\x58\xde\xfd\x7a\x45\x3a\xef\x8b\xaa\xb2\
\xae\xe3\xc7\xe9\x6f\x06\x00\x00\x00\x00\xb2\xad\xb2\x6e\x5f\xa8\
\x3d\xf8\x72\x4b\x3a\xef\xfb\xb5\xfa\xad\xfa\x43\xff\x52\x45\x6d\
\xdb\x4f\xd3\xdf\x0c\x00\x00\x00\x00\x64\x5b\xc5\xd2\xbd\x61\x71\
\xfb\xd5\x81\x74\xe6\xf7\x6b\xf5\x5b\x4f\xb7\xfd\xad\xf4\x37\x02\
\x00\x00\x00\x00\xf9\xb0\xe8\xd9\x17\xde\x4d\x67\x7e\xbf\x56\x8f\
\x2e\x6e\xff\x07\xe9\x6f\x02\x00\x00\x00\x00\xf2\x61\xfe\xf6\xd3\
\xbf\x5f\x5f\x1f\xfe\x62\x3a\xf7\xfb\x65\xcd\x5c\xd3\xfb\x64\xfa\
\x9b\x00\x00\x00\x00\x80\x7c\x98\xbd\xb1\x3f\x34\x1c\x7c\xe3\xbf\
\x4e\xe7\x7e\xbf\xac\xe9\x6b\x8f\x1e\x48\x7f\x13\x00\x00\x00\x00\
\x90\x0f\x33\xd6\x1e\x0d\xcb\x0e\xbd\x32\x2f\x9d\xfb\xfd\xb2\x66\
\xac\x3d\xfa\x52\xfa\x9b\x00\x00\x00\x00\x80\x7c\xa8\x6e\x39\x12\
\x6a\x0f\xde\xda\x95\xce\xfd\x7e\x59\xd3\x5a\x7a\x7f\x90\xfe\x26\
\x00\x00\x00\x00\x20\x1f\xa6\xac\xea\x0e\x4b\xf7\xdf\x78\x21\x9d\
\xfb\xfd\xb2\x26\xaf\xea\xf9\xa3\xf4\x37\x01\x00\x00\x00\x00\xf9\
\x30\xa9\xf1\x60\x78\xba\xfd\xda\x77\xd3\xb9\xdf\xed\x5a\x73\xfa\
\xfd\xbf\x31\x71\xc5\x81\x9f\xa7\xbf\x09\x00\x00\x00\x00\xc8\x87\
\x09\xcb\x3b\xc3\x13\x7b\x5e\xfc\xe3\x24\xeb\x4b\xe7\x7f\x8f\xd4\
\xf7\xbc\xf2\x8f\x2a\xeb\x3b\xa2\x6f\x02\x00\x00\x00\x00\xf2\xa1\
\xb2\x6e\x5f\x78\xec\x99\x17\x42\x63\xef\x9b\xff\x30\x9d\xff\x3d\
\x52\x7b\xe0\xd6\xd3\xe3\x6a\xda\xa3\x6f\x02\x00\x00\x00\x00\xf2\
\xa1\x62\xe9\xde\xb0\x70\xe7\xb9\xb0\xac\xfb\xb5\x45\xe9\xfc\xef\
\x91\x27\x9e\xbf\xdc\x9e\xfe\x06\x00\x00\x00\x00\x20\x5f\xe6\x6d\
\x3b\x13\x96\x76\xdd\xda\x9a\xce\xff\x1e\x59\xb8\xf3\xdc\xe5\xf4\
\x17\x03\x00\x00\x00\x00\xf9\x32\x67\xf3\xc9\xb0\xf4\xc0\xcd\xa3\
\xe9\xfc\xef\x91\x39\x5b\x4e\xbd\x9f\xfe\x62\x00\x00\x00\x00\x20\
\x5f\x66\x6d\xe8\x0f\x8b\xf7\x5d\xbf\x95\xce\xff\x1e\x99\xb5\xb1\
\xff\xb7\xd3\x5f\x0c\x00\x00\x00\x00\xe4\xcb\x8c\xb5\x47\xc3\xd3\
\xed\xd7\x3e\xfc\xb5\xf0\xaf\x3e\x84\xbf\x58\xbd\xa6\xef\xcf\xd2\
\x5f\x0c\x00\x00\x00\x00\xe4\xcb\xb4\x96\xde\xf0\xc4\xf3\x2f\xfe\
\x41\x92\xf9\xfd\x32\x00\x5c\x71\xf0\xf5\xff\x6c\x4a\xf3\xe1\xe8\
\x8b\x01\x00\x00\x00\x80\x7c\x99\xb2\xaa\x27\x3c\xf6\xcc\xc5\x90\
\x64\x7e\xbf\x0c\x00\x97\xf5\xbe\xf1\x5b\x93\x56\x1e\x8a\xbe\x18\
\x00\x00\x00\x00\xc8\x97\xaa\xc6\x83\xe1\xb1\x67\x5e\x08\x49\xe6\
\xf7\xcb\x00\x70\xe9\xc1\x5b\x35\x13\x1b\x3a\xa3\x2f\x06\x00\x00\
\x00\x00\xf2\x65\xc2\xf2\xce\xdb\x01\x60\x92\xf9\xfd\x32\x00\xac\
\x39\x78\xeb\x99\xca\x65\x1d\xd1\x17\x03\x00\x00\x00\x00\xf9\x52\
\x59\xb7\xef\x76\x00\x98\x64\x7e\xbf\x0c\x00\x9f\x6a\xbf\x76\xae\
\xa2\xa6\x2d\xfa\x62\x00\x00\x00\x00\x20\x7f\x16\xec\x3c\x17\x96\
\x74\xde\x38\xf5\xcb\x00\xf0\xb1\xe7\x2e\x7e\x27\xfd\x45\x00\x00\
\x00\x00\x40\x3e\xcd\xdb\x76\x26\x3c\xdd\x7e\xed\xad\x5f\x06\x80\
\xf3\x77\x9c\xf9\x2c\xfd\x45\x00\x00\x00\x00\x40\x3e\xcd\xd9\x7c\
\x32\x3c\xd5\x7e\xf5\xfb\xbf\x0c\x00\xe7\x6c\x1a\xf8\xc3\xf4\x17\
\x01\x00\x00\x00\x00\xf9\x34\x6b\x43\x7f\x78\x72\xcf\x8b\xbf\xfd\
\xcb\x00\x70\xc6\xba\x63\x3f\x4d\x7f\x11\x00\x00\x00\x00\x90\x4f\
\xd3\xd7\x1e\x0d\x4f\x3c\x77\xe9\x27\xb7\xc3\xbf\x95\x27\x6f\xfd\
\x5b\xd3\x5a\x8e\x44\x5f\x04\x00\x00\x00\x00\xe4\xd3\xb4\x96\xde\
\xdb\x9f\x04\x9c\x64\x7f\x8f\xd4\x77\xbf\xf1\xf7\xa7\xac\xea\x89\
\xbe\x08\x00\x00\x00\x00\xc8\xa7\x24\xef\x4b\x02\xc0\x24\xfb\x7b\
\xa4\xf6\xe0\x2b\xff\xac\xaa\xf1\x60\xf4\x45\x00\x00\x00\x00\x40\
\x3e\x55\x35\x76\xdd\x0e\x00\x93\xec\xef\x91\x65\xdd\xaf\x55\x4f\
\x58\xde\x19\x7d\x11\x00\x00\x00\x00\x90\x4f\x49\xde\x97\x04\x80\
\x49\xf6\xf7\x48\x4d\xd7\xcd\xda\xca\xba\x7d\xd1\x17\x01\x00\x00\
\x00\x00\xf9\x94\xe4\x7d\x49\x00\x98\x64\x7f\x49\x00\xb8\x71\x42\
\x83\x77\x00\x02\x00\x00\x00\x40\x51\x54\xad\xf8\xf2\x12\xe0\x24\
\xfb\x7b\xa4\xe6\xc0\xad\x7d\xb3\x36\x9e\x08\x15\x35\x6d\xd1\x17\
\x02\x00\x00\x00\x00\xf9\x92\xe4\x7c\xb3\x37\x9d\xf8\x32\x00\x3c\
\x70\x6b\xdf\x23\x4b\x3b\x6e\x9e\x48\xfe\x87\x4f\x02\x06\x00\x00\
\x00\x80\xfc\x9b\xd2\xfc\xe5\x27\x00\x27\x92\xec\xef\x91\xc5\x1d\
\xd7\xaf\x26\xff\x63\xce\xe6\x93\xb7\xaf\x0d\x4e\x7f\x03\x00\x00\
\x00\x00\x90\x0f\x95\xcb\x3a\xc2\xdc\x2d\x27\x7f\x19\x00\x26\xd9\
\xdf\x23\x4f\xb5\x5d\xfe\xd6\x9d\xff\x63\x5a\x4b\x6f\xf4\x4d\x00\
\x00\x00\x00\x40\x3e\x24\xf9\xde\x9d\xac\x2f\x91\x64\x7f\x8f\x3c\
\xdd\x7e\xe5\xed\x3b\xff\xc7\xbc\xad\xa7\xc3\xf8\xfa\xfd\xd1\x37\
\x02\x00\x00\x00\x00\xd9\x36\x61\x79\x67\x98\xb7\xed\xcc\xaf\x05\
\x80\x49\xf6\xf7\xc8\xd3\xed\x57\xdf\xfb\xea\xff\x59\xbd\xa6\x2f\
\xfa\x66\x00\x00\x00\x00\x20\xdb\xa6\xaf\x3d\xfa\x6b\xe1\xdf\x97\
\x01\xe0\xd5\xf7\x1e\x79\xb2\xed\xf2\xf7\xbe\xfa\x7f\x2e\xd8\x71\
\x36\x4c\x6c\x38\x10\xfd\x00\x00\x00\x00\x00\x20\x9b\xaa\x56\x74\
\x85\x05\x3b\xce\x45\x01\x60\x92\xfd\x3d\xf2\x74\xdb\xd5\x8f\xd3\
\xff\x61\xc6\xba\x63\xd1\x0f\x01\x00\x00\x00\x00\xb2\x69\xe6\xfa\
\xe3\x51\xf8\xf7\x65\x00\x78\xe5\xe3\x47\x9e\xda\x7b\xf9\xd3\xf4\
\x7f\x58\xb8\xeb\x7c\x98\xb4\xf2\x60\xf4\x83\x00\x00\x00\x00\x80\
\x6c\x99\xdc\x74\x28\x2c\xda\x75\x21\x0a\xff\x12\x49\xf6\xf7\xc8\
\x93\x7b\x5e\xfc\x22\xfd\x1f\x12\xb3\x36\xf4\x87\x8a\x9a\xb6\xe8\
\x07\x02\x00\x00\x00\x00\xd9\x90\xe4\x77\xb3\x37\x9e\x88\xb2\xbd\
\x3b\x92\xec\xef\x91\x27\xf6\xbc\xf8\x3b\xe9\xff\x70\xc7\x94\x55\
\x3d\xd1\x0f\x05\x00\x00\x00\x00\xb2\x61\x6a\x73\x4f\x94\xe9\x7d\
\x55\x92\xfd\x3d\xf2\xc4\x9e\x4b\x7f\x90\xfe\x0f\x77\xcc\xd9\x7c\
\x32\x54\xd6\xed\x8b\x7e\x30\x00\x00\x00\x00\x50\x5a\x95\x75\x1d\
\x61\xee\x96\x93\x51\xa6\xf7\xeb\x01\xe0\xa5\x3f\x78\xe4\xf1\xe7\
\x2e\xfd\x71\xfa\x3f\x7c\xd5\xb4\xd5\xbd\xd1\x0f\x07\x00\x00\x00\
\x00\x4a\xab\xba\xe5\x48\x94\xe5\xa5\x25\xd9\xdf\x23\x8f\x3f\x7b\
\xf1\x4f\xd3\xff\xe1\xab\xe6\x6d\x3d\x1d\xc6\xd7\xef\x8f\x7e\x01\
\x00\x00\x00\x00\x50\x1a\x13\x96\x77\x86\x79\xdb\xce\x44\x59\x5e\
\x5a\x92\xfd\x3d\xb2\xe8\xd9\x8b\x7f\x9e\xfe\x0f\x69\xd5\x6b\xfa\
\xa2\x5f\x02\x00\x00\x00\x00\x94\xc6\xf4\x35\x7d\x51\x86\x77\x37\
\x49\xf6\xf7\x48\xfa\xff\xbc\x9b\x05\xdb\xcf\x86\x89\x0d\x07\xa2\
\x5f\x04\xc0\xd8\x9b\xb9\xfe\x78\x58\xbc\xef\x5a\x58\x7d\xea\xbd\
\x5f\xda\xf9\xf2\x6f\xdf\x55\xf2\xdf\x92\xaf\xbd\x23\xfd\xb3\x00\
\x00\x00\xc8\x9f\xaa\x15\x5d\x61\xc1\x8e\x73\x51\x86\x77\x2f\x83\
\x0a\x00\x13\x33\xd6\x1d\x8b\x7e\x19\x00\xa3\x2b\x09\xfb\x12\x0f\
\x0a\xfa\x86\x4a\x20\x08\x00\x00\x90\x5f\x33\xd6\x1f\x8f\xb2\xbb\
\xfb\x19\x74\x00\xb8\x68\xd7\xf9\x30\x69\xe5\xa1\xe8\x17\x02\x30\
\x32\x46\x2b\xec\x7b\x10\x41\x20\x00\x00\x40\x7e\x4c\x6e\x3a\x14\
\x16\xed\xba\x10\x65\x77\xf7\x33\xe8\x00\x30\x31\x6b\x43\x7f\xa8\
\x58\xda\x16\xfd\x62\x00\x86\xe6\x4e\xd8\x77\xe7\x52\xde\x74\x28\
\x57\x0a\xde\x15\x08\x00\x00\x90\x6d\x15\x35\x6d\x61\xd6\xc6\x13\
\x51\x66\xf7\x20\x43\x0a\x00\x13\x53\x56\xf5\x44\xbf\x1c\x80\xfb\
\xcb\x5a\xd8\x77\x3f\x77\xee\x1b\x98\xfe\x1b\x00\x00\x00\x28\xad\
\x29\xcd\x3d\x51\x56\x37\x18\x43\x0e\x00\xe7\x6c\x3e\x19\x2a\xeb\
\xda\xa3\x07\x00\xc0\x97\x4a\x75\x29\xef\x68\x10\x04\x02\x00\x00\
\x64\x43\x65\xdd\xbe\x30\x67\xcb\xc9\x28\xab\x1b\x8c\x21\x07\x80\
\x89\xa9\xab\x7b\xa3\x07\x01\x50\x8e\x8a\x14\xf6\xdd\x8f\x20\x10\
\x00\x00\xa0\xb4\xa6\xb5\xf4\x46\x19\xdd\x60\x0d\x2b\x00\x9c\xb7\
\xf5\x74\x18\x5f\xbf\x3f\x7a\x20\x00\x45\x56\x2e\x61\xdf\xfd\xb8\
\x4f\x20\x00\x00\xc0\xd8\x9b\x50\xdf\x19\xe6\x6d\x3b\x1d\x65\x74\
\x83\x35\xac\x00\x30\x51\xbd\xa6\x2f\x7a\x30\x00\x45\x92\xa7\xfb\
\xf6\x8d\x35\x41\x20\x00\x00\xc0\xd8\x99\xbe\xa6\x2f\xca\xe6\x86\
\x62\xd8\x01\xe0\x82\xed\x67\xc2\xc4\x86\x03\xd1\x03\x02\xc8\xab\
\x72\x7f\x77\xdf\x70\x09\x02\x01\x00\x00\x46\x4f\xd5\x8a\xae\xb0\
\x60\xc7\xb9\x28\x9b\x1b\x8a\x61\x07\x80\x89\x19\xeb\x8e\x45\x0f\
\x0a\x20\x8f\x84\x7e\x0f\x4f\x10\x08\x00\x00\x30\xf2\x66\xae\x3b\
\x16\x65\x72\x43\xf5\x50\x01\xe0\xc2\x9d\xe7\xc3\xa4\xc6\x83\xd1\
\x03\x03\xc8\x8b\xe4\x5d\x7f\xe9\x20\x8b\x87\x23\x08\x04\x00\x00\
\x18\x19\x93\x56\x1e\x0a\x8b\x76\x5d\x88\x32\xb9\xa1\x7a\xa8\x00\
\x30\x31\x6b\x43\x7f\xf4\xe0\x00\xf2\xc2\x3b\xff\x46\x8f\xfb\x04\
\x02\x00\x00\x0c\x5f\x45\x4d\x5b\x98\xbd\xf1\x44\x94\xc5\x0d\xc7\
\x43\x07\x80\x89\xc9\x4d\xdd\xd1\x83\x04\xc8\xba\x24\x9c\x4a\x87\
\x56\x8c\x0e\x41\x20\x00\x00\xc0\xd0\x4c\x69\xee\x89\x32\xb8\xe1\
\x1a\x91\x00\x70\xce\xa6\x81\x30\xae\xb6\x3d\x7a\xa0\x00\x59\x96\
\x0e\xa9\x18\x7d\x82\x40\x00\x00\x80\x07\xab\xac\xdb\x17\xe6\x6c\
\x3e\x19\x65\x70\xc3\x35\x22\x01\x60\x62\xea\xea\xc3\xd1\x83\x05\
\xc8\x2a\xef\xfe\x2b\x2d\x41\x20\x00\x00\xc0\xbd\x4d\x6b\xe9\x8d\
\xb2\xb7\x87\x31\x62\x01\xe0\xdc\xad\xa7\xc2\xf8\xfa\x8e\xe8\x01\
\x03\x64\x91\x00\x30\x1b\xdc\x27\x10\x00\x00\xe0\xd7\x4d\xa8\xdf\
\x1f\xe6\x6d\x3b\x1d\x65\x6f\x0f\x63\xc4\x02\xc0\x44\x75\x6b\x5f\
\xf4\xa0\x01\xb2\xc8\x87\x7f\x64\x8b\x20\x10\x00\x00\xe0\x4b\xd3\
\xd7\xf4\x45\x99\xdb\xc3\x1a\xd1\x00\x70\xfe\xf6\x33\x61\x62\xc3\
\x81\xe8\x81\x03\x64\x8d\x00\x30\xbb\x04\x81\x00\x00\x40\xb9\x9a\
\xb8\xa2\x2b\x2c\xd8\x71\x36\xca\xdc\x1e\xd6\x88\x06\x80\x89\x19\
\xeb\x8e\x45\x0f\x1e\x20\x6b\x5c\x02\x9c\x7d\x82\x40\x00\x00\xa0\
\xdc\x24\xb9\x5a\x3a\x6b\x1b\x09\x23\x1e\x00\x2e\xdc\x79\x3e\x54\
\x35\x1e\x8c\xfe\x00\x80\x2c\x99\xb9\xfe\x78\x14\x38\x91\x4d\x82\
\x40\x00\x00\xa0\x1c\x4c\x5a\x79\x30\x2c\xda\x75\x3e\xca\xda\x46\
\xc2\x88\x07\x80\x89\x59\x1b\xfa\x43\xc5\x5d\xfe\x10\x80\x2c\x71\
\x19\x70\xbe\xb8\x4f\x20\x00\x00\x50\x54\x15\x35\x6d\x61\xd6\xc6\
\xfe\x28\x63\x1b\x29\xa3\x12\x00\x26\x26\xaf\xea\x8e\xfe\x18\x80\
\x2c\xf1\x2e\xc0\xfc\x12\x04\x02\x00\x00\x45\x32\xa5\xb9\x27\xca\
\xd6\x46\xd2\xa8\x05\x80\x73\x36\x0d\x84\x71\xb5\xed\xd1\x1f\x04\
\x90\x25\xee\x05\x98\x6f\x82\x40\x00\x00\x20\xef\x2a\xeb\xf6\x85\
\x39\x9b\x4f\x46\xd9\xda\x48\x1a\xb5\x00\x30\x31\x75\xf5\xe1\xe8\
\x8f\x02\xc8\x1a\x21\x60\xfe\x09\x02\x01\x00\x80\xbc\x9a\xd6\xd2\
\x1b\x65\x6a\x23\x6d\x54\x03\xc0\x79\x5b\x4f\x85\xf1\xf5\x1d\xd1\
\x1f\x06\x90\x35\x42\xc0\x62\x70\x9f\x40\x00\x00\x20\x4f\x26\xd4\
\xef\x0f\xf3\xb6\x9e\x8e\x32\xb5\x91\x36\xaa\x01\x60\xa2\xba\xb5\
\x2f\xfa\xe3\x00\xb2\x48\x08\x58\x1c\x82\x40\x00\x00\x20\x0f\xaa\
\xd7\xf4\x45\x59\xda\x68\x18\xf5\x00\x70\xc1\xf6\xb3\x61\x62\xc3\
\x81\xe8\x0f\x04\xc8\x22\x1f\x0c\x52\x3c\x82\x40\x00\x00\x20\x8b\
\x92\xbc\x6c\xc1\x8e\xb3\x51\x96\x36\x1a\x46\x3d\x00\x4c\xcc\x58\
\x77\x2c\xfa\x23\x01\xb2\x6c\xf5\xa9\xf7\xa2\x20\x89\x7c\x13\x04\
\x02\x00\x00\x59\x92\xe4\x65\xe9\x0c\x6d\xb4\x8c\x49\x00\xb8\x70\
\xd7\xf9\x30\xa9\xf1\x60\xf4\x87\x02\x64\x99\x4b\x82\x8b\x29\x79\
\x5d\x93\x77\x7a\xa6\x5f\x6f\x00\x00\x80\xb1\x32\x69\xe5\xc1\xb0\
\x68\xd7\xf9\x28\x43\x1b\x2d\x63\x12\x00\x26\x66\x6d\xe8\x8f\xfe\
\x58\x80\xac\x13\x02\x16\x97\xfb\x04\x02\x00\x00\xa5\x50\x51\xd3\
\x76\x3b\x27\x4b\x67\x67\xa3\x69\xcc\x02\xc0\xc4\xe4\x55\xdd\xd1\
\x1f\x0d\x90\x75\x42\xc0\xe2\x13\x04\x02\x00\x00\x63\x65\xca\xaa\
\x9e\x28\x33\x1b\x6d\x63\x1a\x00\xce\xde\x34\x10\xc6\xd5\xb6\x47\
\x7f\x38\x40\xd6\xf9\x70\x90\xf2\x20\x08\x04\x00\x00\x46\x53\x65\
\xdd\xbe\x30\x67\xf3\xc9\x28\x33\x1b\x6d\x63\x1a\x00\x26\xa6\x36\
\x1f\x8e\xfe\x78\x80\xbc\xf0\xe1\x20\xe5\x41\x10\x08\x00\x00\x8c\
\x86\x69\x2d\xbd\x51\x56\x36\x16\xc6\x3c\x00\x9c\xbb\xe5\x54\x18\
\xbf\xac\x23\x7a\x02\x00\xf2\xc2\x25\xc1\xe5\xc3\x7d\x02\x01\x00\
\x80\x91\x32\xbe\x7e\x7f\x98\xb7\xf5\x74\x94\x95\x8d\x85\x31\x0f\
\x00\x13\xd5\xad\x47\xa2\x27\x01\x20\x4f\x84\x80\xe5\x45\x10\x08\
\x00\x00\x3c\xac\xea\x35\x7d\x51\x46\x36\x56\x4a\x12\x00\xce\xdf\
\x7e\x26\x4c\x5c\xde\x19\x3d\x11\x00\x79\x22\x04\x2c\x4f\x82\x40\
\x00\x00\x60\xa8\x26\x36\x1c\x08\xf3\x77\x9c\x89\x32\xb2\xb1\x52\
\x92\x00\x30\x31\x63\xed\xd1\xe8\xc9\x00\xc8\x1b\x1f\x0e\x52\xbe\
\x04\x81\x00\x00\xc0\x60\xcd\x58\x77\x2c\xca\xc6\xc6\x52\xc9\x02\
\xc0\x85\x3b\xcf\x85\xaa\xc6\xae\xe8\x09\x01\xc8\x23\x1f\x0e\x52\
\xbe\x92\x20\x30\x09\x82\xd3\xc7\x04\x00\x00\x40\x62\xd2\xca\x83\
\x61\xe1\xae\xf3\x51\x36\x36\x96\x4a\x16\x00\x26\x66\x6d\xe8\x8f\
\x9e\x14\x80\xbc\x72\x49\x70\x79\x73\x9f\x40\x00\x00\x20\xad\x62\
\xe9\xde\xdb\xf9\x57\x3a\x13\x1b\x6b\x25\x0d\x00\x1f\xdb\x7d\x21\
\x4c\x6e\xea\x8e\x9e\x1c\x80\xbc\x12\x02\x92\x10\x04\x02\x00\x00\
\x89\x29\xab\xba\xe3\x3c\xac\x04\x4a\x1b\x00\x3e\xf3\x42\x98\xbd\
\x69\x20\x8c\xab\x6d\x8f\x9e\x20\x80\xbc\x12\x02\x72\x87\x20\x10\
\x00\x00\xca\x57\x65\xdd\xbe\x30\x67\xd3\x40\x94\x85\x95\x42\xc9\
\x03\xc0\xc4\xd4\xd5\x87\xa3\x27\x09\x20\xcf\x7c\x38\x08\x5f\x25\
\x08\x04\x00\x80\xf2\x33\x75\x75\x6f\x94\x81\x95\x4a\x26\x02\xc0\
\xb9\x5b\x4e\x85\xca\x65\x1d\xd1\x13\x05\x90\x77\x3e\x1c\x84\xaf\
\x72\x9f\x40\x00\x00\x28\x0f\xe3\xeb\xf7\x87\x79\x5b\x4f\x47\x19\
\x58\xa9\x64\x22\x00\x4c\x54\xb7\x1e\x89\x9e\x2c\x80\x22\x70\x49\
\x30\x69\x82\x40\x00\x00\x28\xb6\xea\x35\x7d\x51\xf6\x55\x4a\x99\
\x09\x00\xe7\x6f\x3f\x13\x26\x34\x74\x46\x4f\x18\x40\x11\x08\x01\
\xb9\x17\x41\x20\x00\x00\x14\xcb\xc4\x86\x03\x61\xc1\xf6\x33\x51\
\xf6\x55\x4a\x99\x09\x00\x13\x33\xd6\x1e\x8d\x9e\x34\x80\xa2\x10\
\x02\x72\x3f\x82\x40\x00\x00\x28\x86\x19\xeb\x8e\x45\x99\x57\xa9\
\x65\x2a\x00\x5c\xb0\xf3\x5c\xa8\x6a\xec\x8a\x9e\x38\x80\xa2\xf0\
\xe1\x20\x3c\x48\x12\x04\x26\xc7\x49\xfa\xd8\x01\x00\x00\xb2\x6f\
\x52\xe3\xc1\xb0\x70\xd7\xf9\x28\xf3\x2a\xb5\x4c\x05\x80\x89\x99\
\x1b\xfa\xa3\x27\x0f\xa0\x68\x7c\x38\x08\x0f\xe2\x3e\x81\x00\x00\
\x90\x3f\xb3\x36\xf4\x47\x59\x57\x16\x64\x2e\x00\x5c\xf4\xcc\x85\
\x30\xb9\xa9\x3b\x7a\x02\x01\x8a\xc6\x25\xc1\x0c\x96\x20\x10\x00\
\x00\xb2\x6f\xf2\xaa\xee\x28\xe7\xca\x8a\xcc\x05\x80\x89\xd9\x9b\
\x06\xc2\xb8\xda\xf6\xe8\x89\x04\x28\x1a\x21\x20\x43\x21\x08\x04\
\x00\x80\x6c\x1a\x57\xb7\x2f\xcc\xd9\x34\x10\x65\x5c\x59\x91\xc9\
\x00\x30\x31\xb5\xf9\x70\xf4\x64\x02\x14\x91\x10\x90\xa1\x12\x04\
\x02\x00\x40\xb6\x4c\x5d\x7d\x38\xca\xb6\xb2\x24\xb3\x01\xe0\xdc\
\x2d\xa7\xc2\xf8\x65\x1d\xd1\x13\x0a\x50\x44\x3e\x1c\x84\xe1\x70\
\x9f\x40\x00\x00\x28\xbd\xf1\xf5\x1d\x61\xee\xd6\x53\x51\xb6\x95\
\x25\x99\x0d\x00\x13\xd5\xad\x47\xa2\x27\x15\xa0\xc8\x7c\x38\x08\
\xc3\x91\x1c\x37\x82\x40\x00\x00\x28\x8d\x24\xbf\x4a\x67\x5a\x59\
\x93\xe9\x00\x70\xfe\xb6\x33\x61\x42\x43\x67\xf4\xc4\x02\x14\x99\
\x4b\x82\x79\x18\x82\x40\x00\x00\x18\x3b\x13\x1b\x3a\xc3\xfc\xed\
\x67\xa2\x4c\x2b\x6b\x32\x1d\x00\x26\x66\xac\x3d\x1a\x3d\xb9\x00\
\x45\x27\x04\xe4\x61\x09\x02\x01\x00\x60\xf4\xcd\x58\x77\x2c\xca\
\xb2\xb2\x28\xf3\x01\xe0\xc2\x9d\xe7\x42\xd5\x8a\xae\xe8\x09\x06\
\x28\x3a\x21\x20\x23\x21\x39\x8e\x92\x7b\x4c\xa6\x8f\x2f\x00\x00\
\xe0\xe1\x4c\x6a\x3c\x18\x16\xee\x3a\x17\x65\x59\x59\x94\xf9\x00\
\x30\x61\x70\x01\xca\x95\x0f\x07\x61\xa4\xf8\xc0\x10\x00\x00\x18\
\x59\xb3\x36\xf4\x47\x19\x56\x56\xe5\x22\x00\x5c\xb4\xfb\x42\x98\
\xdc\x74\x28\x7a\xa2\x01\xca\x85\x0f\x07\x61\x24\x09\x02\x01\x00\
\xe0\xe1\x4c\x6e\xea\x8e\xf2\xab\x2c\xcb\x45\x00\x98\x98\xbd\x69\
\x20\x54\xd4\xb4\x47\x4f\x38\x40\xb9\x70\x49\x30\x23\x4d\x10\x08\
\x00\x00\x43\x37\xae\xb6\xfd\x76\x4e\x95\xce\xae\xb2\x2c\x37\x01\
\x60\x62\x6a\xf3\xe1\xe8\x49\x07\x28\x27\x42\x40\x46\x83\x20\x10\
\x00\x00\x06\x6f\xea\xea\xc3\x51\x66\x95\x75\xb9\x0a\x00\xe7\x6e\
\x39\x19\x2a\x97\x75\x44\x4f\x3c\x40\x39\x11\x02\x32\x5a\xdc\x27\
\x10\x00\x00\xee\x6f\x7c\x7d\x47\x98\xbb\xe5\x54\x94\x59\x65\x5d\
\xae\x02\xc0\x44\x75\x6b\x6f\xf4\xe4\x03\x94\x1b\x1f\x0e\xc2\x68\
\x4a\xee\x39\x29\x08\x04\x00\x80\x58\x75\xeb\x91\x28\xab\xca\x83\
\xdc\x05\x80\xf3\xb6\x9d\x09\x13\x96\x77\x46\x2f\x00\x40\x39\xf2\
\xe1\x20\x8c\x36\x41\x20\x00\x00\x7c\x69\x42\x43\x67\x98\xbf\xfd\
\x4c\x94\x55\xe5\x41\xee\x02\xc0\xc4\xf4\xb5\x47\xa3\x17\x01\xa0\
\x5c\xb9\x24\x98\xb1\x20\x08\x04\x00\xa0\xdc\xcd\x58\x77\x2c\xca\
\xa8\xf2\x22\x97\x01\xe0\x82\x1d\xe7\x42\x55\x63\x57\xf4\x42\x00\
\x94\x2b\x21\x20\x63\xc5\x7d\x02\x01\x00\x28\x47\x55\x8d\x07\xc3\
\xc2\x9d\xe7\xa2\x8c\x2a\x2f\x72\x19\x00\x26\x92\xfb\x5f\xa5\x5f\
\x0c\x80\x72\x26\x04\x64\x2c\x09\x02\x01\x00\x28\x27\xb3\x36\xf4\
\x47\xd9\x54\x9e\xe4\x36\x00\x5c\xb4\xfb\x42\x98\xdc\x74\x28\x7a\
\x41\x00\xca\x99\x0f\x07\xa1\x14\x04\x81\x00\x00\x14\xd9\xe4\xa6\
\xee\xb0\xe8\x2e\xd9\x54\x9e\xe4\x36\x00\x4c\xcc\xde\x34\x10\x2a\
\x6a\xda\xa2\x17\x06\xa0\xdc\xf9\x70\x10\x4a\x41\x10\x08\x00\x40\
\xd1\x8c\xab\x6d\xbf\x9d\x3f\xa5\x33\xa9\xbc\xc9\x75\x00\x98\x98\
\xd2\xdc\x13\xbd\x38\x00\xb8\x24\x98\xd2\x11\x04\x02\x00\x50\x14\
\x53\x57\x1f\x8e\xb2\xa8\x3c\xca\x7d\x00\x38\x77\xcb\xc9\x50\xb9\
\xac\x23\x7a\x81\x00\x10\x02\x52\x5a\xee\x13\x08\x00\x40\x9e\x25\
\x79\xd3\xdc\x2d\xa7\xa2\x2c\x2a\x8f\x72\x1f\x00\x26\xa6\xb5\xf4\
\x46\x2f\x12\x00\x5f\x12\x02\x52\x6a\xc9\x25\xe9\x82\x40\x00\x00\
\xf2\xa6\xba\xf5\x48\x94\x41\xe5\x55\x21\x02\xc0\x79\xdb\xce\x84\
\x09\xcb\x3b\xa3\x17\x0a\x80\x2f\xf9\x70\x10\xb2\x42\x10\x08\x00\
\x40\x1e\x4c\x68\xe8\x0c\xf3\xb7\x9f\x89\x32\xa8\xbc\x2a\x44\x00\
\x98\x98\xbe\xf6\x68\xf4\x62\x01\xf0\xeb\x7c\x38\x08\x59\x21\x08\
\x04\x00\x20\xcb\x66\xac\x3d\x1a\x65\x4f\x79\x56\x98\x00\x70\xc1\
\x8e\x73\xa1\xaa\xb1\x2b\x7a\xc1\x00\xf8\x75\x2e\x09\x26\x4b\xdc\
\x27\x10\x00\x80\xac\x49\xf2\xa5\x05\x3b\xcf\x45\xd9\x53\x9e\x15\
\x26\x00\x4c\x24\x97\xb8\xa5\x5f\x34\x00\x62\x42\x40\xb2\x46\x10\
\x08\x00\x40\x56\xcc\xdc\xd0\x1f\x65\x4e\x79\x57\xa8\x00\x70\xd1\
\xee\x0b\x61\x72\xd3\xa1\xe8\x85\x03\x20\x26\x04\x24\xab\x04\x81\
\x00\x00\x94\xca\xe4\xa6\xee\xdb\xf9\x52\x3a\x73\xca\xbb\x42\x05\
\x80\x89\xd9\x1b\x4f\x84\x8a\x9a\xb6\xe8\x05\x04\x20\xe6\xc3\x41\
\xc8\x32\x41\x20\x00\x00\x63\x69\x5c\x6d\x7b\x98\xbd\x69\x20\xca\
\x9a\x8a\xa0\x70\x01\x60\x62\x6a\x73\x4f\xf4\x22\x02\x70\x6f\x3e\
\x1c\x84\x2c\x13\x04\x02\x00\x30\x16\xa6\x36\x1f\x8e\x32\xa6\xa2\
\x28\x64\x00\x38\x77\xcb\xc9\x50\x59\xd7\x11\xbd\x90\x00\xdc\x9b\
\x4b\x82\xc9\x3a\xf7\x09\x04\x00\x60\xb4\x8c\x5f\xd6\x11\xe6\x6e\
\x39\x15\x65\x4c\x45\x51\xc8\x00\x30\x31\xad\xa5\x37\x7a\x31\x01\
\xb8\x3f\x21\x20\x79\x90\xbc\x63\x55\x10\x08\x00\xc0\x48\xaa\x6e\
\x3d\x12\x65\x4b\x45\x52\xd8\x00\x70\xde\xb6\xd3\x61\xc2\xf2\xce\
\xe8\x05\x05\xe0\xfe\x84\x80\xe4\x89\x20\x10\x00\x80\x87\x35\xa1\
\xa1\x33\xcc\xdf\x76\x26\xca\x96\x8a\xa4\xb0\x01\x60\x62\xfa\x9a\
\xbe\xe8\x45\x05\xe0\xc1\x7c\x38\x08\x79\x23\x08\x04\x00\x60\xb8\
\x66\xac\x3d\x1a\x65\x4a\x45\x53\xe8\x00\x70\xc1\x8e\x73\xa1\x6a\
\x45\x57\xf4\xc2\x02\x30\x38\x3e\x1c\x84\xbc\x71\x9f\x40\x00\x00\
\x86\xa2\xaa\xb1\x2b\x2c\xdc\x79\x2e\xca\x94\x8a\xa6\xd0\x01\x60\
\x62\xc6\xfa\xe3\xd1\x8b\x0b\xc0\xe0\xb9\x24\x98\x3c\x12\x04\x02\
\x00\x30\x18\x33\x37\xf4\x47\x59\x52\x11\x15\x3e\x00\x5c\xb4\xeb\
\x42\x98\xdc\x74\x28\x7a\x81\x01\x18\x3c\x21\x20\x79\x26\x08\x04\
\x00\xe0\x6e\x26\x37\x75\x87\xc7\x76\x5f\x88\xb2\xa4\x22\x2a\x7c\
\x00\x98\x98\xb5\xf1\x44\xa8\xa8\x69\x8b\x5e\x68\x00\x06\x4f\x08\
\x48\xde\x09\x02\x01\x00\xb8\xa3\xa2\xa6\x3d\xcc\xde\x34\x10\x65\
\x48\x45\x55\x16\x01\x60\x62\x4a\x73\x4f\xf4\x62\x03\x30\x34\x3e\
\x1c\x84\x22\x10\x04\x02\x00\x30\xb5\xb9\x27\xca\x8e\x8a\xac\x6c\
\x02\xc0\x39\x5b\x4e\x86\xca\xba\x7d\xd1\x0b\x0e\xc0\xd0\xf9\x70\
\x10\x8a\xc0\x7d\x02\x01\x18\x09\xc9\x3f\x90\xde\x4f\xb2\xd7\xa4\
\xff\xbf\x3b\xd2\x3f\x0b\x18\x1b\x95\xcb\x3a\xc2\xdc\x2d\x27\xa3\
\xec\xa8\xc8\xca\x26\x00\x4c\x4c\x6b\xe9\x8d\x5e\x74\x00\x86\xc7\
\x25\xc1\x14\x89\x20\x10\x80\xfb\xb9\x13\xd8\x25\xff\x08\x7a\x47\
\x7a\x2f\x19\x09\x5f\xfd\xf9\x77\xfe\xa1\xea\xab\x01\x62\xfa\x71\
\x01\xc3\x53\xdd\xd2\x1b\x65\x46\x45\x57\x56\x01\xe0\xbc\x6d\xa7\
\xc3\x84\xfa\xce\xe8\x85\x07\x60\x78\x84\x80\x14\x8d\x20\x10\x80\
\x74\xd8\x97\xde\x2b\xb2\xe0\x6e\x01\x61\xfa\xef\x00\xee\x6e\xc2\
\xf2\xce\x30\x6f\xdb\x99\x28\x33\x2a\xba\xb2\x0a\x00\x13\xd3\xd7\
\xf4\x45\x2f\x3e\x00\xc3\x27\x04\xa4\x88\x04\x81\x00\xe5\x21\x0f\
\x61\xdf\x50\x7d\x35\x1c\x14\x0c\x42\x6c\xfa\xda\xa3\x51\x56\x54\
\x0e\xca\x2e\x00\x5c\xb0\xe3\x5c\xa8\x5a\xd1\x15\x1d\x00\x00\x0c\
\x5f\xd2\x5c\xa6\x9b\x4f\x28\x82\x3b\x03\x54\xfa\x98\x07\x20\x9f\
\x92\x9e\x25\x59\xd7\x8b\x12\xf6\x0d\xc5\x57\xdf\x31\x98\x7e\x5e\
\xa0\x5c\x54\x35\x76\xdd\xce\x85\xd2\x59\x51\x39\x28\xbb\x00\x30\
\x31\x73\xdd\xb1\xe8\x20\x00\xe0\xe1\x95\x63\x33\x4d\x79\x30\x30\
\x01\xe4\xcf\x57\xc3\x3e\x3d\xca\xdd\xdd\x79\xb7\xa0\x77\x0a\x52\
\x2e\x92\x63\x3d\x9d\x11\x95\x8b\xb2\x0c\x00\x17\xed\xba\x10\x26\
\xad\x3c\x14\x1d\x08\x00\x3c\x3c\x97\x04\x53\x74\x82\x40\x80\xec\
\x29\xe2\xa5\xbc\xa5\xe2\xf2\x61\x8a\x6a\x72\xd3\xa1\xb0\x68\xf7\
\x85\x28\x23\x2a\x17\x65\x19\x00\x26\x66\x6f\x3c\x11\x2a\x6a\xda\
\xa2\x03\x02\x80\x87\x27\x04\xa4\x1c\x08\x02\x01\x4a\x43\xd8\x37\
\xb6\x04\x82\x14\x41\x45\x4d\x7b\x98\xbd\x69\x20\xca\x86\xca\x49\
\xd9\x06\x80\x89\x29\xcd\x3d\xd1\x41\x01\xc0\xc8\x10\x02\x52\x2e\
\x04\x81\x00\xa3\xe7\x4e\xd8\x77\xe7\x52\xde\xf4\x1a\xcc\xd8\x73\
\xd9\x30\x79\x94\xe4\x3f\xe9\x4c\xa8\xdc\x94\x75\x00\x38\x67\xf3\
\xc9\x50\x59\xb7\x2f\x3a\x30\x00\x18\x19\x3e\x1c\x84\x72\xe2\x3e\
\x81\x00\x0f\xcf\x7d\xfb\xf2\xc7\xfe\x47\xd6\x55\x2e\xeb\x08\x73\
\xb7\x9c\x8c\x32\xa1\x72\x53\xd6\x01\x60\x62\x5a\x4b\x6f\x74\x70\
\x00\x30\xb2\x34\xf0\x94\x1b\x83\x10\xc0\x83\xb9\x94\xb7\x98\xbc\
\x3b\x90\xac\x49\x72\x9f\x74\x16\x54\x8e\xca\x3e\x00\x9c\xb7\xed\
\x74\x98\x50\xdf\x19\x1d\x20\x00\x8c\x2c\x97\x04\x53\x8e\x04\x81\
\x00\x5f\x12\xf6\x95\x27\xef\x0e\xa4\xd4\x26\x2c\xef\x0c\xf3\xb6\
\x9d\x89\xb2\xa0\x72\x54\xf6\x01\x60\x62\xfa\x9a\xbe\xe8\x20\x01\
\x60\xe4\x09\x01\x29\x57\x86\x1f\xa0\x9c\xb8\x6f\x1f\x77\x73\xe7\
\xde\x81\xe9\xe3\x05\x46\xd3\xf4\xb5\x47\xa3\x0c\xa8\x5c\x09\x00\
\x9f\x79\x21\x2c\xd8\x71\x36\x54\xad\xe8\x8a\x0e\x14\x00\x46\x9e\
\x10\x90\x72\xe6\x9d\x10\x40\x11\x09\xfb\x18\x2a\x61\x20\x63\xa1\
\xaa\xb1\x2b\x2c\xd8\x71\x2e\xca\x80\xca\x95\x00\xf0\x5f\x98\xb1\
\xee\x58\x74\xb0\x00\x30\x3a\x7c\x38\x08\xe5\x4e\x10\x08\xe4\x95\
\x4b\x79\x19\x69\xc2\x40\x46\x4b\xb2\x56\xa5\xb3\x9f\x72\x26\x00\
\xfc\x17\x16\xed\xba\x10\x26\xaf\x3c\x14\x1d\x30\x00\x8c\x1e\x83\
\x03\xb8\x3c\x18\xc8\x2e\x61\x1f\x63\x4d\x18\xc8\x48\x99\xb4\xf2\
\x50\x58\xb4\xfb\x42\x94\xfd\x94\x33\x01\xe0\x57\xcc\xda\xd0\x1f\
\x2a\x6a\xda\xa2\x03\x07\x80\xd1\xe3\x92\x60\xf8\x92\x81\x07\x28\
\x25\x61\x1f\x59\xe3\xdd\xf2\x0c\x57\x92\xeb\xcc\xde\x78\x22\xca\
\x7c\xca\x9d\x00\x30\x65\xca\xaa\x9e\xe8\xe0\x01\x60\x74\x09\x01\
\xe1\x57\x92\xf3\x21\x19\xc2\xd3\xe7\x09\xc0\x48\x72\xdf\x3e\xf2\
\x44\x10\xc8\x50\x4c\x69\xee\x89\xb2\x1e\x04\x80\x91\x39\x9b\x4f\
\x86\xca\xba\x7d\xd1\x01\x04\xc0\xe8\x12\x02\xc2\xaf\xf3\xce\x07\
\x60\xa4\x78\x77\x1f\x45\xe1\x12\x61\x1e\x24\xc9\x73\xe6\x6c\x39\
\x19\x65\x3d\x08\x00\xef\x6a\x5a\x4b\x6f\x74\x10\x01\x30\xfa\x7c\
\x38\x08\xdc\x9d\x61\x07\x18\x2c\x61\x1f\xe5\xc2\xde\xc8\xdd\x24\
\x79\x4e\x3a\xe3\xe1\x4b\x02\xc0\xbb\x98\xb7\xf5\x74\x18\x5f\xbf\
\x3f\x3a\x90\x00\x18\x1b\x06\x16\xb8\x3b\xc3\x0e\xf0\x55\xc2\x3e\
\xf0\x8e\x79\x7e\x65\xc2\xf2\xce\x30\x6f\xdb\xe9\x28\xe3\xe1\x4b\
\x02\xc0\x7b\xa8\x5e\xd3\x17\x1d\x4c\x00\x8c\x1d\x97\x04\xc3\xbd\
\x19\x74\xa0\x3c\xb9\x6f\x1f\xdc\x9b\xcb\x83\x99\xbe\xa6\x2f\xca\
\x76\xf8\x15\x01\xe0\x3d\x2c\xd8\x71\x36\x4c\x6c\x38\x10\x1d\x50\
\x00\x8c\x1d\x21\x20\xdc\x9f\x77\x3d\x40\x71\x7d\x35\xec\x13\xf8\
\xc1\xd0\xd8\x1b\xcb\x4f\xd5\x8a\xae\xb0\x60\xc7\xb9\x28\xdb\xe1\
\x57\x04\x80\xf7\x31\x63\xdd\xb1\xe8\xa0\x02\x60\x6c\x09\x01\xe1\
\xc1\x04\x81\x90\x6f\x2e\xe5\x85\xd1\x61\x6f\x2c\x1f\x33\xd6\x1f\
\x8f\x32\x1d\x7e\x9d\x00\xf0\x3e\x16\xee\x3a\x1f\x26\xad\x3c\x18\
\x1d\x58\x00\x8c\x2d\x1f\x0e\x02\x83\x67\xd8\x81\x6c\x13\xf6\xc1\
\xd8\xb3\x37\x16\xdb\xe4\xa6\x43\x61\xd1\xae\x0b\x51\xa6\xc3\xaf\
\x13\x00\x3e\xc0\xac\x0d\xfd\xa1\xa2\xa6\x2d\x3a\xc0\x00\x18\x7b\
\x06\x25\x18\x3c\xc3\x0e\x94\xde\x9d\xb0\xcf\x7d\xfb\x20\x1b\xec\
\x8d\xc5\x93\xe4\x35\xb3\x36\x9e\x88\xb2\x1c\x62\x02\xc0\x41\x98\
\xb2\xaa\x27\x3a\xc8\x00\x28\x0d\x97\x04\xc3\xd0\x24\xe7\x4c\x12\
\x40\xa4\xcf\x25\x60\xe4\xb9\x6f\x1f\x64\x9f\x0f\x0b\x29\x96\xa9\
\xcd\x3d\x51\x86\xc3\xdd\x09\x00\x07\x61\xce\xe6\x93\xa1\xb2\x6e\
\x5f\x74\xa0\x01\x50\x1a\x42\x40\x18\x3a\xf7\x09\x84\x91\xe5\x52\
\x5e\xc8\x37\x7b\x62\xfe\x25\x39\xcd\x9c\x2d\x27\xa3\x0c\x87\xbb\
\x13\x00\x0e\xd2\xb4\xd5\xbd\xd1\xc1\x06\x40\xe9\x08\x01\x61\xf8\
\x0c\x3d\x30\x34\xc2\x3e\x28\x2e\x7b\x62\x7e\x4d\x6b\xe9\x8d\xb2\
\x1b\xee\x4d\x00\x38\x48\xf3\xb6\x9e\x0e\xe3\xeb\xf7\x47\x07\x1c\
\x00\xa5\xe3\xc3\x41\xe0\xe1\x18\x7a\x20\xe6\xbe\x7d\x50\x7e\x92\
\x73\xdd\xed\x32\xf2\x65\xc2\xf2\xce\x30\x6f\xdb\xe9\x28\xbb\xe1\
\xde\x04\x80\x43\x50\xbd\xa6\x2f\x3a\xe8\x00\x28\x3d\x03\x1a\x3c\
\x1c\x41\x20\xe5\x4c\xd8\x07\xdc\x61\x3f\xcc\x8f\xe9\x6b\xfa\xa2\
\xcc\x86\xfb\x13\x00\x0e\xc1\x82\xed\x67\xc3\xc4\x86\x03\xd1\x81\
\x07\x40\xe9\xb9\x24\x18\x1e\x9e\xfb\x04\x52\x74\x2e\xe5\x05\x1e\
\x24\x59\x1b\xd2\x6b\x07\xd9\x52\xb5\xa2\x2b\x2c\xd8\x71\x2e\xca\
\x6c\xb8\x3f\x01\xe0\x10\xcd\x58\x77\x2c\x3a\xf8\x00\xc8\x06\x21\
\x20\x8c\x0c\x9f\x90\x48\x11\x08\xfb\x80\x87\x61\x1f\xcc\xae\x64\
\x6d\x4f\x67\x35\x3c\x98\x00\x70\x88\x16\xed\x3a\x1f\x26\xad\x3c\
\x14\x1d\x80\x00\x64\x83\x10\x10\x46\x96\x01\x88\x3c\x10\xf6\x01\
\xa3\xc1\x1e\x98\x3d\x49\x1e\xb3\x68\xd7\x85\x28\xab\xe1\xc1\x04\
\x80\xc3\x30\x6b\x43\x7f\xa8\x58\xda\x16\x1d\x88\x00\x64\x83\x0f\
\x07\x81\x91\x67\x08\x22\x4b\xdc\xb7\x0f\x18\x2b\xf6\xbf\xec\xa8\
\xa8\x69\x0b\xb3\x36\xf6\x47\x19\x0d\x83\x23\x00\x1c\xa6\x29\xab\
\x7a\xa2\x83\x11\x80\x6c\x31\x18\xc2\xc8\x4b\x06\x21\x9f\x94\xc8\
\x58\xf2\xee\x3e\xa0\xd4\x84\x80\xd9\x90\xe4\x30\xe9\x6c\x86\xc1\
\x13\x00\x0e\xd3\x9c\xcd\x27\x43\x65\x5d\x7b\x74\x40\x02\x90\x2d\
\x2e\x09\x86\xd1\xe1\x03\x43\x18\x0d\xc2\x3e\x20\xab\x7c\x38\x48\
\x69\x55\xd6\xed\xbb\x9d\xc3\xa4\xb3\x19\x06\x4f\x00\xf8\x10\xa6\
\xae\xee\x8d\x0e\x4a\x00\xb2\x47\x08\x08\xa3\x4b\x10\xc8\x70\x08\
\xfb\x80\xbc\xb1\xdf\x95\xce\xb4\x96\xde\x28\x93\x61\x68\x04\x80\
\x0f\x61\xde\xd6\xd3\x61\x7c\xfd\xfe\xe8\xc0\x04\x20\x7b\x84\x80\
\x30\xfa\x0c\x46\xdc\x8f\xfb\xf6\x01\x45\x60\xaf\x1b\x7b\x13\xea\
\xf7\x87\x79\xdb\x4e\x47\x99\x0c\x43\x23\x00\x7c\x48\xd5\x6b\xfa\
\xa2\x83\x13\x80\x6c\xf2\xe1\x20\x30\x36\x0c\x47\x7c\x35\xec\x13\
\xf8\x01\x45\xe3\x5e\xb8\x63\x6b\xfa\x9a\xbe\x28\x8b\x61\xe8\x04\
\x80\x0f\x69\xc1\xf6\x33\x61\x62\xc3\x81\xe8\x00\x05\x20\xbb\x0c\
\xa3\x30\x36\xdc\x27\xb0\x3c\xb8\x94\x17\x28\x47\x42\xc0\xb1\x31\
\x71\x45\x57\x58\xb0\xe3\x6c\x94\xc5\x30\x74\x02\xc0\x11\x30\x63\
\xdd\xb1\xe8\x20\x05\x20\xdb\x5c\x12\x0c\x63\x27\x09\x85\x04\x81\
\xc5\x20\xec\x03\xf8\x92\x0f\x05\x19\x1b\x33\xd7\x1d\x8b\x32\x18\
\x86\x47\x00\x38\x02\x16\xee\x3c\x1f\x26\x35\x1e\x8c\x0e\x54\x00\
\xb2\x4d\x08\x08\x63\x4f\x10\x98\x1f\x77\xc2\x3e\xf7\xed\x03\xb8\
\x3b\xef\x02\x1c\x5d\x93\x56\x1e\x0c\x8b\x76\x5d\x88\x32\x18\x86\
\x47\x00\x38\x42\x66\x6d\xe8\x8f\x0e\x56\x00\xb2\x4f\x08\x08\xa5\
\x21\x08\xcc\x1e\xf7\xed\x03\x18\x1a\xef\x02\x1c\x3d\x15\x35\x6d\
\x61\xd6\xc6\xfe\x28\x7b\x61\xf8\x04\x80\x23\x68\x72\x53\x77\x74\
\xd0\x02\x90\x7d\x3e\x1c\x04\x4a\x27\x09\x9c\xbc\x83\x62\xec\xb9\
\x94\x17\x60\x64\xa4\xd7\x57\x46\xc6\x94\xe6\x9e\x28\x73\xe1\xe1\
\x08\x00\x47\xd0\x9c\x4d\x03\x61\x5c\x6d\x7b\x74\xe0\x52\x3c\x77\
\x9a\xe6\xaf\x4a\x7f\x0d\x90\x3f\x86\x60\x28\x1d\x1f\x18\x32\x7a\
\x84\x7d\x00\xa3\xc7\x2c\x38\xf2\x2a\xeb\xf6\x85\x39\x9b\x4f\x46\
\x99\x0b\x0f\x47\x00\x38\xc2\xa6\xae\x3e\x1c\x1d\xbc\xe4\xd7\x70\
\xee\x7d\x73\xe7\x46\xe7\x86\x18\xc8\x27\x97\x04\x43\xe9\xd9\x43\
\x87\x6f\x38\xbd\x0b\x00\xc3\x67\xcf\x1a\x79\xd3\x5a\x7a\xa3\xac\
\x85\x87\x27\x00\x1c\x61\x73\xb7\x9e\x0a\xe3\xeb\x3b\xa2\x03\x98\
\x7c\x18\x8d\x86\xf9\x4e\x20\x98\xfe\x5d\x40\x76\x09\x01\x21\x1b\
\xec\x9f\x0f\x36\x1a\xbd\x0b\x00\x83\xe7\x3e\x80\x23\x6b\x42\xfd\
\xfe\x30\x6f\xdb\xe9\x28\x6b\xe1\xe1\x09\x00\x47\x41\x75\x6b\x5f\
\x74\x10\x93\x3d\xa5\xb8\x1c\xc6\x20\x03\xf9\x21\x04\x84\xec\xb0\
\x7f\x7e\xa9\x14\xbd\x0b\x00\xf7\x27\x00\x1c\x59\xd5\x6b\xfa\xa2\
\x8c\x85\x91\x21\x00\x1c\x05\xf3\xb7\x9f\x09\x13\x1b\x0e\x44\x07\
\x32\xa5\x93\xb5\x86\xd9\x20\x03\xf9\x90\xac\x1b\xe9\xf3\x17\x28\
\x9d\x72\xba\xc5\x46\xd6\x7a\x17\x00\xee\x4e\x00\x38\x72\x26\xae\
\xe8\x0a\x0b\x76\x9c\x8d\x32\x16\x46\x86\x00\x70\x94\xcc\x58\x77\
\x2c\x3a\x98\x19\x3b\x79\xb8\x1c\xa6\x5c\x06\x18\x28\x82\x2c\xaf\
\x25\x50\x8e\x8a\x76\x7b\x0d\xf7\xed\x03\xc8\xb7\xf4\xba\xce\xf0\
\x24\x39\x4a\x3a\x5b\x61\xe4\x08\x00\x47\xc9\xc2\x9d\xe7\x43\x55\
\xe3\xc1\xe8\x80\x66\xe4\xe5\xfd\x5f\xc8\x8b\x34\xc0\x40\x91\xb9\
\x24\x18\xb2\x29\x8f\xfb\xa8\xb0\x0f\xa0\x58\xd2\xeb\x3c\x43\x37\
\x69\xe5\xc1\xb0\x68\xd7\xf9\x28\x5b\x61\xe4\x08\x00\x47\xd1\xac\
\x0d\xfd\xa1\xe2\x2e\x07\x36\x0f\xef\x4e\xe0\x97\x5e\x78\xf3\x2a\
\x8f\xc3\x0b\x94\x23\x21\x20\x64\x57\x56\xf7\xd2\xbc\xff\x43\x25\
\x00\x0f\x96\x5e\xfb\x19\x9a\x24\x37\x49\xf2\x93\x74\xa6\xc2\xc8\
\x12\x00\x8e\xb2\xc9\xab\xba\xa3\x83\x9b\xe1\x2b\xf2\xfd\xb8\xb2\
\x3a\xb8\x00\xbf\x4e\x08\x08\xd9\x56\xca\xfb\x04\x0a\xfb\x00\xca\
\x53\x7a\x3f\x60\x68\xa6\xac\xea\x8e\xb2\x14\x46\x9e\x00\x70\x94\
\xcd\xd9\x34\x10\xc6\xd5\xb6\x47\x07\x38\x43\x57\x0e\x43\x77\xa9\
\x06\x16\x60\x68\x8a\xfc\x8f\x11\x50\x14\xa3\x1d\x04\x0a\xfb\x00\
\x48\xf8\x10\x90\x87\x33\xae\xae\x3d\xcc\xd9\x3c\x10\x65\x29\x8c\
\x3c\x01\xe0\x18\x98\xba\xfa\x70\x74\x90\x33\x34\xe5\x10\xfe\xdd\
\x61\x03\x81\xfc\x30\xf4\x43\x3e\x8c\x44\x10\xe8\xbe\x7d\x00\xdc\
\x8d\xf9\xed\xe1\x4c\x5d\xdd\x1b\x65\x28\x8c\x0e\x01\xe0\x18\x98\
\xb7\xf5\x54\x18\x5f\xdf\x11\x1d\xe8\x0c\x5e\x7a\x91\x2d\x07\xc9\
\xa0\x91\x7e\x1e\x80\xec\x29\xa7\x7f\xa0\x80\xbc\x1b\x6c\x10\xf8\
\xd5\xb0\x4f\xe0\x07\xc0\xfd\x0c\x76\x6f\x21\x36\xbe\x7e\x7f\x98\
\xb7\xf5\x74\x94\xa1\x30\x3a\x04\x80\x63\xa4\xba\xb5\x2f\x3a\xd8\
\x19\x9c\x72\x1e\xae\x6d\x26\x90\x0f\xe5\xbc\x4e\x41\x1e\x7d\x75\
\x7f\x75\x29\x2f\x00\x0f\xc3\xcc\x36\x7c\xd5\x6b\xfa\xa2\xec\x84\
\xd1\x23\x00\x1c\x23\x0b\xb6\x9f\x0d\x13\x1b\x0e\x44\x07\x3c\x0f\
\x56\xee\x83\xb5\x0d\x05\xf2\xa1\xdc\xd7\x2a\x00\x80\x72\xe4\xca\
\xad\xe1\x49\xf2\x91\xf9\x3b\xce\x46\xd9\x09\xa3\x47\x00\x38\x86\
\x66\xac\x3b\x16\x1d\xf4\x3c\x58\x7a\x81\x2d\x47\x42\x40\xc8\x07\
\x1f\x0e\x02\x00\x50\x5e\xd2\xfd\x20\x83\x93\xe4\x23\xe9\xcc\x84\
\xd1\x25\x00\x1c\x43\x0b\x77\x9d\x0f\x93\x1a\x0f\x46\x07\x3e\xf7\
\x97\x5e\x60\xcb\x95\x10\x10\xf2\xc3\x65\x84\x00\x00\xc5\x67\x46\
\x1b\x9e\x49\x2b\x0f\xde\xce\x47\xd2\x99\x09\xa3\x4b\x00\x38\xc6\
\x66\x6d\xe8\x8f\x0e\x7e\xee\x2f\xbd\xc8\x96\x33\x9f\x30\x05\xf9\
\xe1\x92\x60\x00\x80\x62\x13\x00\x0e\x5d\xc5\xd2\xbd\xb7\x73\x91\
\x74\x56\xc2\xe8\x13\x00\x96\xc0\xe4\x55\xdd\xd1\x49\xc0\xbd\x79\
\x27\x4d\xcc\x7d\x26\x20\x1f\x84\x80\x00\x00\xc5\x95\xee\xfd\x78\
\xb0\x29\xab\xba\xa3\x8c\x84\xb1\x21\x00\x2c\x81\xd9\x9b\x06\xc2\
\xb8\xda\xf6\xe8\x44\xe0\xee\x04\x80\x77\xe7\x5f\x9b\x20\x1f\x84\
\x80\x00\x00\xc5\x63\x1e\x1b\xba\xca\xba\x7d\x61\xce\xe6\x81\x28\
\x23\x61\x6c\x08\x00\x4b\x64\x6a\xf3\xe1\xe8\x64\xe0\xee\xdc\x54\
\xff\xde\x6c\x3a\x90\x0f\xd6\x31\x00\x80\x62\x49\xf7\x7b\x3c\xd8\
\xd4\x96\xde\x28\x1b\x61\xec\x08\x00\x4b\x64\xee\x96\x53\x61\xfc\
\xb2\x8e\xe8\x84\xe0\xee\xbc\x0b\xf0\xde\x84\x80\x90\x1f\xd6\x32\
\x00\x80\xfc\x33\x83\x0d\xdd\xf8\xfa\xfd\x61\xde\xd6\xd3\x51\x36\
\xc2\xd8\x11\x00\x96\x50\x75\xeb\x91\xe8\xa4\xe0\xde\xd2\x8b\x2e\
\xbf\x62\x03\x82\xfc\x70\x49\x30\x00\x40\xbe\xa5\xfb\x3b\x1e\xac\
\x7a\x4d\x5f\x94\x89\x30\xb6\x04\x80\x25\x34\x7f\xfb\x99\x30\x71\
\x79\x67\x74\x62\x70\x77\x86\xe6\xfb\xf3\x09\xc1\x90\x1f\xd6\x33\
\x00\x80\x7c\xf2\xe6\x8b\xa1\x9b\xd8\x70\x20\x2c\xd8\x71\x36\xca\
\x44\x18\x5b\x02\xc0\x12\x9b\xb1\xf6\x68\x74\x72\x70\x6f\x2e\x9f\
\x7b\x30\x9f\x10\x0c\xf9\x20\x04\x04\x00\xc8\x17\x6f\xba\x18\x9e\
\x19\xeb\x8e\x45\x59\x08\x63\x4f\x00\x58\x62\x0b\x77\x9e\x0b\x55\
\x8d\x5d\xd1\x09\xc2\xdd\xb9\x91\xfe\xe0\xf8\x57\x29\xc8\x07\x6b\
\x1a\x00\x40\x7e\x78\xb3\xc5\xd0\x55\x35\x1e\xbc\x9d\x7b\xa4\xb3\
\x10\xc6\x9e\x00\x30\x03\x66\x6d\xe8\x8f\x4e\x12\xee\xcd\xbb\x00\
\x07\x47\x08\x08\xf9\x61\x5d\x03\x00\xc8\x36\xf3\xd5\xd0\x55\x2c\
\xdd\x7b\x3b\xef\x48\x67\x20\x94\x86\x00\x30\x0b\x76\x5f\x08\x93\
\x9b\xba\xa3\x93\x85\xbb\xf3\x8e\x99\xc1\xb3\x49\x41\x7e\xb8\x24\
\x18\x00\x20\x9b\xcc\x55\xc3\x33\x79\x55\x77\x9c\x7f\x50\x32\x02\
\xc0\x8c\x98\xbd\x69\x20\x8c\xab\x6d\x8f\x4e\x18\xee\xce\xa0\x3c\
\x78\x36\x2b\xc8\x0f\x6b\x1b\x00\x40\xb6\xb8\xef\xdf\xf0\x24\xf9\
\xc6\x9c\x4d\x03\x51\xf6\x41\xe9\x08\x00\x33\x64\xea\xea\xc3\xd1\
\x49\xc3\xbd\xb9\x64\x6e\xf0\x6c\x5a\x90\x1f\x42\x40\x00\x80\xec\
\x70\xdf\xbf\xe1\x49\xf2\x8d\x74\xe6\x41\x69\x09\x00\x33\x64\xee\
\x96\x53\xa1\x72\x59\x47\x74\xe2\x70\x77\x2e\x05\x1e\x3a\x9b\x17\
\xe4\x83\xf5\x0d\x00\xa0\xf4\xcc\x4f\xc3\x33\xbe\xbe\x23\xcc\xdb\
\x7a\x2a\xca\x3c\x28\x2d\x01\x60\xc6\x54\xb7\x1e\x89\x4e\x1e\xee\
\xcd\xbb\x00\x87\xce\x25\xc1\x90\x1f\xd6\x38\x00\x80\xd2\x10\xfe\
\x0d\x5f\x75\x6b\x5f\x94\x75\x50\x7a\x02\xc0\x8c\x99\xbf\xfd\x4c\
\x98\xd0\xd0\x19\x9d\x40\xdc\x9d\x77\xc9\x0c\x8f\x10\x10\xf2\xc3\
\x25\xc1\x00\x00\x63\x4b\xf8\x37\x7c\x13\x1b\x0e\x84\xf9\xdb\xcf\
\x46\x59\x07\xa5\x27\x00\xcc\xa0\x19\x6b\x8f\x46\x27\x11\xf7\x66\
\x38\x1e\x1e\x21\x20\xe4\x87\x75\x0e\x00\x60\x6c\x08\xff\x1e\xce\
\x8c\x75\xc7\xa2\x8c\x83\x6c\x10\x00\x66\xd0\x82\x9d\xe7\x42\x55\
\x63\x57\x74\x22\x71\x6f\xe9\x45\x9b\xc1\x11\x02\x42\x7e\x08\x01\
\x01\x00\x46\x97\xf0\xef\xe1\x4c\x6a\x3c\x18\x16\xee\x3a\x17\x65\
\x1c\x64\x83\x00\x30\xa3\x66\x6e\xe8\x8f\x4e\x26\xee\xcd\xa5\xc0\
\xc3\xe7\x13\x82\x21\x3f\xac\x75\x00\x00\x23\xcf\x4c\x34\x32\x66\
\x6d\xe8\x8f\xb2\x0d\xb2\x43\x00\x98\x51\x8b\x9e\xb9\x10\x26\x37\
\x75\x47\x27\x14\xf7\xe6\x66\xf9\x0f\xc7\xbf\x76\x41\x7e\x58\xef\
\x00\x00\x46\x86\xab\xa2\x46\xc6\xe4\x55\xdd\x51\xae\x41\xb6\x08\
\x00\x33\x6c\xf6\xa6\x81\x30\xae\xb6\x3d\x3a\xb1\xb8\x3b\xef\x8c\
\x79\x78\x36\x3f\xc8\x0f\x97\x04\x03\x00\x3c\x1c\xf3\xcf\xc8\x48\
\x72\x8b\x24\xbf\x48\x67\x1a\x64\x8b\x00\x30\xe3\xa6\x36\x1f\x8e\
\x4e\x2e\xee\xcd\xbb\x62\x1e\x9e\x4d\x10\xf2\x43\x08\x08\x00\x30\
\x74\xc9\xdc\xe8\x0a\xa8\x91\x33\x75\xf5\xe1\x28\xcb\x20\x7b\x04\
\x80\x19\x37\x77\xcb\xa9\x30\x7e\x59\x47\x74\x82\x71\x6f\xe9\xc5\
\x9d\xa1\x13\x02\x42\x7e\x08\x01\x01\x00\x06\xcf\xac\x33\xb2\xc6\
\xd7\x77\x84\xb9\x5b\x4f\x45\x59\x06\xd9\x23\x00\xcc\x81\xea\xd6\
\x23\xd1\x49\xc6\xbd\x19\x86\x47\x86\x8d\x11\xf2\xc3\x2d\x10\x00\
\x00\x1e\xcc\xbb\xfe\x46\x5e\x75\x6b\x5f\x94\x61\x90\x4d\x02\xc0\
\x1c\x98\xbf\xed\x4c\x98\xd0\xd0\x19\x9d\x68\xdc\x9b\x4b\x81\x47\
\x86\x4f\xc3\x82\x7c\xb1\xf6\x01\x00\xc4\xcc\x35\xa3\x63\xe2\xf2\
\xce\x30\x7f\xfb\x99\x28\xc3\x20\x9b\x04\x80\x39\x31\x63\xed\xd1\
\xe8\x64\xe3\xde\xbc\x1b\x66\x64\xf9\x97\x32\xc8\x0f\xef\x82\x06\
\x00\xf8\x92\x7b\xfd\x8d\xae\x24\xa7\x48\x67\x17\x64\x97\x00\x30\
\x27\x16\xec\x3c\x17\xaa\x56\x74\x45\x27\x1c\xf7\xe6\x9d\x30\x23\
\xcb\x25\xc1\x90\x1f\x42\x40\x00\xa0\xdc\x99\x5f\x46\x57\x55\x63\
\x57\x58\xb8\xf3\x5c\x94\x5d\x90\x5d\x02\xc0\x1c\xf1\x2f\x17\x43\
\xe3\x5d\x80\x23\xcf\x26\x0a\xf9\x21\x04\x04\x00\xca\x91\x77\xfd\
\x8d\x8d\x59\x1b\xfa\xa3\xcc\x82\x6c\x13\x00\xe6\xc8\xa2\xdd\x17\
\xc2\xe4\xa6\x43\xd1\x89\xc7\xbd\x19\x80\x47\x9e\x10\x10\xf2\xc3\
\x3f\x84\x00\x00\xe5\x42\xf0\x37\x76\x26\x37\x75\x87\xc7\x76\x5f\
\x88\x32\x0b\xb2\x4d\x00\x98\x33\xb3\x37\x0d\x84\x8a\x9a\xf6\xe8\
\x04\xe4\xde\x5c\x0a\x3c\xf2\x84\x80\x90\x2f\xd6\x41\x00\xa0\xa8\
\x04\x7f\x63\x6b\x5c\x6d\xfb\xed\x5c\x22\x9d\x55\x90\x7d\x02\xc0\
\x1c\x9a\xda\x7c\x38\x3a\x09\xb9\x37\xef\x80\x19\x1d\x3e\x49\x0b\
\xf2\xc5\x3b\xa2\x01\x80\x22\x11\xfc\x95\xc6\xd4\xd5\x87\xa3\x8c\
\x82\x7c\x10\x00\xe6\xd0\xdc\x2d\x27\x43\xe5\xb2\x8e\xe8\x44\xe4\
\xde\xbc\xfb\x65\xf4\xd8\x74\x21\x3f\x84\x80\x00\x40\xde\x09\xfe\
\x4a\x27\xc9\x21\xe6\x6e\x39\x15\x65\x14\xe4\x83\x00\x30\xa7\xaa\
\x5b\x7b\xa3\x93\x91\x7b\xf3\x2e\xc0\xd1\xe5\x92\x60\xc8\x0f\x21\
\x20\x00\x90\x47\x82\xbf\xd2\xab\x6e\x3d\x12\x65\x13\xe4\x87\x00\
\x30\xa7\xe6\x6d\x3b\x13\x26\x2c\xef\x8c\x4e\x48\xee\xcd\xd0\x3b\
\xba\x84\x80\x90\x1f\xfe\x51\x04\x00\xc8\x0b\xc1\x5f\x36\x4c\x68\
\xe8\x0c\xf3\xb7\x9f\x89\xb2\x09\xf2\x43\x00\x98\x63\xd3\xd7\x1e\
\x8d\x4e\x4a\xee\x2f\xbd\x99\x30\xb2\x84\x80\x90\x2f\x6e\x8f\x00\
\x00\x64\x95\xe0\x2f\x5b\x66\xac\x3d\x1a\x65\x12\xe4\x8b\x00\x30\
\xc7\x16\xec\x38\x17\xaa\x1a\xbb\xa2\x13\x93\x7b\xf3\x2e\xc0\xd1\
\x27\x04\x84\x7c\xb1\x2e\x02\x00\x59\x21\xf4\xcb\xa6\x24\x77\x58\
\xb0\xf3\x5c\x94\x49\x90\x2f\x02\xc0\x9c\xb3\x38\x0e\x9d\x77\xbc\
\x8c\x3e\x9f\x10\x0c\xf9\x22\x04\x04\x00\x4a\x49\xf0\x97\x6d\xb3\
\x36\xf4\x47\x59\x04\xf9\x23\x00\xcc\xb9\x45\xbb\x2f\x84\xc9\x4d\
\x87\xa2\x13\x94\x7b\x73\xef\xab\xb1\x63\x13\x87\xec\x4a\xce\xcf\
\x24\xf8\xf3\x8f\x22\x00\x40\x29\x08\xfd\xf2\x61\x72\x53\x77\x58\
\xf4\xcc\x85\x28\x8b\x20\x7f\x04\x80\x05\x30\x7b\xd3\x40\xa8\xa8\
\x69\x8b\x4e\x54\xee\xcd\xc0\x3b\x76\x5c\x12\x0c\xa5\xf7\xd5\xb0\
\xcf\xfa\x07\x00\x94\xca\x9d\x5e\x44\xf0\x97\x0f\xe3\x6a\xdb\x6f\
\xe7\x0d\xe9\x0c\x82\x7c\x12\x00\x16\xc4\x94\xe6\x9e\xe8\x64\xe5\
\xde\xbc\x0b\x70\x6c\x09\x01\x61\xec\x24\xeb\x5b\x42\xd8\x07\x00\
\x64\x85\xd0\x2f\x9f\xa6\x36\x1f\x8e\xb2\x07\xf2\x4b\x00\x58\x10\
\x73\xb7\x9c\x0c\x95\xcb\x3a\xa2\x13\x96\x7b\x73\xcf\xab\xb1\x25\
\x04\x84\x91\x27\xec\x03\x00\xb2\x4a\xe8\x97\x6f\xe3\x97\x75\x84\
\xb9\x5b\x4e\x45\xd9\x03\xf9\x25\x00\x2c\x90\x69\x2d\xbd\xd1\x49\
\xcb\xfd\x19\x98\xc7\x96\x10\x10\x86\xef\x4e\xd8\xe7\xbe\x7d\x00\
\x40\x16\xb9\xbc\xb7\x58\xa6\xb5\x1c\x89\x32\x07\xf2\x4d\x00\x58\
\x20\xf3\xb6\x9d\x09\x13\x96\x77\x46\x27\x2e\xf7\xe6\x52\xe0\xb1\
\x97\x34\x05\xe9\xd7\x01\x88\xb9\x6f\x1f\x00\x90\x75\x42\xbf\x62\
\x4a\x72\x85\xf9\xdb\xce\x44\x99\x03\xf9\x26\x00\x2c\x98\xe9\x6b\
\x8f\x46\x27\x2f\xf7\x67\xb0\x2e\x0d\x4d\x02\xfc\x8a\x4b\x79\x01\
\x80\xbc\xb8\x13\xf8\xe9\xe7\x8b\x2b\xc9\x15\xd2\x59\x03\xf9\x27\
\x00\x2c\x98\x05\x3b\xce\x85\xaa\xc6\xae\xe8\x04\xe6\xde\xbc\x0b\
\xb0\x74\x5c\x12\x4c\x39\x12\xf6\x01\x00\x79\x92\xf4\x2b\x49\xdf\
\x2e\xf0\x2b\x0f\x55\x2b\xba\xc2\x82\x9d\xe7\xa2\xac\x81\xfc\x13\
\x00\x16\x90\x85\x79\xe8\x7c\x20\x48\xe9\x08\x01\x29\x32\xf7\xed\
\x03\x00\xf2\x46\xe0\x57\xde\x92\xd7\x3d\x9d\x31\x50\x0c\x02\xc0\
\x02\x5a\xb4\xfb\x42\x98\xdc\x74\x28\x3a\x91\xb9\xbf\xf4\xc6\xc7\
\xd8\x11\x02\x52\x14\xc2\x3e\x00\x20\x4f\xbe\x7a\x0f\x3f\x81\x1f\
\x49\x8e\x90\xe4\x09\xe9\x8c\x81\x62\x10\x00\x16\xd4\xec\x8d\x27\
\x42\x45\x4d\x5b\x74\x42\x73\x6f\x2e\x05\x2e\x2d\x21\x20\x79\xe3\
\x52\x5e\x00\x20\x4f\x84\x7d\xdc\x4f\x45\x4d\x7b\x98\xbd\x69\x20\
\xca\x16\x28\x0e\x01\x60\x81\x4d\x6d\xee\x89\x4e\x6a\xee\xcf\x10\
\x5f\x5a\xc9\xf3\x9f\x7e\x4d\x20\x0b\x84\x7d\x00\x40\xde\xb8\x94\
\x97\xa1\x98\xda\x7c\x38\xca\x14\x28\x16\x01\x60\x81\xcd\xdd\x72\
\x32\x54\xd6\xed\x8b\x4e\x6c\xee\xcd\xbb\x00\xb3\x41\x93\x42\x29\
\xdd\x09\xfb\x5c\xca\x0b\x00\xe4\xc5\x57\xc3\x3e\xbd\x34\x43\x55\
\xb9\xac\x23\xcc\xdd\x72\x2a\xca\x14\x28\x16\x01\x60\xc1\x4d\x6b\
\xe9\x8d\x4e\x6e\xee\xcf\xc0\x9f\x0d\x2e\x09\x66\xac\x08\xfb\x00\
\x80\x3c\x71\x29\x2f\x23\xad\xba\xb5\x37\xca\x12\x28\x1e\x01\x60\
\xc1\xcd\xdb\x76\x3a\x4c\x58\xde\x19\x9d\xe0\xdc\x5f\x7a\x93\xa5\
\x34\x84\x80\x8c\x34\x97\xf2\x02\x00\x79\x22\xec\x63\xb4\x25\x79\
\xc1\xfc\x6d\x67\xa2\x2c\x81\xe2\x11\x00\x96\x81\xe9\x6b\xfa\xa2\
\x93\x9c\xfb\x4b\x82\xa7\xf4\xe6\x4b\x69\x08\x01\x19\x2e\x61\x1f\
\x00\x90\x27\x77\x7a\x16\xf7\xed\x63\x2c\x4d\x5f\x7b\x34\xca\x10\
\x28\x26\x01\x60\x19\x58\xb0\xe3\x5c\xa8\x5a\xd1\x15\x9d\xe8\xdc\
\x9f\xc0\x20\x3b\x84\x80\x3c\x88\xb0\x0f\x00\xc8\x1b\xf7\xed\xa3\
\xd4\xaa\x1a\xbb\xc2\x82\x9d\xe7\xa2\x0c\x81\x62\x12\x00\x96\x89\
\x19\x36\x94\x21\x4b\x36\xe1\xf4\x26\x4d\xe9\x24\x0d\x52\xfa\x35\
\xa2\x7c\xb9\x6f\x1f\x00\x90\x27\x2e\xe5\x25\x8b\x92\x63\x31\x9d\
\x1d\x50\x5c\x02\xc0\x32\xb1\x68\xd7\x85\x30\xb9\xe9\x50\x74\xc2\
\x73\x7f\xc2\x85\xec\xd1\x30\x95\x1f\xef\xee\x03\x00\xf2\x44\xd8\
\x47\x1e\x24\xf9\xc0\xa2\xdd\x17\xa2\xec\x80\xe2\x12\x00\x96\x91\
\x59\x1b\x4f\x84\x8a\x9a\xb6\xe8\xc4\xe7\xde\xbc\x0b\x30\x9b\x5c\
\x12\x5c\x5c\xc2\x3e\x00\x20\x4f\xee\xf4\x2c\xee\xdb\x47\x9e\x54\
\xd4\xb4\x87\xd9\x9b\x06\xa2\xcc\x80\x62\x13\x00\x96\x99\x29\xcd\
\x3d\xd1\xc9\xcf\xfd\xf9\x40\x90\x6c\x12\x02\xe6\x9f\xb0\x0f\x00\
\xc8\x1b\xf7\xed\xa3\x08\xa6\x36\x1f\x8e\xb2\x02\x8a\x4f\x00\x58\
\x66\xe6\x6c\x39\x19\x2a\xeb\xf6\x45\x0b\x00\xf7\x27\x9c\xc8\x26\
\x21\x60\xbe\x24\x4d\xb2\xfb\xf6\x01\x00\x79\xe1\x52\x5e\x8a\xa8\
\x72\x59\x47\x98\xbb\xe5\x54\x94\x15\x50\x7c\x02\xc0\x32\x34\xad\
\xa5\x37\x5a\x04\xb8\x3f\x97\x02\x67\x97\x10\x30\x9b\xbe\x1a\xf6\
\x09\xfc\x00\x80\xac\x13\xf6\x51\x2e\x92\x3c\x20\x9d\x11\x50\x1e\
\x04\x80\x65\x68\xde\xb6\xd3\x61\x42\x7d\x67\xb4\x10\x70\x7f\x42\
\x8c\xec\x4a\x5e\x9b\xf4\xeb\xc5\xd8\x71\x29\x2f\x00\x90\x27\x77\
\x7a\x16\xf7\xed\xa3\xdc\x4c\x58\xde\x79\x3b\x0f\x48\x67\x04\x94\
\x07\x01\x60\x99\x9a\xbe\xa6\x2f\x5a\x0c\xb8\x3f\xef\x02\xcc\x3e\
\x0d\xdc\xe8\x13\xf6\x01\x00\x79\x23\xec\x83\x2f\x25\x39\x40\x3a\
\x1b\xa0\x7c\x08\x00\xcb\xd4\x82\x1d\xe7\x42\xd5\x8a\xae\x68\x41\
\xe0\xfe\x7c\x20\x48\xf6\xb9\x24\x78\x64\xb9\x6f\x1f\x00\x90\x27\
\x2e\xe5\x85\xbb\x4b\xe6\xff\x24\x07\x48\x67\x03\x94\x0f\x01\x60\
\x19\x9b\xb9\xee\x58\xb4\x28\xf0\x60\xe9\x26\x83\xec\x11\x02\x0e\
\x8f\xfb\xf6\x01\x00\x79\x22\xec\x83\xc1\x4b\xce\x91\x74\x26\x40\
\x79\x11\x00\x96\xb1\x45\xbb\x2e\x84\x49\x2b\x0f\x45\x0b\x03\xf7\
\xe7\x52\xe0\x7c\x10\x02\xde\x9f\x4b\x79\x01\x80\x3c\x71\xdf\x3e\
\x18\xbe\x64\xee\x5f\xb4\xfb\x42\x94\x09\x50\x5e\x04\x80\x65\x6e\
\xf6\xc6\x13\xa1\xa2\xa6\x2d\x5a\x20\xb8\x3f\x81\x49\x3e\x08\x01\
\xbf\x24\xec\x03\x00\xf2\x46\xd8\x07\x23\x23\x99\xf7\x93\xb9\x3f\
\x9d\x05\x50\x7e\x04\x80\x84\x29\xcd\x3d\xd1\x22\xc1\xfd\x79\x17\
\x60\x7e\x24\xcd\x63\xfa\xf5\x2b\xb2\x3b\x61\x9f\xfb\xf6\x01\x00\
\x79\xe1\x52\x5e\x18\x3d\xc9\xbc\x9f\xce\x00\x28\x4f\x8f\x2c\xe9\
\xb8\x11\xfd\x9f\x94\x97\x39\x9b\x4f\x86\xca\xba\x7d\xd1\x42\xc1\
\xfd\x09\x57\xf2\xa5\xa8\xcd\xe4\x57\xc3\x3e\xc7\x24\x00\x90\x75\
\xc2\x3e\x18\x3b\xc9\x9c\x3f\x67\xcb\xc9\x28\x03\xa0\xfc\x24\xd9\
\xdf\x23\x6b\xcf\x7f\x10\x9e\xdc\x73\x39\xfa\x8f\x94\x97\x69\x2d\
\xbd\xd1\x62\xc1\x83\xa5\x1b\x1a\xb2\x2d\xef\x97\x04\xbb\x94\x17\
\x00\xc8\x13\x61\x1f\x94\x56\x32\xe7\xa7\x67\x7f\xca\x4f\x92\xf9\
\x25\xd9\xdf\x23\xc9\xc2\xbc\xf2\xd8\x5b\xd1\x17\x50\x5e\xe6\x6d\
\x3b\x1d\x26\xd4\x77\x46\x0b\x06\xf7\x97\x04\x4a\xe9\x46\x87\x6c\
\xcb\x4b\x08\x28\xec\x03\x00\xf2\xc6\x7d\xfb\x20\x3b\x26\x2c\xef\
\xbc\x3d\xe7\xa7\x67\x7f\xca\x4f\x92\xf9\x25\x6b\xf4\xed\x00\x70\
\xf3\xd5\x4f\x42\x4d\xd7\xad\xe8\x8b\x28\x2f\xd3\xd7\xf4\x45\x8b\
\x06\x0f\x26\x9c\xc9\x9f\xac\x85\x80\xee\xdb\x07\x00\xe4\x8d\x77\
\xf7\x41\xb6\x4d\x5f\xdb\x17\xcd\xfc\x94\x9f\xda\xae\x5b\xb7\x33\
\xbf\x64\xdd\xbe\x1d\x00\x26\xd6\x9c\xfd\x6e\x78\xfc\xb9\x8b\xd1\
\x17\x53\x3e\x16\xec\x38\x1b\xaa\x56\x74\x45\x0b\x07\xf7\x97\x34\
\x3c\xe9\x86\x88\xec\x2b\x65\x08\xe8\xbe\x7d\x00\x40\x9e\x08\xfb\
\x20\x5f\x92\xb9\x7e\xc1\x8e\x73\xd1\xcc\x4f\x79\x49\x32\xbe\x24\
\xeb\xbb\xb3\x96\xff\x32\x00\x4c\xac\xe8\x7b\x23\xfa\x06\xca\xcb\
\x8c\x75\xc7\xa2\xc5\x83\x07\x13\xe2\xe4\x53\xf2\xba\xa5\x5f\xcb\
\x91\xe6\x52\x5e\x00\x20\x4f\x84\x7d\x90\x7f\xc9\xb9\x9b\x9e\xf5\
\x29\x3f\x49\xc6\xf7\xd5\xf5\xfd\xd7\x02\xc0\x4d\x97\x7f\x10\x96\
\xee\xbf\x19\x7d\x13\xe5\x63\xd1\xae\x0b\x61\xd2\xca\x83\xd1\x02\
\xc2\xfd\x79\x17\x60\xbe\x8d\x54\x73\x2b\xec\x03\x00\xf2\x26\xe9\
\x59\xdc\xb7\x0f\x8a\x63\x72\xd3\xa1\xdb\x73\x7d\x7a\xd6\xa7\xbc\
\x24\xd9\x5e\x92\xf1\x7d\x75\xbd\xff\xb5\x00\x30\xd1\x72\xea\xbd\
\xe8\x1b\x29\x2f\xb3\x36\xf4\x87\x8a\x9a\xb6\x68\x21\xe1\xfe\x7c\
\x20\x48\xbe\x0d\xf5\x92\xe0\x3b\x61\x9f\xfb\xf6\x01\x00\x79\xf1\
\xd5\xb0\x4f\xe0\x07\xc5\x93\xcc\xf1\xb3\x36\x9e\x88\x66\x7c\xca\
\x4f\x92\xed\xa5\xf7\x80\x28\x00\xdc\x71\xeb\xc7\x61\x79\xef\xeb\
\xd1\x37\x53\x5e\xa6\xac\xea\x89\x16\x13\x1e\x4c\x10\x94\x6f\xf7\
\x0b\x01\x85\x7d\x00\x40\x9e\xb8\x94\x17\xca\xcf\xd4\xe6\x9e\x68\
\xb6\xa7\xfc\x24\x99\x5e\x92\xed\xa5\xf7\x85\x28\x00\x4c\x6c\xbc\
\xf4\x51\x58\xbc\xef\x7a\xf4\x43\x28\x1f\x73\x36\x9f\x0c\x95\x75\
\xfb\xa2\x05\x85\xfb\x73\x29\x70\xfe\x7d\xf5\x5f\xc5\x5d\xca\x0b\
\x00\xe4\x81\xb0\x0f\x48\xe6\xf7\x64\x8e\x4f\xcf\xf6\x94\x97\x24\
\xcb\x4b\x32\xbd\xf4\x3e\x91\xb8\x6b\x00\x98\x68\x1e\x78\x37\xfa\
\x41\x94\x97\x69\x2d\xbd\xd1\xa2\xc2\x83\x09\x8c\x00\x00\x18\x4d\
\xee\xdb\x07\xa4\x25\xf3\x7b\x7a\xa6\xa7\xfc\x24\x59\x5e\x7a\xcf\
\xb8\xe3\x9e\x01\xe0\xf6\x9b\x9f\x87\xfa\x9e\xd7\xa2\x1f\x46\xf9\
\x98\xb7\xf5\x74\x18\x5f\xbf\x3f\x5a\x58\xb8\x3f\xef\x02\x04\x00\
\x60\xa4\xb8\x6f\x1f\xf0\x20\x13\xea\xf7\xdf\x9e\xdf\xd3\x33\x3d\
\xe5\x25\xc9\xf0\xb6\xdf\xfc\x22\xda\x47\xee\xb8\x67\x00\x98\x58\
\xff\xc2\xf7\xc3\x53\x6d\x57\xa2\x1f\x4a\xf9\xa8\x5e\xd3\x17\x2d\
\x2e\x3c\x98\x0f\x04\x01\x00\x60\xa8\x5c\xca\x0b\x0c\x47\x32\xb7\
\xa7\x67\x79\xca\x4b\x92\xdd\x25\x19\x5e\x7a\x5f\xf9\xaa\xfb\x06\
\x80\x89\xa6\xfe\xb7\xa3\x1f\x4c\xf9\x58\xb0\xe3\x6c\x98\xd8\x70\
\x20\x5a\x60\x78\xb0\xf4\xb9\x04\x00\x00\x77\x08\xfb\x80\x91\x50\
\xb5\xa2\xeb\xf6\xdc\x9e\x9e\xe5\x29\x2f\x49\x76\x97\xde\x67\xd2\
\x1e\x18\x00\x6e\xbb\xf1\x59\xa8\x3b\xf8\x4a\xf4\xc3\x29\x1f\x33\
\xd6\x1d\x8b\x16\x19\x1e\xcc\xa5\xc0\x00\x00\x24\xee\x84\x7d\xee\
\xdb\x07\x8c\xb4\x64\x5e\x4f\xcf\xf0\x94\x97\x24\xb3\xdb\x76\xfd\
\xb3\x68\xef\x49\x7b\x60\x00\x98\x58\x7b\xee\x83\xf0\xe4\x9e\xcb\
\xd1\x2f\xa1\x3c\x2c\xdc\x75\x3e\x4c\x5a\x79\x30\x5a\x68\x78\x30\
\x1f\x08\x02\x00\x50\x7e\xdc\xb7\x0f\x18\x0b\x93\x56\x1e\x0a\x8b\
\x76\x5d\x88\x66\x78\xca\x47\x92\xd5\x25\x99\x5d\x7a\x1f\xba\x9b\
\x41\x05\x80\x89\x95\xc7\xde\x8a\x7e\x11\xe5\x63\xd6\x86\xfe\x50\
\x51\xd3\x16\x2d\x38\xdc\x9f\x77\x01\x02\x00\x14\x9b\x4b\x79\x81\
\x52\x48\xe6\xf3\x59\x1b\x4f\x44\xb3\x3b\xe5\x25\xc9\xea\xd2\xfb\
\xd2\xbd\x0c\x3a\x00\xdc\x72\xf5\x93\x50\xdb\x75\x2b\xfa\x65\x94\
\x8f\x29\xab\x7a\xa2\x45\x87\x07\xf3\x2e\x40\x00\x80\x62\x10\xf6\
\x01\x59\x91\xcc\xe7\xe9\x99\x9d\xf2\x92\x64\x74\x5b\xae\x7d\x1a\
\xed\x55\xf7\x32\xe8\x00\x30\xd1\x7a\xf6\xbb\xe1\xf1\xe7\x2e\x45\
\xbf\x94\xf2\x30\x67\xf3\xc9\x50\x59\xb7\x2f\x5a\x78\x78\xb0\xf4\
\xb9\x04\x00\x40\xb6\xb9\x6f\x1f\x90\x55\xc9\x5c\x9e\xcc\xe7\xe9\
\x99\x9d\xf2\xf1\xc4\x73\x97\x6e\x67\x74\xe9\xbd\xeb\x7e\x86\x14\
\x00\x26\x1a\xfb\xbe\x15\xfd\x62\xca\xc7\xb4\xd5\xbd\xd1\xe2\xc3\
\x83\x25\x8d\x63\xfa\x5c\x02\x00\x20\x3b\xdc\xb7\x0f\xc8\x8b\x69\
\x2d\xbd\xd1\xac\x4e\x79\x49\xb2\xb9\xf4\x3e\xf6\x20\x43\x0e\x00\
\x37\x5f\xf9\x61\x58\xda\x79\x33\xfa\xe5\x94\x87\x79\x5b\x4f\x87\
\xf1\xf5\xfb\xa3\x05\x88\x07\x73\x29\x30\x00\x40\x36\xb8\x94\x17\
\xc8\xab\x09\xf5\xfb\xc3\xbc\x6d\xa7\xa3\x59\x9d\xf2\xb1\x64\xff\
\x8d\xb0\xf9\xca\x27\xd1\xde\xf6\x20\x43\x0e\x00\x13\xad\xa7\xbf\
\x13\x3d\x00\xca\x47\xf5\x9a\xbe\x68\x11\xe2\xc1\x7c\x20\x08\x00\
\xc0\xd8\x13\xf6\x01\x45\x32\x7d\x4d\x5f\x34\xa3\x53\x5e\x5a\x86\
\xf9\xe6\xa2\x61\x05\x80\x89\x86\xde\xd7\xa3\x07\x41\x79\x58\xb0\
\xfd\x6c\x98\xd8\x70\x20\x5a\x88\x78\x30\xef\x02\x04\x00\x18\x3d\
\xee\xdb\x07\x14\xd9\xc4\x15\x5d\x61\xc1\x8e\xb3\xd1\x8c\x4e\xf9\
\x48\xb2\xb8\xf4\xde\x37\x58\xc3\x0e\x00\x37\xbc\xf8\x51\x58\xbc\
\xef\x7a\xf4\x60\x28\x0f\x33\xd6\x1d\x8b\x16\x23\x1e\xcc\xbb\x00\
\x01\x00\x46\x8e\xb0\x0f\x28\x27\x33\xd7\x1d\x8b\x66\x73\xca\x47\
\x92\xc1\x6d\x78\xf1\xe3\x68\x2f\x1c\xac\x61\x07\x80\x89\xd5\x03\
\xef\x46\x0f\x88\xf2\xb0\x68\xd7\xf9\x30\x69\xe5\xa1\x68\x41\xe2\
\xc1\x7c\x20\x08\x00\xc0\xd0\xb9\x94\x17\x28\x67\xc9\xfc\xbd\x68\
\xd7\x85\x68\x36\xa7\x7c\xac\x3e\xf9\x6e\xb4\x37\x0e\xc5\x43\x05\
\x80\xdb\x5f\xfa\x22\xd4\xf7\xbc\x16\x3d\x28\xca\xc3\xac\x0d\xfd\
\xa1\x62\x69\x5b\xb4\x30\xf1\x60\x2e\x05\x06\x00\xb8\x37\x61\x1f\
\xc0\xaf\x54\xd4\xb4\x85\x59\x1b\x4f\x44\x33\x39\xe5\x23\xc9\xde\
\x92\x0c\x2e\xbd\x5f\x0e\xc5\x43\x05\x80\x89\xf5\x17\xbf\x1f\x9e\
\x6e\xbb\x1a\x3d\x38\xca\xc3\x94\x55\x3d\xd1\xe2\xc4\x83\xb9\x14\
\x18\x00\xe0\x4b\xee\xdb\x07\x70\x7f\x53\x9a\x7b\xa2\x59\x9c\xf2\
\x91\x64\x6e\x1b\x2e\x7e\x14\xed\x9f\x43\xf5\xd0\x01\x60\x62\xd5\
\x89\x6f\x47\x0f\x90\xf2\x30\x67\xf3\xc9\x50\x59\xd7\x1e\x2d\x50\
\x3c\x98\x77\x01\x02\x00\xe5\x48\xd8\x07\x30\x78\xc9\xbc\x3d\x67\
\xf3\x40\x34\x8b\x53\x3e\x92\xcc\x2d\xbd\x97\x0e\xc7\x88\x04\x80\
\xdb\x6e\x7c\x1e\xea\x0e\xbd\x12\x3d\x48\xca\xc3\xd4\xd5\xbd\xd1\
\x22\xc5\x83\x79\x17\x20\x00\x50\x74\x2e\xe5\x05\x78\x38\xd3\x56\
\xf7\x46\x33\x38\xe5\xa3\xee\xe0\xcb\xb7\x33\xb7\xf4\xfe\x3a\x1c\
\x23\x12\x00\x26\xd6\x5d\xf8\x5e\x78\x72\xcf\xe5\xe8\xc1\x52\x7c\
\xf3\xb6\x9e\x0e\xe3\xeb\xf7\x47\x0b\x15\x0f\xe6\x03\x41\x00\x80\
\xa2\x10\xf6\x01\x8c\xac\x64\xce\x4e\xe6\xed\xf4\x0c\x4e\x79\x48\
\x32\xb6\x75\xe7\xbf\x17\xed\xb7\xc3\x35\x62\x01\x60\x62\xe5\xf1\
\xb7\xa2\x07\x4c\x79\xa8\x5e\xd3\x17\x2d\x56\x0c\x4e\xfa\x3c\x02\
\x00\xc8\x3a\x61\x1f\xc0\xe8\x4b\xe6\xec\xf4\xec\x4d\xf9\x48\x32\
\xb6\xf4\xfe\xfb\x30\x46\x34\x00\xdc\x72\xfd\x47\xa1\xf6\xc0\xad\
\xe8\x41\x53\x7c\x0b\xb6\x9f\x09\x13\x1b\x0e\x44\x0b\x16\x0f\xe6\
\x5d\x80\x00\x40\xd6\xb9\x6f\x1f\xc0\xd8\x4a\xe6\xeb\x05\xdb\xcf\
\x46\xb3\x37\xe5\xa1\xb6\xeb\x56\xd8\x72\xed\xd3\x68\x3f\x7e\x18\
\x23\x1a\x00\x26\xd6\x9c\xfd\x6e\x78\xe2\xb9\x4b\xd1\x83\xa7\xf8\
\x66\xac\x3b\x16\x2d\x5a\x0c\x8e\x0f\x04\x01\x00\xb2\xc2\xbb\xfb\
\x00\x4a\x2f\x99\xaf\xd3\x33\x37\xe5\x21\xc9\xd4\xd6\x9c\xfd\x20\
\xda\x9f\x1f\xd6\x88\x07\x80\x89\x15\x47\xbf\x15\xfd\x01\x14\xdf\
\xc2\x9d\xe7\xc3\xa4\xc6\x83\xd1\xc2\xc5\x83\xf9\x40\x10\x00\xa0\
\x14\x84\x7d\x00\xd9\x33\x69\xe5\xa1\xb0\x68\xd7\xf9\x68\xe6\xa6\
\x3c\x24\x99\x5a\x7a\xbf\x1e\x09\xa3\x12\x00\x6e\xbe\xf2\x49\xa8\
\x39\x70\x33\xfa\x23\x28\xbe\x59\x1b\xfa\xa3\xc5\x8b\xc1\xf1\x2e\
\x40\x00\x60\x34\x09\xfb\x00\xb2\xaf\x62\xe9\xde\xdb\x73\x75\x7a\
\xd6\xa6\x3c\x24\x59\x5a\x92\xa9\xa5\xf7\xf0\x91\x30\x2a\x01\x60\
\xa2\xe5\xcc\x77\xc2\x63\xcf\x5c\x8c\xfe\x18\x8a\x6f\x72\x53\x77\
\xb4\x88\xf1\x60\xde\x05\x08\x00\x8c\x24\xf7\xed\x03\xc8\x9f\x29\
\xab\xba\xa3\x19\x9b\xf2\xb0\xe8\x99\x17\x42\xcb\x99\xf7\xa3\xfd\
\x7c\xa4\x8c\x5a\x00\x98\x68\x38\xf2\x7a\xf4\x07\x51\x7c\x73\x36\
\x0d\x84\x71\xb5\xed\xd1\x42\xc6\x83\xf9\x40\x10\x00\x60\x38\xbe\
\x1a\xf6\x09\xfc\x00\xf2\x69\x5c\x5d\x7b\x98\xb3\x79\x20\x9a\xb1\
\x29\x0f\x0d\xbd\xdf\x8c\xf6\xf7\x91\x34\xaa\x01\xe0\xa6\x17\x7f\
\x10\x96\xec\xbf\x11\xfd\x51\x14\xdf\xd4\xd5\x87\xa3\xc5\x8c\xc1\
\x71\x29\x30\x00\x70\x3f\x2e\xe5\x05\x28\xa6\xa9\xab\x7b\xa3\xd9\
\x9a\xf2\xb0\xb8\xe3\xfa\xed\x0c\x2d\xbd\xe7\x8f\xa4\x51\x0d\x00\
\x13\x49\x73\x92\xfe\xc3\x28\xbe\xb9\x5b\x4f\x85\xf1\xf5\x1d\xd1\
\x82\xc6\x83\xb9\x14\x18\x00\xb8\x43\xd8\x07\x50\x1e\xc6\xd7\xef\
\x0f\xf3\xb6\x9e\x8e\x66\x6b\xca\x43\xf3\xc9\xd1\x7f\x23\xd0\xa8\
\x07\x80\x3b\x6f\xfd\x38\x2c\x3f\xfc\x5a\xf4\xc7\x51\x7c\xd5\xad\
\x7d\xd1\xa2\xc6\xe0\x78\x17\x20\x00\x94\x27\xf7\xed\x03\x28\x4f\
\xd5\x6b\xfa\xa2\x99\x9a\xf2\x90\x64\x66\x3b\x5e\xfa\x22\xea\x09\
\x46\xda\xe8\x07\x80\x2f\xff\x76\x58\x7f\xf1\xa3\xf0\x74\xfb\xd5\
\xe8\x8f\xa4\xd8\xe6\x6f\x3f\x13\x26\x36\x1c\x88\x16\x36\x1e\xcc\
\xbb\x00\x01\xa0\xf8\xdc\xb7\x0f\x80\x44\x32\x37\xcf\xdf\x71\x36\
\x9a\xa9\x29\xbe\x24\x2b\x4b\x32\xb3\x74\x8f\x30\x1a\xc6\x24\x00\
\x4c\xac\x3a\xf1\xed\xe8\x0f\xa5\xf8\x66\xac\x3b\x16\x2d\x6e\x0c\
\x8e\x0f\x04\x01\x80\xe2\x70\x29\x2f\x00\xf7\x92\xcc\xcd\xe9\x59\
\x9a\xf2\xd0\x7c\xe2\x9d\xa8\x67\x18\x2d\x63\x16\x00\x6e\xbb\xf1\
\x79\x58\xd6\xfd\x4a\xf4\xc7\x52\x6c\x0b\x77\x9e\x0f\x55\x8d\x07\
\xa3\x05\x8e\xc1\x49\x9f\x47\x00\x40\xf6\x09\xfb\x00\x18\xac\x49\
\x2b\x0f\x85\x85\xbb\xce\x47\xb3\x34\xc5\x97\x64\x64\x49\x56\x96\
\xee\x23\x46\xcb\x98\x05\x80\x89\x75\x17\x3e\x0c\x4f\xee\xbd\x12\
\xfd\xd1\x14\xdb\xac\x0d\xfd\xa1\xe2\x2e\x0b\x1d\x0f\xe6\x52\x60\
\x00\xc8\xb6\x3b\x61\x9f\xfb\xf6\x01\x30\x54\xc9\x9c\x9c\xcc\xcb\
\xe9\x19\x9a\xe2\x4b\xb2\xb1\x24\x23\x4b\xf7\x15\xa3\x69\x4c\x03\
\xc0\x44\xd3\xf1\xb7\xa2\x3f\x9c\xe2\x9b\xbc\xaa\x3b\x5a\xec\x18\
\x1c\x1f\x08\x02\x00\xd9\xe1\xbe\x7d\x00\x8c\x94\xc9\x4d\xdd\xd1\
\xec\x4c\x79\x68\x3a\xfe\x76\xd4\x63\x8c\xb6\x31\x0f\x00\xb7\x5e\
\xfb\x51\xa8\x3d\xf8\x72\xf4\xc7\x53\x6c\x73\x36\x0d\x84\x71\xb5\
\xed\xd1\x82\xc7\x83\x79\x17\x20\x00\x94\x86\x4b\x79\x01\x18\x2d\
\xc9\x7c\x9c\xcc\xc9\xe9\xd9\x99\xe2\xab\xed\xba\x75\x3b\x1b\x4b\
\xf7\x1d\xa3\x6d\xcc\x03\xc0\xc4\x9a\x73\xdf\x0b\x4f\x3c\x7f\x29\
\x7a\x12\x28\xb6\xa9\xab\x0f\x47\x8b\x1e\x83\xe3\x5d\x80\x00\x30\
\xba\x84\x7d\x00\x8c\xa5\x64\x3e\x4e\xcf\xcc\x14\x5f\x92\x85\xad\
\x39\xfb\x41\xd4\x87\x8c\x85\x92\x04\x80\x89\xc6\xa3\xdf\x8a\x9e\
\x08\x8a\x6d\xde\xd6\x53\x61\x7c\x7d\x47\xb4\xf0\x31\x38\xe9\x73\
\x08\x00\x18\x1e\xf7\xed\x03\xa0\x94\x92\xb9\x78\xee\xd6\x53\xd1\
\xcc\x4c\xf1\x35\x1e\x7d\x33\xea\x4b\xc6\x4a\xc9\x02\xc0\xcd\x57\
\x3f\x0d\x4b\x3b\x6f\x46\x4f\x06\xc5\x56\xdd\xda\x17\x2d\x7e\x0c\
\x4e\x32\xa4\xa4\xcf\x23\x00\xe0\xc1\x84\x7d\x00\x64\x49\x32\x17\
\xa7\x67\x65\x8a\x2f\xc9\xc0\x36\x5f\xf9\x24\xea\x53\xc6\x4a\xc9\
\x02\xc0\x44\xeb\xe9\xf7\xc3\xe3\xcf\x5e\x8c\x9e\x14\x8a\x6b\xc1\
\xf6\xb3\x61\x62\xc3\x81\x68\x01\x64\x70\x5c\x0a\x0c\x00\xf7\xe7\
\x52\x5e\x00\xb2\x2c\x99\x87\xe7\x6f\x3f\x13\xcd\xca\x14\x5b\x92\
\x7d\x25\x19\x58\xba\x6f\x19\x4b\x25\x0d\x00\x13\x0d\x47\x5e\x8f\
\x9e\x18\x8a\x6d\xc6\xba\x63\xd1\x22\xc8\xe0\xf8\x40\x10\x00\xf8\
\x15\x61\x1f\x00\x79\x93\xcc\xc3\xe9\x19\x99\xe2\x6b\x38\xf2\x46\
\xd4\xc7\x8c\xb5\x92\x07\x80\x1b\x5f\xfc\x41\x58\xb2\xff\x46\xf4\
\xe4\x50\x5c\x0b\x77\x9d\x0f\x93\x1a\x0f\x46\x0b\x21\x83\xe3\x5d\
\x80\x00\x94\x23\xf7\xed\x03\x20\xef\xaa\x1a\x0f\x86\x85\x3b\xcf\
\x47\x33\x32\xc5\xb6\x74\xff\x8d\xdb\xd9\x57\xba\xb7\x19\x6b\x25\
\x0f\x00\x13\x49\x33\x97\x7e\x82\x28\xb6\x59\x1b\xfa\xa3\xc5\x90\
\xc1\xf1\x2e\x40\x00\xca\x81\xb0\x0f\x80\x22\xa9\x58\xba\xf7\xf6\
\x1c\x9c\x9e\x8d\x29\xbe\xac\xbc\x89\x27\x13\x01\xe0\x8e\x5b\x3f\
\x0e\xcb\x0f\x7f\x33\x7a\x92\x28\xb6\xc9\xab\xba\xa3\x45\x91\xc1\
\xf1\x81\x20\x00\x14\x89\x4b\x79\x01\x28\xba\x64\xfe\x4d\xcf\xc4\
\x14\x5f\x7d\xcf\x37\xc3\x8e\x97\x7f\x1c\xf5\x3e\xa5\x90\x89\x00\
\x30\xb1\xf1\xe2\xc7\xb7\x43\x8d\xf4\x93\x45\x71\xcd\xde\x34\x10\
\xc6\xd5\xb6\x47\x0b\x23\x83\x93\x95\x7f\x45\x00\x80\xa1\x10\xf6\
\x01\x50\x6e\x92\xb9\x77\xce\xa6\x81\x68\x26\xa6\xd8\x16\xb7\x5f\
\x0d\x1b\x2e\x7e\x14\xf5\x42\xa5\x92\x99\x00\x30\xd1\x3c\xf0\x6e\
\xf4\x84\x51\x6c\x53\x9b\x0f\x47\x8b\x23\x83\xe3\x52\x60\x00\xb2\
\x4e\xd8\x07\x00\x7b\xc3\xd4\xd5\x87\xa3\x59\x98\xe2\x5b\x75\xe2\
\x9d\xa8\x37\x2a\xa5\x4c\x05\x80\xdb\x6f\x7e\x11\x96\x75\xbf\x12\
\x3d\x69\x14\xd7\xdc\x2d\xa7\xc2\xf8\x65\x1d\xd1\x02\xc9\xe0\x78\
\x17\x20\x00\x59\xe2\xbe\x7d\x00\xf0\xeb\xc6\xd7\x77\x84\x79\x5b\
\x4f\x45\xb3\x30\xc5\x56\xdf\xfd\x6a\xd8\x76\xf3\xf3\xa8\x57\x2a\
\xa5\x4c\x05\x80\x89\x75\x17\x3e\x0c\x4f\xed\xbd\x12\x3d\x79\x14\
\x57\x75\xeb\x91\x68\x91\x64\x70\xbc\x0b\x10\x80\x52\xf1\xee\x3e\
\x00\x78\xb0\xea\xd6\xbe\x68\x06\xa6\xd8\x92\x4c\x6b\xdd\x0b\x1f\
\x46\xbd\x53\xa9\x65\x2e\x00\x4c\x34\x1d\x7f\x3b\x7a\x02\x29\xae\
\xf9\xdb\xcf\x84\x89\x0d\x9d\xd1\x42\xc9\xe0\xf8\x40\x10\x00\x46\
\x9b\xb0\x0f\x00\x86\x6e\x62\xc3\x81\xb0\x60\xfb\xd9\x68\x06\xa6\
\xd8\x92\x4c\x2b\xdd\x4b\x65\x41\x26\x03\xc0\x2d\xd7\x7f\x14\xea\
\x0e\xbe\x1c\x3d\x89\x14\xd7\x8c\xb5\x47\xa3\xc5\x92\xc1\x4b\x9f\
\x43\x00\x30\x5c\xc2\x3e\x00\x18\x19\x33\xd6\x1d\x8b\x66\x5f\x8a\
\xad\xee\xe0\x2b\x61\xeb\xf5\x1f\x45\xfd\x55\x16\x64\x32\x00\x4c\
\xac\x3d\xf7\x41\x78\xe2\xf9\x17\xa3\x27\x93\x62\x5a\xb8\xf3\x5c\
\xa8\x6a\xec\x8a\x16\x4c\x06\xc7\xa5\xc0\x00\x0c\x97\xfb\xf6\x01\
\xc0\xc8\x9b\xd4\x78\x30\x2c\xdc\x75\x3e\x9a\x7d\x29\xae\x27\x9e\
\xbf\x14\xd6\x9e\xff\x20\xea\xb5\xb2\x22\xb3\x01\x60\xa2\xf1\xe8\
\x5b\xd1\x13\x4a\x71\xcd\xda\xd0\x1f\x2d\x9a\x0c\x9e\x0f\x04\x01\
\xe0\x41\xbe\x1a\xf6\x09\xfc\x00\x60\xf4\xcc\xda\x70\x3c\x9a\x79\
\x29\xb6\xc6\x63\x6f\x46\xbd\x57\x96\x64\x3a\x00\xdc\x72\xf5\xd3\
\x50\x73\xe0\xa5\xe8\x49\xa5\xa0\x76\x5f\x08\x93\x9b\xba\xa3\x85\
\x93\xc1\xf1\x2e\x40\x00\xbe\xca\xa5\xbc\x00\x50\x1a\xc9\x5c\xbb\
\x68\xf7\x85\x78\xe6\xa5\xb0\x6a\x3a\x5f\x0a\x9b\xaf\x7e\x12\xf5\
\x63\x59\x92\xe9\x00\x30\xd1\x7a\xe6\xbb\xe1\xb1\x67\x2f\x46\x4f\
\x2e\xc5\x34\x7b\xd3\x40\x18\x57\xdb\x1e\x2d\xa0\x0c\x8e\x77\x01\
\x02\x94\x27\x61\x1f\x00\x64\x43\x32\xcf\x26\x73\x6d\x7a\xd6\xa5\
\xc0\x9e\xbd\x14\x5a\xcf\xbc\x1f\xf5\x67\x59\x93\xf9\x00\x30\xb1\
\xe2\xc8\x1b\xf1\x13\x4c\x61\x4d\x5d\x7d\x38\x5a\x44\x19\xbc\xf4\
\xf9\x03\x40\xf1\xb8\x6f\x1f\x00\x64\xd3\xd4\xe6\xc3\xd1\x8c\x4b\
\xb1\xad\xe8\x7b\x23\xea\xd5\xb2\x28\x17\x01\xe0\xa6\xcb\x3f\x08\
\x4b\x3a\x6e\x44\x4f\x32\xc5\x34\x77\xcb\xa9\x50\xb9\xac\x23\x5a\
\x48\x19\x1c\x97\x02\x03\x14\x8b\xfb\xf6\x01\x40\x3e\x8c\x5f\xd6\
\x71\x7b\x9e\x4d\xcf\xb8\x14\xd7\x92\x8e\x9b\xb7\x33\xab\x74\xff\
\x96\x45\xb9\x08\x00\x13\x49\xf3\x9b\x7e\xa2\x29\xae\xea\xd6\x23\
\xd1\x62\xca\xe0\x25\x83\x62\xfa\x1c\x02\x20\xfb\x5c\xca\x0b\x00\
\xf9\x95\xcc\xb1\xe9\xd9\x96\x62\xcb\xd3\x6d\xb8\x72\x13\x00\xee\
\xbc\xf5\xe3\xb0\xfc\xf0\xeb\xd1\x93\x4d\x31\xcd\xdf\x7e\x26\x4c\
\x68\xe8\x8c\x16\x54\x06\x2f\x4f\x0b\x11\x40\x39\x12\xf6\x01\x40\
\x71\x4c\x6c\xe8\xbc\x3d\xc7\xa6\x67\x5b\x8a\x6b\x79\xef\xeb\xb7\
\xb3\xaa\x74\x8f\x97\x55\xf9\x09\x00\x5f\xfe\xed\xb0\xe1\xd2\x47\
\xb7\xdf\xd9\x94\x7e\xd2\x29\xa6\x19\x6b\x8f\x46\x8b\x2a\x83\xe7\
\x52\x60\x80\xec\xb8\x13\xf6\xb9\x6f\x1f\x00\x14\xd3\x8c\xb5\xc7\
\xa2\x99\x96\xe2\x7a\x7a\xdf\xb5\xdb\x19\x55\xba\xe7\xcb\xb2\x5c\
\x05\x80\x89\x55\x27\xdf\x8d\x9e\x78\x8a\x69\xc1\xce\x73\xa1\xaa\
\xb1\x2b\x5a\x58\x19\x3c\x21\x20\x40\x69\xb8\x6f\x1f\x00\x94\x8f\
\x64\x6e\x5d\xb8\xf3\x5c\x34\xd3\x52\x5c\xcd\x03\xef\x44\xfd\x5f\
\xd6\xe5\x2e\x00\xdc\xfe\xd2\x17\xa1\xbe\xfb\xb5\xe8\xc9\xa7\x98\
\x66\x6d\xe8\x8f\x16\x57\x86\x46\x08\x08\x30\xba\x5c\xca\x0b\x00\
\xe5\x2d\x99\x5b\xd3\xb3\x2c\xc5\xb5\xac\xfb\xd5\xb0\xfd\xe6\xe7\
\x51\x4f\x98\x75\xb9\x0b\x00\x13\xeb\x5f\xf8\x7e\x78\xaa\xed\x4a\
\xf4\x22\x50\x3c\x8b\x9e\xb9\x10\x26\x37\x75\x47\x0b\x2c\x43\x23\
\x04\x04\x18\x19\xc2\x3e\x00\xe0\xab\x92\x79\xf5\xb1\xdd\x17\xa2\
\x59\x96\x62\x7a\xba\xed\x6a\x58\x77\xe1\xc3\xa8\x47\xcc\x83\x5c\
\x06\x80\x89\x55\x27\xbe\x1d\xbd\x10\x14\xd3\xec\x4d\x03\x61\x5c\
\x6d\x7b\xb4\xd0\x32\x34\xc9\xa0\xea\x83\x41\x00\x06\xcf\x7d\xfb\
\x00\x80\xfb\x49\xe6\xd4\x64\x5e\x4d\xcf\xb0\x14\x57\x53\xff\xdb\
\x51\xcf\x98\x17\xb9\x0d\x00\xb7\xdd\xf8\x2c\xd4\x1d\x7a\x25\x7a\
\x31\x28\xa6\xa9\xcd\x87\xa3\xc5\x96\xe1\x49\x06\xd9\xf4\xf9\x04\
\x80\xfb\xf6\x01\x00\x43\x33\x75\xf5\xe1\x68\x76\xa5\xb8\x92\x0c\
\x6a\xeb\xf5\x1f\x45\x3d\x64\x5e\xe4\x36\x00\x4c\xac\x39\xff\x41\
\x78\xf2\xf9\x17\xa3\x17\x85\xe2\x99\xbb\xe5\x54\x18\xbf\xac\x23\
\x5a\x70\x19\x1e\x21\x20\x50\xee\x84\x7d\x00\xc0\xc3\xa8\x5c\xd6\
\x71\x7b\x4e\x4d\xcf\xae\x14\xd3\x93\x7b\x2e\x87\xb5\xe7\x3f\x88\
\x7a\xca\x3c\xc9\x75\x00\x98\x58\x79\xec\xad\xe8\x85\xa1\x98\xaa\
\x5b\x8f\x44\x8b\x2e\xc3\x97\x0c\xbc\x82\x40\xa0\x1c\x08\xfb\x00\
\x80\x91\x96\xcc\xa7\xe9\x99\x95\xe2\x4a\xb2\xa7\x74\x8f\x99\x37\
\xb9\x0f\x00\x37\x5f\xfd\x24\xd4\x74\xdd\x8a\x5e\x1c\x8a\x67\xfe\
\xb6\x33\x61\x42\x43\x67\xb4\xf0\xf2\x70\x84\x80\x40\x51\xb8\x67\
\x1f\x00\x30\x16\x92\xb9\x74\xfe\xf6\x33\xd1\xcc\x4a\x31\xd5\x1c\
\x78\xe9\x76\xf6\x94\xee\x3d\xf3\x26\xf7\x01\x60\x62\xcd\xd9\xef\
\x86\xc7\x9f\xbd\x18\xbd\x48\x14\xcf\x8c\xb5\x47\xa3\xc5\x97\x91\
\x21\x08\x04\xf2\xc4\xa7\xf1\x02\x00\xa5\x32\x63\xed\xb1\x68\x56\
\xa5\x98\x1e\x7f\xee\xe2\xed\xcc\x29\xdd\x8b\xe6\x51\x21\x02\xc0\
\xc4\x8a\xbe\x6f\x45\x2f\x14\xc5\xb3\x60\xe7\xb9\x50\xb5\xa2\x2b\
\x5a\x80\x19\x39\x49\x10\x28\x0c\x04\xb2\xc2\xbb\xfa\x00\x80\x2c\
\xa9\x6a\xec\xba\x3d\x97\xa6\x67\x55\x8a\x69\x45\xdf\x1b\x51\x7f\
\x9a\x57\x85\x09\x00\x37\x5d\xfe\x61\x58\xda\x79\x33\x7a\xb1\x28\
\x1e\x03\xe0\xd8\x11\x06\x02\x63\x25\x1d\xf4\x59\xeb\x01\x80\x2c\
\x4a\x7a\x94\xf4\x8c\x4a\x31\x2d\xdd\x7f\x33\x6c\xba\xfc\x83\xa8\
\x6f\xcd\xab\xc2\x04\x80\x89\x96\xd3\xdf\x89\x5e\x30\x8a\x67\xd1\
\xee\x0b\x61\x72\xd3\xa1\x68\x21\x66\xf4\xdd\xf9\xe0\x90\xc4\x9d\
\x61\x3d\x7d\x1e\x02\xdc\xcb\x9d\x75\xc3\xa5\xbb\x00\x40\x1e\x25\
\x73\x68\x32\x8f\xa6\x67\x54\x8a\xa9\xa5\x60\xf3\x6e\xa1\x02\xc0\
\xc4\xf2\xde\xd7\xa3\x17\x8d\xe2\x99\xbd\x69\x20\x54\xd4\xb4\x47\
\x0b\x32\xa5\x77\x67\xa8\xbf\x13\x14\xa6\x03\x43\xa1\x21\x14\x9f\
\x77\xf3\x01\x00\x45\x93\xcc\x9f\xb3\x37\x9d\x88\x66\x53\x8a\x29\
\xc9\x96\x76\xdc\x8a\xfb\xdc\x3c\x2b\x5c\x00\xb8\xf1\xd2\x47\x61\
\xf1\xbe\xeb\xd1\x8b\x47\xf1\x4c\x6d\x3e\x1c\x2d\xca\xe4\x93\xd0\
\x10\xf2\x47\xc8\x07\x00\x94\x93\x64\xfe\x4c\xcf\xa4\x14\x53\x92\
\x29\x25\xd9\x52\xba\xff\xcd\xbb\xc2\x05\x80\x89\xe6\x81\x77\xa3\
\x17\x90\xe2\x99\xbb\xe5\x64\xa8\x5c\xd6\x11\x2d\xcc\x14\xdf\x9d\
\xb0\x41\x68\x08\xa3\xe7\xab\x01\x9f\x90\x0f\x00\x28\x67\xc9\xdc\
\x39\x77\xcb\xa9\x68\x26\xa5\x98\x92\x4c\x29\xdd\x1b\x17\x41\x21\
\x03\xc0\xed\x37\x3f\x0f\xcb\x7a\x5e\x8b\x5e\x44\x8a\xa7\xba\xb5\
\x37\x5a\x9c\xe1\x6e\x84\x86\xf0\x2b\x5f\x3d\xe6\x05\x7c\x00\x00\
\xf7\x37\xad\xe5\x48\x34\x8b\x52\x4c\xf5\x3d\xaf\x85\x1d\x37\xbf\
\x88\xfa\xe7\x22\x28\x64\x00\x98\x58\xff\xc2\xf7\xc3\xd3\xed\x57\
\xa3\x17\x93\x62\x99\xb7\xed\x4c\x98\xb0\xbc\x33\x5a\xa0\x61\x24\
\x08\x0d\xc9\xa3\xfb\x85\x7b\x02\x3e\x00\x80\xa1\x49\xe6\xcd\xf9\
\xdb\xce\x44\xb3\x28\xc5\xf3\x54\xdb\x95\xdb\x59\x52\xba\xbf\x2e\
\x8a\xc2\x06\x80\x89\xa6\x13\xdf\x8e\x5e\x50\x8a\x67\xfa\xda\xa3\
\xd1\x22\x0d\xa5\x22\x34\x64\xb4\x08\xf6\x00\x00\xc6\x5e\x32\x6f\
\xa6\x67\x50\x8a\xa9\xa9\xff\xed\xa8\x07\x2f\x92\x42\x07\x80\xdb\
\x6e\x7c\x16\x96\x1d\x7a\x25\x7a\x51\x29\x96\x05\x3b\xce\x85\xaa\
\xc6\xae\x68\xa1\x86\xbc\x10\x1a\x96\xa7\xbb\x05\x7a\x42\x3d\x00\
\x80\xec\xa8\x5a\xd1\x15\x16\xec\x3c\x17\xcd\xa0\x14\x4f\xdd\xc1\
\x57\x6e\x67\x48\xe9\x9e\xbd\x48\x0a\x1d\x00\x26\xd6\x9d\xff\x5e\
\x78\x72\xef\x95\xe8\xc5\xa5\x58\x0c\xca\x94\x9b\xaf\x86\x44\x0f\
\x0a\x0e\x85\x87\xa3\x23\xfd\x1c\xdf\x2f\xc8\xb3\x46\x01\x00\xe4\
\x4f\xd2\xc3\xa5\x67\x4f\x8a\xe7\xc9\x3d\x97\xc3\xda\x73\x1f\x44\
\xfd\x7e\xd1\x14\x3e\x00\x4c\xac\x3c\xfe\x76\xf4\x02\x53\x2c\x8b\
\x76\x5f\x08\x93\x9b\x0e\x45\x0b\x36\x70\x7f\xe9\x90\xea\x6e\x61\
\x62\x5a\x3a\xf4\xba\x97\xf4\x5a\x3c\x9a\xd2\xbf\xfb\x7e\xd2\x7f\
\xcf\xfd\x42\x3b\xe1\x1d\x00\x40\x79\x4a\xe6\xcb\x64\xce\x4c\xcf\
\x9e\x14\xcf\xca\x63\x6f\x45\xf3\x45\x11\x95\x45\x00\xb8\xf5\xda\
\xa7\xa1\xb6\xeb\x56\xf4\x22\x53\x2c\xb3\x37\x0d\x84\x8a\x9a\xf6\
\x68\xe1\x06\x00\x00\x80\xc1\x1a\x57\xd3\x7e\x7b\xbe\x4c\xcf\x9c\
\x14\x4f\x92\x15\x6d\xb9\xf6\x69\x94\x23\x15\x51\x59\x04\x80\x89\
\xd6\xb3\xdf\x0d\x8f\x3f\x77\x29\x7a\xb1\x29\x96\x29\xcd\x3d\xd1\
\xe2\x0d\x00\x00\x00\x83\x35\xb5\xf9\x70\x34\x6b\x52\x3c\x4f\x3c\
\x77\xe9\x76\x56\x94\xce\x8f\x8a\xaa\x6c\x02\xc0\x44\x63\xdf\xb7\
\xa2\x17\x9c\x62\x99\xbb\xe5\x64\xa8\x5c\xd6\x11\x2d\xe0\x00\x00\
\x00\xf0\x20\xc9\x3c\x39\x77\xcb\xa9\x68\xd6\xa4\x78\x92\x8c\x28\
\x9d\x1b\x15\x59\x59\x05\x80\x9b\x2f\xff\x30\x2c\xed\xbc\x19\xbd\
\xe8\x14\xcb\xb4\x96\xde\x68\x11\x07\x00\x00\x80\x07\xa9\x6e\x3d\
\x12\xcd\x98\x14\xcf\x92\xfd\x37\xc2\xe6\x2b\x9f\x44\xb9\x51\x91\
\x95\x55\x00\x98\x68\x39\xfd\x9d\xf0\xd8\x33\x17\xa3\x17\x9f\xe2\
\x98\xb7\xed\x4c\x98\xb0\xbc\x33\x5a\xc8\x01\x00\x00\xe0\x5e\x92\
\x39\x72\xfe\xb6\x33\xd1\x8c\x49\xf1\xb4\x9c\x1e\xdb\x0f\x2d\xcc\
\x82\xb2\x0b\x00\x13\x0d\xbd\xaf\x47\x2f\x3e\xc5\x32\x7d\xed\xd1\
\x68\x31\x07\x00\x00\x80\x7b\x49\xe6\xc8\xf4\x6c\x49\xf1\x24\x99\
\x50\x3a\x27\x2a\x07\x65\x19\x00\x6e\xbc\xf4\x71\x58\xdc\x71\x23\
\x3a\x08\x28\x8e\x05\x3b\xce\x85\xaa\xc6\xae\x68\x41\x07\x00\x00\
\x80\xb4\xaa\x15\x5d\xb7\xe7\xc8\xf4\x6c\x49\xb1\x2c\xde\x77\x3d\
\x6c\x78\xf1\xe3\x28\x27\x2a\x07\x65\x19\x00\x26\x56\x9f\x7c\x2f\
\x3a\x10\x28\x96\x99\xeb\x8f\x47\x8b\x3a\x00\x00\x00\xa4\x25\xf3\
\x63\x7a\xa6\xa4\x78\x56\x9f\x7c\x37\xca\x87\xca\x45\xd9\x06\x80\
\x3b\x6e\x7d\x11\xea\x7b\x5e\x8b\x0e\x06\x8a\x63\xd1\xee\x0b\x61\
\x72\xd3\xa1\x68\x61\x07\x00\x00\x80\x3b\x92\xb9\x71\xd1\xae\x0b\
\xd1\x4c\x49\xb1\x24\x19\xd0\xf6\x97\xbe\x88\xf2\xa1\x72\x51\xb6\
\x01\x60\x62\xfd\x0b\xdf\x0f\x4f\xb5\x5d\x8d\x0e\x0a\x8a\x63\xf6\
\xc6\x13\xa1\xa2\xa6\x2d\x5a\xe0\x01\x00\x00\x20\x99\x17\x67\x6d\
\x3c\x11\xcd\x92\x14\xcb\xd3\x6d\x57\xc3\x86\x8b\x1f\x45\xb9\x50\
\x39\x29\xeb\x00\x30\xb1\xaa\xff\xdb\xd1\x81\x41\xb1\x4c\x6d\xee\
\x89\x16\x79\x00\x00\x00\x48\xe6\xc5\xf4\x0c\x49\xf1\xac\x3a\xf1\
\xed\x28\x0f\x2a\x37\x65\x1f\x00\x6e\xbb\xf1\x59\xa8\x3b\xf4\x4a\
\x74\x70\x50\x1c\x73\xb6\x9c\x0c\x95\x75\xfb\xa2\x85\x1e\x00\x00\
\x80\xf2\x55\x59\xd7\x71\x7b\x5e\x4c\xcf\x90\x14\x4b\xdd\xa1\x97\
\xc3\xb6\x1b\x9f\x47\x79\x50\xb9\x29\xfb\x00\x30\xb1\xf6\xfc\xf7\
\xc2\x53\x7b\xaf\x44\x07\x09\xc5\x31\xad\xa5\x37\x5a\xec\x01\x00\
\x00\x28\x5f\xd5\x2d\x47\xa2\xd9\x91\x62\x79\x72\xcf\xe5\xb0\xee\
\xfc\xf7\xa2\x1c\xa8\x1c\x09\x00\xff\x85\xa6\xe3\x6f\x47\x07\x0a\
\xc5\x31\x6f\xdb\xe9\x30\x61\x79\x67\xb4\xe0\x03\x00\x00\x50\x7e\
\x92\xf9\x70\xde\xb6\x33\xd1\xec\x48\xb1\xac\x3c\xfe\x56\x94\xff\
\x94\x2b\x01\xe0\xbf\xb0\xe5\xfa\xa7\xa1\xb6\xeb\xe5\xe8\x60\xa1\
\x38\xa6\xaf\xe9\x8b\x16\x7d\x00\x00\x00\xca\x4f\x32\x1f\xa6\x67\
\x46\x8a\xa5\xb6\xeb\x56\xd8\x72\xed\xd3\x28\xff\x29\x57\x02\xc0\
\xaf\x58\x7b\xee\x83\xf0\xc4\xf3\x2f\x46\x07\x0d\xc5\xb0\x60\xc7\
\xb9\x50\xb5\xa2\x2b\x5a\xf8\x01\x00\x00\x28\x1f\xc9\x5c\x98\xcc\
\x87\xe9\x99\x91\xe2\x78\xe2\xb9\x4b\x61\xcd\xd9\x0f\xa2\xdc\xa7\
\x9c\x09\x00\x53\x1a\x8f\xbe\x19\x1d\x38\x14\xc7\x8c\xf5\xc7\xa3\
\xc5\x1f\x00\x00\x80\xf2\x31\x73\xfd\xf1\x68\x56\xa4\x58\x56\x1c\
\xfd\x56\x94\xf7\x94\x3b\x01\x60\xca\xe6\xab\x9f\x84\x9a\xce\x9b\
\xd1\xc1\x43\x31\x2c\xda\x75\x21\x4c\x6e\x3a\x14\x6d\x00\x00\x00\
\x00\x14\xdf\xa4\x95\x87\xc2\xa2\xdd\x17\xa2\x59\x91\xe2\xa8\x39\
\x70\x33\x6c\xbe\xf2\x49\x94\xf7\x94\x3b\x01\xe0\x5d\xb4\x9c\xf9\
\x4e\x78\xec\x99\x8b\xd1\x41\x44\x31\xcc\xda\x78\x22\x54\xd4\xb4\
\x45\x1b\x01\x00\x00\x00\xc5\x95\xcc\x81\xb3\x37\x9e\x88\x66\x44\
\x8a\x63\xd1\x33\x2f\x84\x96\x33\xef\x47\x39\x0f\x02\xc0\x7b\x6a\
\xe8\x7d\x3d\x3a\x90\x28\x8e\x29\xcd\x3d\xd1\x66\x00\x00\x00\x40\
\x71\x25\x73\x60\x7a\x36\xa4\x58\x1a\x7a\xbf\x19\xe5\x3b\x7c\x49\
\x00\x78\x0f\x9b\x5e\xfc\x38\x2c\xe9\xb8\x11\x1d\x4c\x14\xc3\x9c\
\x2d\x27\x43\x65\xdd\xbe\x68\x43\x00\x00\x00\xa0\x78\x2a\xeb\x3a\
\x6e\xcf\x81\xe9\xd9\x90\xe2\x58\xdc\x71\x3d\x6c\xbc\xf4\x71\x94\
\xef\xf0\x25\x01\xe0\x7d\xac\x3e\xf5\x5e\x74\x40\x51\x1c\xd3\x5a\
\x7a\xa3\x4d\x01\x00\x00\x80\xe2\x99\xd6\x72\x24\x9a\x09\x29\x96\
\xe6\x93\xef\x45\xb9\x0e\xbf\x22\x00\xbc\x8f\x1d\xb7\xbe\x08\xcb\
\x0f\x7f\x33\x3a\xa8\x28\x86\x79\xdb\x4e\x87\x09\xf5\x9d\xd1\xc6\
\x00\x00\x00\x40\x71\x4c\x58\xde\x19\xe6\x6d\x3b\x13\xcd\x84\x14\
\xc7\xf2\xc3\xaf\x85\x1d\x2f\x7d\x11\xe5\x3a\xfc\x8a\x00\xf0\x01\
\x36\x5c\xfc\x28\x2c\x6e\xbf\x16\x1d\x5c\x14\xc3\xf4\x35\x7d\xd1\
\xe6\x00\x00\x00\x40\x71\x4c\x5f\xdb\x17\xcd\x82\x14\xc7\xd3\xed\
\x57\xc3\xfa\x8b\x1f\x45\x79\x0e\xbf\x4e\x00\x38\x08\xab\x06\xde\
\x89\x0e\x30\x8a\x61\xc1\x8e\x73\xa1\x6a\x45\x57\xb4\x41\x00\x00\
\x00\x90\x7f\xc9\xbc\xb7\x60\xc7\xd9\x68\x16\xa4\x38\x9a\x4f\xbc\
\x13\xe5\x38\xc4\x04\x80\x83\xb0\xfd\xe6\xe7\x61\x59\xf7\x2b\xd1\
\x41\x46\x31\xcc\x5c\x77\x2c\xda\x24\x00\x00\x00\xc8\xbf\x64\xde\
\x4b\xcf\x80\x14\x47\x92\xd5\x6c\xbb\xf1\x79\x94\xe3\x10\x13\x00\
\x0e\xd2\xba\x0b\xdf\x0b\x4f\xee\xb9\x12\x1d\x6c\xe4\xdf\xa2\x5d\
\x17\xc2\xa4\x95\x87\xa2\x8d\x02\x00\x00\x80\xfc\x4a\xe6\xbc\x64\
\xde\x4b\xcf\x80\x14\xc3\x93\x7b\x2f\x87\x75\x17\x3e\x8c\xf2\x1b\
\xee\x4e\x00\x38\x04\x2b\x8f\xbf\x15\x1d\x70\x14\xc3\xec\x8d\x27\
\x42\x45\x4d\x5b\xb4\x61\x00\x00\x00\x90\x3f\xc9\x7c\x97\xcc\x79\
\xe9\xd9\x8f\xe2\x68\x3a\xfe\x76\x94\xdb\x70\x6f\x02\xc0\x21\xd8\
\x7a\xed\xd3\x50\x7b\xf0\xe5\xe8\xa0\xa3\x18\xa6\x34\xf7\x44\x9b\
\x06\x00\x00\x00\xf9\x93\xcc\x77\xe9\x99\x8f\xe2\xa8\xed\xba\x15\
\xb6\x5e\xfb\x51\x94\xdb\x70\x6f\x02\xc0\x21\x5a\x73\xee\x83\xf0\
\xc4\xf3\x2f\x46\x07\x1f\xf9\x37\x67\xf3\xc9\x50\x59\xb7\x2f\xda\
\x38\x00\x00\x00\xc8\x8f\x64\xae\x4b\xe6\xbb\xf4\xcc\x47\x31\x3c\
\xf1\xfc\xa5\xb0\xe6\xec\x07\x51\x5e\xc3\xfd\x09\x00\x87\x61\xe5\
\xb1\x37\xa3\x03\x90\x62\x98\xd6\xd2\x1b\x6d\x1e\x00\x00\x00\xe4\
\x47\x32\xd7\xa5\x67\x3d\x8a\xa3\xf1\xe8\x9b\x51\x4e\xc3\x83\x09\
\x00\x87\x61\xf3\xd5\x4f\x42\xcd\x81\x97\xa2\x83\x90\xfc\x9b\xb7\
\xed\x74\x98\x50\xdf\x19\x6d\x20\x00\x00\x00\x64\xdf\x84\xfa\xfd\
\x61\xde\xd6\xd3\xd1\xac\x47\x31\x2c\xed\xbc\x19\x36\x5f\xf9\x24\
\xca\x69\x78\x30\x01\xe0\x30\xb5\x9e\x79\x3f\x3c\xfe\xdc\xa5\xe8\
\x60\x24\xff\xa6\xaf\xe9\x8b\x36\x11\x00\x00\x00\xb2\xaf\x7a\x4d\
\x5f\x34\xe3\x51\x0c\x8f\x3f\x7b\x31\xb4\x9e\x7e\x3f\xca\x67\x18\
\x1c\x01\xe0\x43\x58\xd1\xf7\x46\x74\x40\x92\x7f\x0b\x76\x9c\x0d\
\x55\x2b\xba\xa2\x8d\x04\x00\x00\x80\xec\x4a\xe6\xb8\x64\x9e\x4b\
\xcf\x78\x14\x43\xc3\x91\x37\xa2\x5c\x86\xc1\x13\x00\x3e\x84\x4d\
\x97\x7f\x10\x96\xec\xbf\x11\x1d\x94\xe4\xdf\x8c\x75\xc7\xa2\xcd\
\x04\x00\x00\x80\xec\x4a\xe6\xb8\xf4\x6c\x47\x31\x2c\xe9\xb8\x1e\
\x36\xbe\xf8\x83\x28\x97\x61\xf0\x04\x80\x0f\x69\xf5\xa9\x77\xa3\
\x03\x93\xfc\x5b\xb4\xeb\x7c\x98\xb4\xf2\x60\xb4\xa1\x00\x00\x00\
\x90\x3d\x93\x56\x1e\x0a\x8b\x76\x5d\x88\x66\x3b\x8a\x61\xf5\xa9\
\xf7\xa2\x3c\x86\xa1\x11\x00\x3e\xa4\x1d\xb7\x7e\x1c\x96\x1f\xfe\
\x66\x74\x70\x92\x7f\xb3\x36\xf4\x87\x8a\x9a\xb6\x68\x63\x01\x00\
\x00\x20\x3b\x92\xb9\x6d\xd6\xc6\x13\xd1\x4c\x47\x31\xd4\xf7\x7c\
\x33\xec\x78\xf9\xc7\x51\x1e\xc3\xd0\x08\x00\x47\xc0\x86\x8b\x1f\
\x85\xc5\xfb\xae\x45\x07\x29\xf9\x37\x65\x55\x4f\xb4\xb9\x00\x00\
\x00\x90\x1d\xc9\xdc\x96\x9e\xe5\x28\x86\xc5\xed\xd7\x6e\x67\x2e\
\xe9\x1c\x86\xa1\x13\x00\x8e\x90\xe6\x81\x77\xa2\x03\x95\xfc\x9b\
\xb3\xf9\x64\xa8\xac\xdb\x17\x6d\x30\x00\x00\x00\x94\x5e\x32\xaf\
\x25\x73\x5b\x7a\x96\xa3\x18\x56\x9d\x78\x27\xca\x5f\x18\x1e\x01\
\xe0\x08\xd9\x7e\xf3\x8b\xb0\xac\xfb\xd5\xe8\x60\x25\xff\xa6\xb5\
\xf4\x46\x9b\x0c\x00\x00\x00\xa5\x97\xcc\x6b\xe9\x19\x8e\x62\xa8\
\xef\x7e\x35\x6c\xbb\xf9\x79\x94\xbf\x30\x3c\x02\xc0\x11\xb4\xfe\
\xc2\x87\xe1\xe9\xb6\xab\xd1\x41\x4b\xbe\xcd\xdb\x7a\x3a\x8c\xaf\
\xdf\x1f\x6d\x34\x00\x00\x00\x94\xce\x84\xfa\xfd\x61\xde\xb6\xd3\
\xd1\x0c\x47\xfe\x3d\xb5\xf7\x6a\x58\xf7\xc2\x87\x51\xee\xc2\xf0\
\x09\x00\x47\x58\x53\xff\xdb\xd1\x81\x4b\xfe\x55\xaf\xe9\x8b\x36\
\x1b\x00\x00\x00\x4a\x27\x99\xd3\xd2\xb3\x1b\xc5\xd0\x74\xfc\xed\
\x28\x6f\xe1\xe1\x08\x00\x47\xd8\xd6\xeb\x9f\x85\xda\x83\x2f\x47\
\x07\x2f\xf9\xb6\x60\xc7\xd9\x30\xb1\xe1\x40\xb4\xe1\x00\x00\x00\
\x30\xf6\x92\xf9\x2c\x99\xd3\xd2\xb3\x1b\xf9\x57\x77\xf0\x95\xb0\
\xf5\xfa\x8f\xa2\xbc\x85\x87\x23\x00\x1c\x05\x6b\xcf\x7d\x37\x3c\
\xf1\xfc\x8b\xd1\x41\x4c\xbe\xcd\x58\x77\x2c\xda\x74\x00\x00\x00\
\x18\x7b\xc9\x7c\x96\x9e\xd9\xc8\xbf\x24\x4b\x59\x7b\xfe\x83\x28\
\x67\xe1\xe1\x09\x00\x47\x49\xe3\xd1\x37\xa3\x03\x99\x7c\x5b\xb8\
\xeb\x7c\x98\xb4\xf2\x60\xb4\xf1\x00\x00\x00\x30\x76\x92\xb9\x2c\
\x99\xcf\xd2\x33\x1b\xf9\xb7\xf2\xd8\x9b\x51\xbe\xc2\xc8\x10\x00\
\x8e\x92\xcd\x57\x3e\x0d\x35\x07\x5e\x8a\x0e\x66\xf2\x6d\xd6\x86\
\xfe\x50\x51\xd3\x16\x6d\x40\x00\x00\x00\x8c\xbe\x8a\xa5\x6d\xb7\
\xe7\xb2\xf4\xac\x46\xfe\xd5\x74\xbe\x14\x36\x5f\xfd\x24\xca\x57\
\x18\x19\x02\xc0\x51\xd4\x7a\xe6\xfd\xf0\xf8\x73\x17\xa3\x83\x9a\
\x7c\x9b\xb2\xaa\x27\xda\x84\x00\x00\x00\x18\x7d\xc9\x3c\x96\x9e\
\xd1\x28\x80\x67\x2f\xdd\xce\x50\xd2\xb9\x0a\x23\x47\x00\x38\xca\
\x56\xf4\xbd\x11\x1f\xd8\xe4\xda\x9c\xcd\x27\x43\x65\xdd\xbe\x68\
\x23\x02\x00\x00\x60\xf4\x54\xd6\xb5\xdf\x9e\xc7\xd2\x33\x1a\xf9\
\x97\x64\x27\xe9\x3c\x85\x91\x25\x00\x1c\x65\x9b\x2e\xff\x30\x2c\
\xdd\x7f\x33\x3a\xb8\xc9\xb7\x69\xab\x7b\xa3\xcd\x08\x00\x00\x80\
\xd1\x93\xcc\x61\xe9\xd9\x8c\xfc\x5b\xd2\x71\x33\x6c\xba\xfc\x83\
\x28\x4f\x61\x64\x09\x00\xc7\x40\xcb\xa9\xf7\xa2\x03\x9c\x7c\x9b\
\xb7\xf5\x74\x18\x5f\xbf\x3f\xda\x90\x00\x00\x00\x18\x79\xc9\xfc\
\x95\xcc\x61\xe9\xd9\x8c\xfc\x5b\x7d\xea\xbd\x28\x47\x61\xe4\x09\
\x00\xc7\xc0\x8e\x97\x7f\x3b\x34\xf4\xbe\x1e\x1d\xe4\xe4\xdb\xf4\
\x35\x7d\xd1\xa6\x04\x00\x00\xc0\xc8\xab\x5e\xd3\x17\xcd\x64\xe4\
\xdf\xf2\xde\xd7\xc3\xce\x5b\x3f\x8e\x72\x14\x46\x9e\x00\x70\x8c\
\x6c\xbc\xf4\x71\x58\xbc\xef\x5a\x74\xb0\x93\x5f\x0b\xb6\x9f\x0d\
\x13\x1b\x0e\x44\x1b\x13\x00\x00\x00\x23\x27\x99\xbb\x92\xf9\x2b\
\x3d\x93\x91\x6f\x4f\xef\xbb\x16\x36\x5c\xfa\x28\xca\x4f\x18\x1d\
\x02\xc0\x31\xb4\x6a\xe0\x9d\xe8\x80\x27\xdf\x66\xac\x3b\x16\x6d\
\x4e\x00\x00\x00\x8c\x9c\x64\xee\x4a\xcf\x62\xe4\x5f\xf3\xc0\x3b\
\x51\x6e\xc2\xe8\x11\x00\x8e\xa1\xed\x2f\x7d\x11\xea\xbb\x5f\x8d\
\x0e\x7a\xf2\x6b\xd1\xae\xf3\x61\xd2\xca\x43\xd1\x06\x05\x00\x00\
\xc0\xc3\x4b\xe6\xad\x64\xee\x4a\xcf\x62\xe4\xdb\xb2\xee\x57\xc3\
\xf6\x9b\x9f\x47\xb9\x09\xa3\x47\x00\x38\xc6\xd6\xbf\xf0\xfd\xf0\
\x54\xdb\x95\xe8\xe0\x27\xbf\x66\x6d\xe8\x0f\x15\x4b\xdb\xa2\x8d\
\x0a\x00\x00\x80\xe1\x4b\xe6\xac\x64\xde\x4a\xcf\x60\xe4\xdb\xd3\
\x6d\x57\xc3\xba\x0b\x1f\x46\x79\x09\xa3\x4b\x00\x58\x02\xab\xfa\
\xdf\x8e\x4e\x00\xf2\x6d\xca\xaa\x9e\x68\xb3\x02\x00\x00\x60\xf8\
\x92\x39\x2b\x3d\x7b\x91\x7f\x4d\xfd\x6f\x47\x39\x09\xa3\x4f\x00\
\x58\x02\xdb\x6e\x7c\x16\xea\x0e\xbe\x12\x9d\x04\xe4\xd7\x9c\xcd\
\x27\x43\x65\x5d\x7b\xb4\x61\x01\x00\x00\x30\x74\xc9\x7c\x95\xcc\
\x59\xe9\xd9\x8b\x7c\xab\x3b\xf4\x4a\xd8\x7a\xfd\x47\x51\x4e\xc2\
\xe8\x13\x00\x96\xc8\xda\xf3\xdf\x0b\x4f\xee\xb9\x1c\x9d\x0c\xe4\
\xd7\xd4\xd5\xbd\xd1\xa6\x05\x00\x00\xc0\xd0\x25\xf3\x55\x7a\xe6\
\x22\xdf\x92\x0c\x64\xed\xf9\x0f\xa2\x7c\x84\xb1\x21\x00\x2c\xa1\
\x95\xc7\xde\x8a\x4e\x08\xf2\x6b\xde\xd6\xd3\x61\x7c\xfd\xfe\x68\
\xe3\x02\x00\x00\x60\xf0\xc6\xd7\x77\xdc\x9e\xaf\xd2\x33\x17\xf9\
\x96\x64\x20\xe9\x5c\x84\xb1\x23\x00\x2c\xa1\x2d\xd7\x3e\x0d\x35\
\x07\x5e\x8a\x4e\x0a\xf2\xab\x7a\x4d\x5f\xb4\x79\x01\x00\x00\x30\
\x78\xc9\x5c\x95\x9e\xb5\xc8\xb7\x24\xfb\xd8\x7c\xf5\x93\x28\x17\
\x61\xec\x08\x00\x4b\xac\xf5\xec\x77\xc3\xe3\xcf\x5e\x8c\x4e\x0e\
\xf2\x69\xc1\xf6\x33\x61\x62\xc3\x81\x68\x03\x03\x00\x00\xe0\xc1\
\x92\x79\x2a\x99\xab\xd2\xb3\x16\xf9\xf5\xf8\x73\x17\x43\xeb\x99\
\xf7\xa3\x3c\x84\xb1\x25\x00\xcc\x80\x15\x7d\x6f\x44\x27\x08\xf9\
\x35\x63\xdd\xb1\x68\x13\x03\x00\x00\xe0\xc1\x92\x79\x2a\x3d\x63\
\x91\x6f\x49\xe6\x91\xce\x41\x18\x7b\x02\xc0\x0c\xd8\x74\xf9\x87\
\x61\xc9\xfe\x1b\xd1\x49\x42\x3e\x2d\xdc\x79\x3e\x4c\x6a\x3c\x18\
\x6d\x64\x00\x00\x00\xdc\x5b\x32\x47\x2d\xdc\x75\x3e\x9a\xb1\xc8\
\xaf\xa5\xfb\x6f\x86\x4d\x97\x7f\x10\xe5\x20\x8c\x3d\x01\x60\x46\
\xb4\x9c\xfe\x4e\x74\xa2\x90\x5f\xb3\x36\xf4\x47\x9b\x19\x00\x00\
\x00\xf7\x96\xcc\x51\xe9\xd9\x8a\x7c\x6b\x39\xf5\x5e\x94\x7f\x50\
\x1a\x02\xc0\x0c\x69\x38\xf2\x7a\x74\xb2\x90\x5f\x93\x9b\xba\xa3\
\x0d\x0d\x00\x00\x80\x58\x32\x3f\xa5\x67\x2a\xf2\x6d\x79\xef\xeb\
\x61\xc7\xad\x38\xfb\xa0\x34\x04\x80\x19\xb2\xe1\xc5\x8f\xc3\x92\
\x7d\xd7\xa3\x93\x86\x7c\x9a\xb3\x69\x20\x8c\xab\x6d\x8f\x36\x36\
\x00\x00\x00\x7e\x25\x99\x9b\x92\xf9\x29\x3d\x53\x91\x5f\x8b\xf7\
\x5d\x0f\x1b\x2f\x7d\x14\xe5\x1e\x94\x8e\x00\x30\x63\x56\x9f\x7c\
\x2f\x3a\x71\xc8\xaf\xa9\xab\x0f\x47\x9b\x1b\x00\x00\x00\xbf\x92\
\xcc\x4d\xe9\x59\x8a\x7c\x6b\x1e\x78\x37\xca\x3b\x28\x2d\x01\x60\
\xc6\x6c\x7f\xe9\x8b\xb0\xac\xe7\xd5\xe8\xe4\x21\x9f\xe6\x6e\x3d\
\x15\xc6\xd7\x77\x44\x1b\x1c\x00\x00\x00\x7b\x6f\xcf\x4b\xc9\xdc\
\x94\x9e\xa5\xc8\xaf\xfa\xee\x57\xc3\x8e\x97\xbe\x88\xf2\x0e\x4a\
\x4b\x00\x98\x41\x1b\x2e\x7e\x14\x9e\x6e\xbb\x12\x9d\x44\xe4\x53\
\x75\x6b\x5f\xb4\xc9\x01\x00\x00\xb0\xf7\xf6\xbc\x94\x9e\xa1\xc8\
\xaf\xa7\xda\xae\x84\xf5\x17\x3e\x8c\x72\x0e\x4a\x4f\x00\x98\x51\
\x4d\x27\xbe\x1d\x9d\x48\xe4\xd3\xfc\xed\x67\xc2\xc4\x86\x03\xd1\
\x46\x07\x00\x00\x50\xce\x92\x39\x29\x99\x97\xd2\x33\x14\xf9\xd5\
\xd4\xff\x76\x94\x6f\x90\x0d\x02\xc0\x8c\xda\x7a\xe3\xb3\xb0\xec\
\xd0\xcb\xd1\xc9\x44\x3e\xcd\x58\x77\x2c\xda\xec\x00\x00\x00\xca\
\x59\x32\x27\xa5\x67\x27\xf2\xab\xee\xe0\x2b\x61\xdb\x8d\xcf\xa2\
\x7c\x83\x6c\x10\x00\x66\xd8\xba\xf3\xdf\x0b\x4f\xee\xbd\x1c\x9d\
\x54\xe4\xcf\xc2\x9d\xe7\x43\x55\xe3\xc1\x68\xc3\x03\x00\x00\x28\
\x47\x93\x1a\x0f\xde\x9e\x93\xd2\xb3\x13\xf9\xf4\xe4\x9e\xcb\x61\
\xed\xb9\x0f\xa2\x5c\x83\xec\x10\x00\x66\xdc\xca\xe3\x6f\x47\x27\
\x16\xf9\x34\x6b\x43\x7f\xa8\xb8\xcb\xc6\x07\x00\x00\x50\x4e\x92\
\xb9\x28\x99\x8f\xd2\x33\x13\xf9\xb5\xf2\xd8\x5b\x51\x9e\x41\xb6\
\x08\x00\x33\x6e\xeb\xb5\x4f\x43\x6d\xd7\xad\xe8\xe4\x22\x9f\x26\
\xaf\xea\x8e\x36\x3f\x00\x00\x80\x72\x32\x79\x55\x4f\x34\x2b\x91\
\x5f\x49\x66\xb1\xe5\xda\xa7\x51\x9e\x41\xb6\x08\x00\x73\x60\xcd\
\xd9\x0f\xc2\x13\xcf\x5f\x8a\x4e\x32\xf2\x67\xce\xa6\x81\x30\xae\
\xb6\x3d\xda\x00\x01\x00\x00\xca\x41\x32\x0f\x25\x73\x51\x7a\x56\
\x22\x9f\x1e\x7f\xf6\x62\x68\x3d\xfb\xdd\x28\xc7\x20\x7b\x04\x80\
\x39\xb1\xe2\xe8\x9b\xd1\x89\x46\x3e\x4d\x5d\x7d\x38\xda\x04\x01\
\x00\x00\xca\x41\x32\x0f\xa5\x67\x24\xf2\x6b\xc5\x91\x37\xa2\xfc\
\x82\x6c\x12\x00\xe6\xc4\xe6\x2b\x9f\x84\xa5\x9d\x37\xa2\x93\x8d\
\xfc\x99\xb7\xf5\x54\x18\x5f\xdf\x11\x6d\x84\x00\x00\x00\x45\x56\
\x59\xdf\x11\xe6\x6e\x39\x15\xcd\x48\xe4\xd3\x92\xfd\x37\x6e\x67\
\x15\xe9\xfc\x82\x6c\x12\x00\xe6\x48\xcb\xe9\xef\x84\x45\x77\x39\
\xe9\xc8\x9f\xea\xd6\xbe\x68\x33\x04\x00\x00\x28\xb2\xea\xd6\x23\
\xd1\x6c\x44\x7e\xb5\x9c\x7e\x2f\xca\x2d\xc8\x2e\x01\x60\xce\x34\
\xf4\xbe\x1e\x9d\x74\xe4\xcf\x82\xed\x67\xc3\xc4\x86\x03\xd1\x86\
\x08\x00\x00\x50\x44\x13\x1a\x3a\xc3\xfc\xed\x67\xa2\xd9\x88\x7c\
\x4a\xb2\x89\x74\x5e\x41\xb6\x09\x00\x73\x66\xe3\xa5\x8f\xc3\xe2\
\x8e\xeb\xd1\xc9\x47\xfe\xcc\x58\x77\x2c\xda\x14\x01\x00\x00\x8a\
\x68\xc6\xda\x63\xd1\x4c\x44\x3e\x2d\xd9\x77\x3d\x6c\x78\xf1\xe3\
\x28\xaf\x20\xdb\x04\x80\x39\xd4\x7c\xf2\xbd\xe8\x04\x24\x7f\x16\
\xee\x3a\x1f\x26\x35\x1e\x8c\x36\x46\x00\x00\x80\x22\xa9\x6a\x3c\
\x18\x16\xee\x3c\x17\xcd\x44\xe4\xd3\xea\x93\xef\x46\x39\x05\xd9\
\x27\x00\xcc\xa1\x1d\x2f\x7d\x11\x96\x1f\xfe\x66\x74\x12\x92\x3f\
\xb3\x36\xf4\x47\x9b\x23\x00\x00\x40\x91\x24\x73\x4f\x7a\x16\x22\
\x9f\xea\x7b\x5e\x0b\xdb\x5f\xfa\x22\xca\x29\xc8\x3e\x01\x60\x4e\
\xad\xbf\xf8\x51\x78\xba\xfd\x6a\x74\x32\x92\x3f\x93\x9b\xba\xa3\
\x0d\x12\x00\x00\xa0\x08\x92\x79\x67\xd1\xee\x78\x0e\x22\x7f\x9e\
\x6e\xbb\x1a\x36\x5c\xfc\x28\xca\x27\xc8\x07\x01\x60\x8e\x35\x9f\
\x78\x27\x3a\x21\xc9\x9f\xd9\x9b\x06\xc2\xb8\xda\xf6\x68\xa3\x04\
\x00\x00\xc8\xb3\x64\xce\x99\xb3\x69\x20\x9a\x81\xc8\xa7\x55\x27\
\xbe\x1d\xe5\x12\xe4\x87\x00\x30\xc7\xb6\xdd\xf8\x3c\xd4\x1d\x7a\
\x25\x3a\x29\xc9\x9f\xa9\xcd\x87\xa3\xcd\x12\x00\x00\x20\xcf\x92\
\x39\x27\x3d\xfb\x90\x4f\x75\x87\x5e\xbe\x9d\x41\xa4\x73\x09\xf2\
\x43\x00\x98\x73\xeb\x2e\x7c\x18\x9e\xda\x7b\x39\x3a\x39\xc9\x97\
\xb9\x5b\x4e\x85\xf1\xcb\x3a\xa2\x0d\x13\x00\x00\x20\x8f\x92\xf9\
\x26\x99\x73\xd2\xb3\x0f\xf9\xf3\xe4\x9e\xcb\x61\xdd\xf9\xef\x45\
\x79\x04\xf9\x22\x00\x2c\x80\xa6\xe3\x6f\x47\x27\x28\xf9\x53\xdd\
\x7a\x24\xda\x34\x01\x00\x00\xf2\x28\x99\x6f\xd2\x33\x0f\xf9\xb4\
\xf2\xf8\x5b\x51\x0e\x41\xfe\x08\x00\x0b\x60\xcb\xb5\x4f\x43\x6d\
\xd7\xcb\xd1\x49\x4a\xbe\xcc\xdf\x7e\x26\x4c\x6c\xe8\x8c\x36\x4e\
\x00\x00\x80\x3c\x49\xe6\x9a\x64\xbe\x49\xcf\x3c\xe4\x4f\x6d\xd7\
\xad\xb0\xf5\xda\xa7\x51\x0e\x41\xfe\x08\x00\x0b\x62\xed\xd9\x0f\
\xc2\x13\xcf\x5f\x8a\x4e\x56\xf2\x65\xc6\xda\xa3\xd1\xe6\x09\x00\
\x00\x90\x27\x33\xd6\x1e\x8b\x66\x1d\xf2\x27\xc9\x18\xd6\x9c\xfd\
\x20\xca\x1f\xc8\x27\x01\x60\x81\x34\x1e\x7d\x33\x3a\x61\xc9\x97\
\x85\x3b\xcf\x85\xaa\xc6\xae\x68\x03\x05\x00\x00\xc8\x83\xaa\xc6\
\x83\xb7\xe7\x9a\xf4\xac\x43\xfe\xac\x38\xfa\xad\x28\x77\x20\xbf\
\x04\x80\x05\xb2\xf9\xca\x27\x61\x69\xe7\x4b\xd1\x49\x4b\xbe\xcc\
\xda\xd0\x1f\x6d\xa2\x00\x00\x00\x79\x90\xcc\x33\xe9\x19\x87\xfc\
\xa9\x39\x70\xf3\x76\xc6\x90\xce\x1d\xc8\x2f\x01\x60\xc1\xb4\x9e\
\x7e\x3f\x3c\xfe\xec\xc5\xe8\xe4\x25\x47\x76\x5f\x08\x93\x9b\xba\
\xa3\x8d\x14\x00\x00\x20\xcb\x92\x39\x26\x99\x67\xa2\x19\x87\x5c\
\x59\xf4\xcc\x0b\xa1\xe5\xcc\xfb\x51\xde\x40\xbe\x09\x00\x0b\xa8\
\xe1\xc8\x1b\xd1\x09\x4c\xbe\xcc\xde\x34\x10\xc6\xd5\xb6\x47\x1b\
\x2a\x00\x00\x40\x16\x25\xf3\x4b\x32\xc7\xa4\x67\x1b\xf2\xa7\xa1\
\xf7\x9b\x51\xce\x40\xfe\x09\x00\x0b\x68\xe3\xe5\x1f\x84\x25\x1d\
\x37\xa2\x93\x98\x7c\x99\xba\xfa\x70\xb4\xa9\x02\x00\x00\x64\xd1\
\xd4\xe6\xc3\xd1\x4c\x43\xfe\x2c\xee\xb8\x1e\x36\x5e\xfa\x38\xca\
\x19\xc8\x3f\x01\x60\x41\xad\x3e\xf9\x5e\x74\x22\x93\x2f\x73\xb7\
\x9c\x0a\x95\xcb\x3a\xa2\x8d\x15\x00\x00\x20\x4b\x92\xb9\x25\x99\
\x5f\xd2\x33\x0d\xf9\xd3\x7c\xf2\xbd\x28\x5f\xa0\x18\x04\x80\x05\
\xb5\xe3\xd6\x17\xa1\xbe\xe7\x9b\xd1\xc9\x4c\xbe\x54\xb7\x1e\x89\
\x36\x57\x00\x00\x80\x2c\xa9\x6e\x39\x12\xcd\x32\xe4\xcf\xf2\xc3\
\xaf\x85\x1d\x2f\x7d\x11\xe5\x0b\x14\x83\x00\xb0\xc0\x36\x5c\xfc\
\x28\x2c\x6e\xbf\x16\x9d\xd4\xe4\xc7\xfc\xed\x67\xc2\x84\x86\xce\
\x68\x83\x05\x00\x00\xc8\x82\x09\xcb\x3b\xc3\xfc\x6d\x67\xa2\x59\
\x86\x7c\x79\xba\xfd\x6a\x58\x7f\xf1\xa3\x28\x57\xa0\x38\x04\x80\
\x05\xb7\xea\xc4\x3b\xd1\x89\x4d\xbe\xcc\x58\x7b\x34\xda\x64\x01\
\x00\x00\xb2\x20\x99\x57\xd2\x33\x0c\xf9\xd3\x7c\xe2\x9d\x28\x4f\
\xa0\x58\x04\x80\x05\xb7\xed\xe6\xe7\xa1\xbe\xfb\xd5\xe8\xe4\x26\
\x3f\x16\xec\x3c\x17\xaa\x1a\xbb\xa2\x8d\x16\x00\x00\xa0\x94\x92\
\x39\x65\xe1\x8e\x73\xd1\x0c\x43\xbe\x2c\xeb\x7e\x35\x6c\xbb\xf1\
\x79\x94\x27\x50\x2c\x02\xc0\x32\xb0\xee\x85\x0f\xc3\x53\x7b\xaf\
\x46\x27\x39\xf9\x31\x6b\x43\x7f\xb4\xd9\x02\x00\x00\x94\xd2\xcc\
\xf5\xfd\xd1\xec\x42\xbe\x3c\xb9\xf7\x72\x58\x77\xe1\xc3\x28\x47\
\xa0\x78\x04\x80\x65\xa2\xa9\xff\xed\xe8\x44\x27\x3f\x16\x3d\x73\
\x21\x4c\x6e\xea\x8e\x36\x5c\x00\x00\x80\x52\x98\xdc\x74\x28\x2c\
\xda\x7d\x21\x9a\x5d\xc8\x97\xa6\xe3\x6f\x47\xf9\x01\xc5\x24\x00\
\x2c\x13\x5b\xaf\xff\x28\xd4\x76\xbd\x1c\x9d\xec\xe4\xc7\xec\x4d\
\x03\x61\x5c\x6d\x7b\xb4\xf1\x02\x00\x00\x8c\xa5\x8a\x9a\xf6\x30\
\x7b\xd3\x89\x68\x66\x21\x5f\x92\x8c\x60\xcb\xb5\x4f\xa3\xfc\x80\
\x62\x12\x00\x96\x91\xb5\xe7\x3f\x08\x4f\x3c\xff\x62\x74\xd2\x93\
\x1f\x53\x9b\x0f\x47\x9b\x2f\x00\x00\xc0\x58\x4a\xe6\x92\xf4\xac\
\x42\xbe\x3c\xf1\xfc\xa5\xb0\xf6\xec\x07\x51\x6e\x40\x71\x09\x00\
\xcb\xcc\xca\x63\x6f\x46\x27\x3e\xf9\x31\x77\xcb\xa9\x30\x7e\x59\
\x47\xb4\x01\x03\x00\x00\x8c\x85\xca\x65\x1d\xb7\xe7\x92\xf4\xac\
\x42\xbe\x34\x1e\x7d\x33\xca\x0b\x28\x36\x01\x60\x99\xd9\x7c\xf5\
\x93\x50\xd3\xf9\x52\x74\xf2\x93\x1f\xd5\xad\x47\xa2\x4d\x18\x00\
\x00\x60\x2c\x54\xb7\x1c\x89\x66\x14\xf2\x65\x69\xe7\x4b\x61\xf3\
\x95\x4f\xa2\xbc\x80\x62\x13\x00\x96\xa1\xd6\x33\xef\x87\xc7\x9e\
\xbd\x14\x2d\x02\xe4\xc3\xfc\x6d\x67\xc2\x84\x86\xce\x68\x23\x06\
\x00\x00\x18\x4d\x13\x96\x77\xde\x9e\x47\xd2\x33\x0a\xf9\xf1\xf8\
\xb3\x17\x43\xeb\xe9\xf7\xa3\x9c\x80\xe2\x13\x00\x96\xa9\x15\x7d\
\x6f\x44\x0b\x01\xf9\x31\x7d\xed\xd1\x68\x33\x06\x00\x00\x18\x4d\
\xc9\x1c\x92\x9e\x4d\xc8\x97\x86\x23\x6f\x44\xf9\x00\xe5\x41\x00\
\x58\xa6\x36\x5d\xfe\x41\x58\xd2\x71\x33\x5a\x0c\xc8\x87\x05\x3b\
\xcf\x85\xaa\x15\x5d\xd1\x86\x0c\x00\x00\x30\x1a\xaa\x1a\xbb\x6e\
\xcf\x21\xe9\xd9\x84\xfc\x58\xd2\x71\x23\x6c\xbc\xfc\x83\x28\x1f\
\xa0\x3c\x08\x00\xcb\xd8\xea\x53\xef\x45\x0b\x02\xf9\x31\x73\xfd\
\xf1\x68\x53\x06\x00\x00\x18\x0d\xc9\xfc\x91\x9e\x49\xc8\x97\xd5\
\x27\xdf\x8b\x72\x01\xca\x87\x00\xb0\x9c\xdd\xfa\x71\x58\xde\xfb\
\x7a\xb4\x28\x90\x0f\x8b\x76\x5f\x08\x93\x9b\x0e\x45\x1b\x33\x00\
\x00\xc0\x48\x4a\xe6\x8e\x64\xfe\x48\xcf\x24\xe4\x47\x7d\xcf\x37\
\xc3\x8e\x5b\x5f\xc4\xb9\x00\x65\x43\x00\x58\xe6\x36\x5c\xfa\x28\
\x3c\xbd\xef\x5a\xb4\x38\x90\x0f\xb3\x37\x0d\x84\x8a\x9a\xf6\x68\
\x83\x06\x00\x00\x18\x09\xe3\x6a\xda\x6f\xcf\x1d\xe9\x59\x84\xfc\
\x58\xdc\x7e\x2d\x6c\xb8\xf8\x51\x94\x07\x50\x5e\x04\x80\x84\xe6\
\x81\x77\xa2\x05\x82\xfc\x98\xda\x7c\x38\xda\xa4\x01\x00\x00\x46\
\xc2\x94\xe6\x9e\x68\x06\x21\x5f\x56\x9d\x78\x27\xca\x01\x28\x3f\
\x02\x40\xc2\xf6\x9b\x9f\x87\x65\xdd\xaf\x46\x8b\x04\xf9\x30\x77\
\xcb\xc9\x50\xb9\xac\x23\xda\xa8\x01\x00\x00\x1e\x46\x65\x5d\xc7\
\xed\x79\x23\x3d\x83\x90\x1f\xf5\xdd\xaf\x86\x6d\x37\x3f\x8f\x72\
\x00\xca\x8f\x00\x90\xdb\xd6\x5d\xf8\x30\x3c\xdd\x76\x35\x5a\x2c\
\xc8\x87\xea\xd6\xde\x68\xb3\x06\x00\x00\x78\x18\xd3\x5a\x7a\xa3\
\xd9\x83\xfc\x78\x6a\xef\xd5\xb0\xee\x85\x0f\xa3\xf9\x9f\xf2\x24\
\x00\xe4\x97\x9a\xfa\xdf\x8e\x16\x0c\xf2\x61\xde\xb6\x33\x61\xc2\
\xf2\xce\x68\xc3\x06\x00\x00\x18\x8e\x64\xbe\x48\xe6\x8c\xf4\xec\
\x41\x7e\x24\x33\x7e\x7a\xee\xa7\x7c\x09\x00\xf9\xa5\xad\xd7\x7f\
\x14\xea\x0e\xbd\x12\x2d\x1a\xe4\xc3\xf4\xb5\x47\xa3\x4d\x1b\x00\
\x00\x60\x38\xa6\xaf\x39\x1a\xcd\x1c\xe4\x47\x6d\xd7\xcb\xb7\x67\
\xfc\xf4\xdc\x4f\xf9\x12\x00\xf2\x6b\xd6\x9e\xff\x20\x3c\xb9\xe7\
\x72\xb4\x78\x90\x7d\x0b\x76\x9c\x0b\x55\x8d\x5d\xd1\xc6\x0d\x00\
\x00\x30\x14\x55\x2b\xba\x6e\xcf\x17\xe9\x99\x83\x7c\x78\xe2\xf9\
\x17\x6f\xcf\xf6\xe9\x79\x9f\xf2\x26\x00\x24\xb2\xf2\xd8\x5b\xd1\
\x02\x42\x3e\xcc\x5c\x7f\x3c\xda\xbc\x01\x00\x00\x86\x22\x99\x2b\
\xd2\xb3\x06\xf9\xb1\xf2\xd8\x9b\xd1\x9c\x0f\x02\x40\x22\x9b\xaf\
\x7e\x12\x6a\x0e\xbc\x14\x2d\x22\x64\xdf\xa2\xdd\x17\xc2\xe4\xa6\
\x43\xd1\x06\x0e\x00\x00\x30\x18\xc9\x3c\xb1\x68\xd7\x85\x68\xd6\
\x20\x1f\x6a\x3a\x5f\xba\x3d\xd3\xa7\xe7\x7c\x10\x00\x72\x57\x6b\
\xce\x7e\x37\x3c\xfe\xdc\xc5\x68\x31\x21\xfb\x66\x6f\x1a\x08\x15\
\x35\xed\xd1\x46\x0e\x00\x00\x70\x3f\x15\x35\x6d\x61\xf6\xc6\x13\
\xd1\x8c\x41\x4e\x3c\x7b\x29\xb4\x9e\x79\x3f\x9a\xef\x21\x21\x00\
\xe4\x9e\x56\xf4\xbd\x11\x2f\x28\xe4\xc2\x94\xe6\x9e\x68\x33\x07\
\x00\x00\xb8\x9f\xa9\xcd\x3d\xd1\x6c\x41\x7e\x24\x33\x7c\x7a\xae\
\x87\x3b\x04\x80\xdc\xd3\xa6\xcb\x3f\x08\x4b\xf7\xdf\x8c\x16\x15\
\xb2\x6f\xee\x96\x93\xa1\x72\x59\x47\xb4\xa1\x03\x00\x00\xdc\x4d\
\x65\x5d\x47\x98\xb3\xe5\x64\x34\x5b\x90\x0f\x4b\xf6\xdf\xbc\x3d\
\xc3\xa7\xe7\x7a\xb8\x43\x00\xc8\x7d\xb5\x9c\x7a\x2f\x5a\x58\xc8\
\x87\x69\x2d\xbd\xd1\xa6\x0e\x00\x00\x70\x37\xd5\x2d\x47\xa2\x99\
\x82\xfc\x58\x7d\xea\xbd\x68\x9e\x87\xaf\x12\x00\x72\x5f\x3b\x6e\
\xfd\x76\x58\xde\xfb\x7a\xb4\xb8\x90\x7d\xf3\xb6\x9d\x09\x13\x96\
\x77\x46\x1b\x3b\x00\x00\xc0\x57\x25\x73\x43\x32\x3f\xa4\x67\x0a\
\xf2\x21\x99\xd9\x77\xde\xfa\x71\x34\xcf\xc3\x57\x09\x00\x79\xa0\
\x8d\x97\x3e\x0a\x8b\xf7\x5d\x8f\x16\x19\xb2\x6f\xfa\xda\xa3\xd1\
\xe6\x0e\x00\x00\xf0\x55\xd3\xd7\x1c\x8d\x66\x09\xf2\xe1\xe9\x7d\
\xd7\xc2\x86\x4b\x1f\x45\x73\x3c\xa4\x09\x00\x19\x94\xe6\x81\x77\
\xa3\x85\x86\xec\x5b\xb0\xe3\x5c\xa8\x6a\xec\x8a\x36\x78\x00\x00\
\x80\x44\xd5\x8a\xae\xdb\x73\x43\x7a\x96\x20\x1f\x9a\x07\xde\x89\
\xe6\x77\xb8\x1b\x01\x20\x83\xb2\xfd\xe6\x17\xa1\xbe\xe7\xb5\x68\
\xb1\x21\xfb\x66\xae\x3f\x1e\x6d\xf2\x00\x00\x00\x89\x64\x5e\x48\
\xcf\x10\xe4\xc3\xb2\xee\x57\xc3\xf6\x9b\x9f\x47\xf3\x3b\xdc\x8d\
\x00\x90\x41\x5b\xff\xc2\xf7\xc3\x53\x6d\x57\xa2\x45\x87\x6c\x5b\
\xb4\xfb\x42\x98\xdc\x74\x28\xda\xe8\x01\x00\x80\xf2\x96\xcc\x09\
\xc9\xbc\x90\x9e\x21\xc8\xbe\xa7\xdb\xae\x86\x75\x17\x3e\x8c\xe6\
\x76\xb8\x17\x01\x20\x43\xd2\xd4\xff\x76\xb4\xf0\x90\x7d\xb3\x37\
\x9e\x08\x15\x35\x6d\xd1\x86\x0f\x00\x00\x94\xa7\x64\x3e\x98\xb5\
\xf1\x44\x34\x3b\x90\x0f\xc9\x6c\x9e\x9e\xd7\xe1\x7e\x04\x80\x0c\
\xc9\xb6\xeb\x9f\x85\xba\x83\xaf\x44\x8b\x0f\xd9\x37\xb5\xb9\x27\
\xda\xf4\x01\x00\x80\xf2\x34\xa5\xb9\x27\x9a\x19\xc8\x87\xba\x43\
\xaf\x84\xad\xd7\x7f\x14\xcd\xeb\x70\x3f\x02\x40\x86\x6c\xed\xb9\
\x0f\xc2\x93\x7b\x2e\x47\x8b\x10\xd9\x36\x67\xcb\xc9\x50\x59\xb7\
\x2f\xda\xf8\x01\x00\x80\xf2\x92\xcc\x05\x73\x36\x9f\x8c\x66\x06\
\xb2\x2f\x99\xc5\xd7\x9e\xff\x20\x9a\xd3\xe1\x41\x04\x80\x0c\xcb\
\xca\x63\x6f\x45\x0b\x11\xd9\x37\xad\xa5\x37\xda\xfc\x01\x00\x80\
\xf2\x92\xcc\x05\xe9\x59\x81\x7c\x48\x66\xf1\xf4\x7c\x0e\x83\x21\
\x00\x64\x58\xb6\x5c\xfb\x24\xd4\x76\xdd\x8a\x16\x23\xb2\x6d\xde\
\xb6\xd3\x61\xc2\xf2\xce\xa8\x01\x00\x00\x00\xca\xc3\x84\xfa\xce\
\xdb\x73\x41\x7a\x56\x20\xfb\x6a\x0e\xbc\x14\x36\x5f\xfd\x24\x9a\
\xcf\x61\x30\x04\x80\x0c\x5b\xeb\xd9\xef\x86\xc7\x9f\xbb\x14\x2d\
\x4a\x64\xdb\xf4\x35\x7d\x51\x13\x00\x00\x00\x94\x87\x64\x1e\x48\
\xcf\x08\x64\xdf\xe3\xcf\x5d\x0c\xad\x67\xde\x8f\xe6\x72\x18\x2c\
\x01\x20\x0f\xa5\xb1\xef\x5b\xd1\xc2\x44\xb6\x2d\xd8\x71\x2e\x54\
\xad\xe8\x8a\x1a\x01\x00\x00\xa0\xd8\x92\x39\x60\xc1\x8e\xb3\xd1\
\x8c\x40\xf6\xad\xe8\x7b\x23\x9a\xc7\x61\x28\x04\x80\x3c\x94\xcd\
\x57\x7e\x18\x96\xec\xbf\x11\x2d\x4e\x64\xdb\x8c\xf5\xc7\xa3\x66\
\x00\x00\x00\x28\xb6\x99\xeb\x8e\x45\xb3\x01\xd9\xb7\x74\xff\xcd\
\xb0\xe9\xf2\x0f\xa2\x79\x1c\x86\x42\x00\xc8\x43\x6b\x3d\xfd\x9d\
\x68\x81\x22\xdb\x16\xed\xba\x10\x26\x37\x1d\x8a\x1a\x02\x00\x00\
\xa0\x98\x26\xad\x3c\x74\x7b\x0e\x48\xcf\x06\x64\x5f\xcb\xa9\xf7\
\xa2\x39\x1c\x86\x4a\x00\xc8\x88\x68\xe8\x7d\x3d\x5a\xa4\xc8\xb6\
\x59\x1b\x4f\x84\x8a\x9a\xb6\xa8\x31\x00\x00\x00\x8a\x25\xe9\xfb\
\x67\x6f\x3c\x11\xcd\x04\x64\x5f\x32\x6b\xef\xb8\xcb\x0c\x0e\x43\
\x25\x00\x64\x44\x6c\x78\xf1\xa3\xb0\x78\xdf\xf5\x68\xb1\x22\xdb\
\xa6\x34\xf7\x44\xcd\x01\x00\x00\x50\x2c\x49\xdf\x9f\x9e\x05\xc8\
\xbe\x64\xc6\xde\x78\xe9\xa3\x68\xfe\x86\xe1\x10\x00\x32\x62\x56\
\x9f\x7c\x37\x5a\xb0\xc8\xb6\x39\x5b\x4e\x86\xca\xba\x7d\x51\x83\
\x00\x00\x00\x14\x43\xd2\xef\xcf\xd9\x7c\x32\x9a\x05\xc8\xbe\xe6\
\x81\x77\xa3\xb9\x1b\x86\x4b\x00\xc8\x88\xd9\xfe\xd2\x17\xa1\xbe\
\xe7\xb5\x68\xd1\x22\xdb\xa6\xb5\xf4\x46\x4d\x02\x00\x00\x50\x0c\
\x49\xbf\x9f\x9e\x01\xc8\xbe\xfa\xee\x57\xc3\x8e\x97\xbe\x88\xe6\
\x6e\x18\x2e\x01\x20\x23\x6a\xfd\xc5\xef\x87\xa7\xdb\xae\x46\x8b\
\x17\xd9\x35\x6f\xdb\xe9\x30\xa1\xbe\x33\x6a\x14\x00\x00\x80\x7c\
\x4b\xfa\xfc\xa4\xdf\x4f\xcf\x00\x64\xdb\x53\x6d\x57\xc2\xfa\x0b\
\x1f\x46\xf3\x36\x3c\x0c\x01\x20\x23\x6e\xd5\x89\x6f\x47\x0b\x18\
\xd9\x36\x7d\x4d\x5f\xd4\x2c\x00\x00\x00\xf9\x96\xf4\xf9\xe9\xde\
\x9f\xec\x6b\xea\x7f\x3b\x9a\xb3\xe1\x61\x09\x00\x19\x71\xdb\x6e\
\x7c\x1e\xea\x0e\xbd\x12\x2d\x62\x64\xd7\x82\x1d\xe7\x42\xd5\x8a\
\xae\xa8\x61\x00\x00\x00\xf2\x29\xe9\xef\x17\xec\x38\x1b\xf5\xfe\
\x64\x5b\xdd\xc1\x57\xc2\xb6\x1b\x9f\x45\x73\x36\x3c\x2c\x01\x20\
\xa3\x62\xdd\x85\xef\x85\x27\xf7\x5c\x8e\x16\x33\xb2\x6b\xe6\xba\
\x63\x51\xd3\x00\x00\x00\xe4\xd3\x8c\x75\xc7\xa2\x9e\x9f\x6c\x4b\
\x66\xe8\xb5\xe7\x3e\x88\xe6\x6b\x18\x09\x02\x40\x46\xcd\xca\xe3\
\x6f\x45\x0b\x1a\xd9\xb5\x68\xd7\x85\x30\x69\xe5\xa1\xa8\x71\x00\
\x00\x00\xf2\x65\xf2\xca\x43\xb7\xfb\xfb\x74\xcf\x4f\xb6\xad\x3c\
\xf6\x56\x34\x57\xc3\x48\x11\x00\x32\x6a\xb6\x5c\xfb\x34\xd4\x1e\
\xb8\x15\x2d\x6a\x64\xd7\xec\x8d\x27\x42\x45\x4d\x5b\xd4\x40\x00\
\x00\x00\xf9\x90\xf4\xf3\xb3\x36\xf4\x47\xbd\x3e\xd9\x56\xdb\x75\
\xeb\xf6\x0c\x9d\x9e\xab\x61\xa4\x08\x00\x19\x55\x6b\xce\x7e\x37\
\x3c\xf1\xdc\xa5\x68\x71\x23\xbb\xa6\x34\xf7\x44\x4d\x04\x00\x00\
\x90\x0f\x53\x56\xf5\x44\x3d\x3e\xd9\xf6\xf8\xb3\x17\x43\xeb\xb9\
\xef\x46\xf3\x34\x8c\x24\x01\x20\xa3\x6e\xc5\xd1\x6f\x45\x0b\x1c\
\xd9\x35\x67\xf3\xc9\x50\x59\xb7\x2f\x6a\x24\x00\x00\x80\x6c\x4b\
\xfa\xf8\xa4\x9f\x4f\xf7\xf8\x64\xdb\x8a\x23\x6f\x44\x73\x34\x8c\
\x34\x01\x20\xa3\x6e\xf3\x95\x4f\x42\xcd\x81\x9b\xd1\x22\x47\x76\
\x4d\x6b\xe9\x8d\x9a\x09\x00\x00\x20\xdb\x92\x3e\x3e\xdd\xdb\x93\
\x6d\x4b\xf6\xdf\x08\x9b\x2e\xff\x30\x9a\xa3\x61\xa4\x09\x00\x19\
\x13\x2d\x67\xbe\x13\x1e\x7b\xe6\x62\xb4\xd8\x91\x4d\xf3\xb6\x9d\
\x0e\x13\xea\x3b\xa3\x86\x02\x00\x00\xc8\xa6\xf1\xf5\xfb\xc3\xbc\
\xad\xa7\xa3\xde\x9e\x6c\x6b\x39\xfd\x5e\x34\x3f\xc3\x68\x10\x00\
\x32\x66\x56\x1c\x79\x3d\x5a\xec\xc8\xae\xe9\x6b\xfa\xa2\xa6\x02\
\x00\x00\xc8\xa6\xea\x35\x7d\x51\x4f\x4f\xb6\x35\xf4\xbe\x1e\xcd\
\xcd\x30\x5a\x04\x80\x8c\x99\x4d\x2f\xfe\x20\x2c\xee\xb8\x1e\x2d\
\x7a\x64\xd3\x82\x1d\x67\x43\xd5\x8a\xae\xa8\xb1\x00\x00\x00\xb2\
\x65\x62\xc3\x81\xdb\xfd\x7b\xba\xa7\x27\xbb\x96\xec\xbb\x1e\x36\
\xbc\xf8\x71\x34\x37\xc3\x68\x11\x00\x32\xa6\x9a\x4f\xbe\x1b\x2d\
\x7c\x64\xd7\x8c\x75\xc7\xa2\xe6\x02\x00\x00\xc8\x96\xa4\x6f\x4f\
\xf7\xf2\x64\xdb\xea\x93\xef\x46\xf3\x32\x8c\x26\x01\x20\x63\xeb\
\xd6\x8f\xc3\xf2\xc3\xaf\x45\x8b\x1f\xd9\xb4\x68\xd7\xf9\x30\x69\
\xe5\xc1\xa8\xc1\x00\x00\x00\xb2\x21\xe9\xd7\x17\xee\x3a\x1f\xf5\
\xf2\x64\x57\xfd\xe1\xd7\xc2\xf6\x97\xbe\x88\xe7\x65\x18\x45\x02\
\x40\xc6\xdc\xfa\x8b\x1f\x85\xa7\xdb\xaf\x46\x8b\x20\xd9\x34\x6b\
\x43\x7f\xa8\xa8\x69\x8b\x1a\x0d\x00\x00\xa0\xb4\x92\x3e\x3d\xe9\
\xd7\xd3\x3d\x3c\xd9\xf5\x74\xdb\x95\xb0\xe1\xe2\x47\xd1\x9c\x0c\
\xa3\x4d\x00\x48\x49\xac\x3a\xf1\xed\x68\x21\x24\xbb\xa6\xac\xea\
\x89\x9a\x0d\x00\x00\xa0\xb4\x92\x3e\x3d\xdd\xbb\x93\x6d\x4d\x27\
\xde\x8e\xe6\x63\x18\x0b\x02\x40\x4a\x62\xdb\x8d\xcf\xc3\xb2\xee\
\x57\xa2\xc5\x90\x6c\x9a\xb3\xf9\x64\xa8\xac\xdb\x17\x35\x1c\x00\
\x00\x40\x69\x24\xfd\x79\xd2\xa7\xa7\x7b\x77\xb2\xab\xee\xd0\xcb\
\x61\xeb\x8d\xcf\xa2\xf9\x18\xc6\x82\x00\x90\x92\x59\x77\xe1\xc3\
\xf0\xe4\xde\x2b\xd1\xa2\x48\x36\x4d\x6b\xe9\x8d\x9a\x0e\x00\x00\
\xa0\x34\x92\xfe\x3c\xdd\xb3\x93\x5d\x4f\xee\xb9\x1c\xd6\x9d\xff\
\x5e\x34\x17\xc3\x58\x11\x00\x52\x52\x4d\xc7\xdf\x8a\x16\x46\xb2\
\x69\xde\xd6\xd3\x61\x7c\xfd\xfe\xa8\xf1\x00\x00\x00\xc6\x56\xd2\
\x97\x27\xfd\x79\xba\x67\x27\xbb\x56\x1e\x77\xe9\x2f\xa5\x25\x00\
\xa4\xa4\xb6\x5e\xfb\x51\xa8\x3d\xf8\x72\xb4\x38\x92\x4d\xd5\x6b\
\xfa\xa2\xe6\x03\x00\x00\x18\x5b\xd3\xd7\xf4\x45\xbd\x3a\xd9\x55\
\xdb\x75\x2b\x6c\xbd\xf6\x69\x34\x0f\xc3\x58\x12\x00\x52\x72\x6b\
\xce\x7d\x2f\x3c\xf1\xfc\xa5\x68\x91\x24\x7b\x16\xec\x38\x1b\x26\
\x36\x1c\x88\x1a\x10\x00\x00\x60\x6c\x24\xfd\x78\xd2\x97\xa7\x7b\
\x75\xb2\x29\x99\x75\xd7\x9c\xfd\x20\x9a\x83\x61\xac\x09\x00\xc9\
\x84\xc6\xa3\xdf\x8a\x16\x4a\xb2\x69\xc6\xba\x63\x51\x13\x02\x00\
\x00\x8c\x8d\xa4\x1f\x4f\xf7\xe8\x64\xd7\x8a\xa3\x6f\x46\xf3\x2f\
\x94\x82\x00\x90\x4c\xd8\x7c\xe5\x93\xb0\xb4\xf3\x66\xb4\x58\x92\
\x3d\x0b\x77\x9d\x0f\x93\x56\x1e\x8c\x1a\x11\x00\x00\x60\x74\x4d\
\x6a\x3c\x78\xbb\x1f\x4f\xf7\xe8\x64\xd3\xd2\xce\x1b\xb7\x67\xdd\
\xf4\xfc\x0b\xa5\x20\x00\x24\x33\x5a\x4f\xbf\x1f\x1e\x7f\xf6\x62\
\xb4\x68\x92\x3d\xb3\x36\xf4\x87\x8a\x9a\xb6\xa8\x21\x01\x00\x00\
\x46\x47\xc5\xd2\xbd\xb7\xfb\xf0\x74\x6f\x4e\x36\x2d\x7a\xe6\x85\
\xd0\x72\xe6\xfd\x68\xee\x85\x52\x11\x00\x92\x29\x0d\x47\x5e\x8f\
\x16\x4e\xb2\x69\xca\xaa\x9e\xa8\x29\x01\x00\x00\x46\xc7\xe4\x55\
\xdd\x51\x4f\x4e\x76\x35\xf4\xbe\x1e\xcd\xbb\x50\x4a\x02\x40\x32\
\x65\xe3\x8b\x3f\x08\x4b\xf7\xdf\x88\x16\x4f\xb2\x67\xce\xe6\x93\
\xa1\xb2\x6e\x5f\xd4\x98\x00\x00\x00\x23\x2b\xe9\xbb\xe7\x6c\x1a\
\x88\x7a\x72\xb2\x69\x71\xc7\xf5\xb0\xf1\xd2\xc7\xd1\xbc\x0b\xa5\
\x24\x00\x24\x73\x56\x9f\x7a\x2f\x5a\x40\xc9\xa6\x69\x2d\xbd\x51\
\x73\x02\x00\x00\x8c\xac\xa9\xab\x7b\xa3\x5e\x9c\xec\x6a\x3e\xf9\
\x5e\x34\xe7\x42\xa9\x09\x00\xc9\x9c\x1d\xb7\x7e\x1c\x96\x1f\xfe\
\x66\xb4\x88\x92\x3d\xf3\xb6\x9e\x0e\xe3\xeb\xf7\x47\x0d\x0a\x00\
\x00\x30\x32\xc6\xd7\x77\xdc\xee\xbb\xd3\xbd\x38\xd9\x94\xcc\xb2\
\x3b\x5e\xfa\x22\x9a\x73\xa1\xd4\x04\x80\x64\xd2\xc6\x8b\x1f\x87\
\xc5\xed\x57\xa3\xc5\x94\xec\x99\xbe\xa6\x2f\x6a\x52\x00\x00\x80\
\x91\x51\xbd\xa6\x2f\xea\xc1\xc9\xa6\xa7\xdb\xaf\x86\xf5\x17\x3f\
\x8a\xe6\x5b\xc8\x02\x01\x20\x99\xb5\xea\xc4\x3b\xd1\x82\x4a\xf6\
\x2c\xd8\x7e\x36\x4c\x6c\x38\x10\x35\x2a\x00\x00\xc0\xc3\x49\xfa\
\xec\x05\xdb\xcf\x44\x3d\x38\xd9\xd4\x7c\xe2\x9d\x68\xae\x85\xac\
\x10\x00\x92\x59\xdb\x5f\xfa\x22\x2c\xeb\x7e\x25\x5a\x54\xc9\x9e\
\x19\xeb\x8e\x45\xcd\x0a\x00\x00\xf0\x70\x92\x3e\x3b\xdd\x7b\x93\
\x4d\xcb\xba\x5f\x0d\xdb\x6e\x7c\x1e\xcd\xb5\x90\x15\x02\x40\x32\
\x6d\xdd\x85\x0f\xc3\x53\x7b\xaf\x44\x8b\x2b\xd9\xb2\x68\xd7\xf9\
\x30\x69\xe5\xa1\xa8\x61\x01\x00\x00\x86\x67\x52\xe3\xc1\xb0\x70\
\xd7\xf9\xa8\xf7\x26\x7b\x9e\xda\x7b\xf9\xf6\xec\x9a\x9e\x67\x21\
\x4b\x04\x80\x64\x5e\xd3\xf1\xb7\xa3\x05\x96\xec\x99\xb5\xa1\x3f\
\x54\x2c\x6d\x8b\x1a\x17\x00\x00\x60\xe8\x92\xfe\x3a\xdd\x73\x93\
\x4d\xc9\xcc\x9a\x9e\x63\x21\x6b\x04\x80\x64\xde\x96\xeb\x3f\x0a\
\x75\x07\x5f\x8e\x16\x59\xb2\x67\xca\xaa\x9e\xa8\x71\x01\x00\x00\
\x86\x66\xf2\xaa\xee\xa8\xd7\x26\x9b\x6a\xbb\x5e\x0e\x5b\xae\x7d\
\x1a\xcd\xb1\x90\x35\x02\x40\x72\x61\xed\xb9\x0f\xc2\x13\xcf\xbf\
\x18\x2d\xb6\x64\xcb\x9c\xcd\x27\x43\x65\x5d\x7b\xd4\xc0\x00\x00\
\x00\x83\x33\xae\x6e\x5f\x98\xb3\x69\x20\xea\xb5\xc9\x9e\x27\x9e\
\xbf\x14\xd6\x9e\xfd\x20\x9a\x5f\x21\x8b\x04\x80\xe4\x46\xe3\xd1\
\xb7\xa2\x05\x97\xec\x99\xba\xba\x37\x6a\x62\x00\x00\x80\xc1\x49\
\xfa\xe9\x74\x8f\x4d\x36\x35\x1e\x7d\x33\x9a\x5b\x21\xab\x04\x80\
\xe4\xc6\x96\xab\x9f\x86\x9a\x03\x2f\x45\x8b\x2e\xd9\x32\x6f\xeb\
\xa9\x30\xbe\xbe\x23\x6a\x64\x00\x00\x80\xfb\x4b\xfa\xe8\xb9\x5b\
\x4f\x45\x3d\x36\xd9\xb3\xb4\xf3\xa5\xb0\xf9\xea\x27\xd1\xdc\x0a\
\x59\x25\x00\x24\x57\x5a\xcf\x7e\x37\x3c\xf6\xec\xc5\x68\xf1\x25\
\x5b\xaa\xd7\xf4\x45\xcd\x0c\x00\x00\x70\x7f\xd5\xad\x7d\x51\x6f\
\x4d\xf6\x3c\xfe\xec\xc5\xd0\x7a\xfa\xfd\x68\x5e\x85\x2c\x13\x00\
\x92\x3b\x2b\x8e\xbc\x11\x2d\xc0\x64\xcb\x82\xed\x67\xc2\xc4\x86\
\x03\x51\x43\x03\x00\x00\xdc\x5d\xd2\x3f\xcf\xdf\x7e\x26\xea\xad\
\xc9\x9e\x86\x23\x6f\x44\x73\x2a\x64\x9d\x00\x90\xdc\xd9\x74\xf9\
\x07\x61\x49\xc7\x8d\x68\x11\x26\x5b\x66\xac\x3b\x16\x35\x35\x00\
\x00\xc0\xdd\x25\xfd\x73\xba\xa7\x26\x7b\x92\x59\x74\xe3\xe5\x1f\
\x44\x73\x2a\x64\x9d\x00\x90\x5c\x5a\x7d\xea\xbd\x68\x21\x26\x5b\
\x16\xee\x3c\x1f\x26\x35\x1e\x8c\x1a\x1b\x00\x00\xe0\xd7\x25\x7d\
\xf3\xc2\x9d\xe7\xa2\x9e\x9a\xec\x59\x7d\xf2\xbd\x68\x3e\x85\x3c\
\x10\x00\x92\x4f\xb7\x7e\x1c\x96\x1f\x7e\x3d\x5a\x8c\xc9\x96\x59\
\x1b\xfa\xa3\xe6\x06\x00\x00\xf8\x75\x49\xdf\x9c\xee\xa5\xc9\x9e\
\xfa\x9e\x6f\x86\x1d\xb7\xbe\x88\xe7\x53\xc8\x01\x01\x20\xb9\xb5\
\xe1\xd2\x47\x61\xf1\xbe\x6b\xd1\xa2\x4c\xb6\x4c\x6e\xea\x8e\x1a\
\x1c\x00\x00\xe0\x4b\x49\xbf\x9c\xee\xa1\xc9\x9e\xc5\xed\xd7\xc2\
\x86\x8b\x1f\x45\x73\x29\xe4\x85\x00\x90\x5c\x6b\x3e\xf9\x6e\xb4\
\x30\x93\x2d\x73\x36\x0d\x84\x71\xb5\xed\x51\xa3\x03\x00\x00\xe5\
\x2e\xe9\x93\x67\x6f\x1a\x88\x7a\x68\xb2\x67\xd5\x89\x77\xa2\x79\
\x14\xf2\x44\x00\x48\xae\x6d\x7f\xe9\x8b\x50\xdf\xfd\x5a\xb4\x38\
\x93\x2d\x53\x57\x1f\x8e\x9a\x1d\x00\x00\x28\x77\x49\x9f\x9c\xee\
\x9d\xc9\x9e\xfa\xee\x57\xc3\xb6\x9b\x9f\x47\xf3\x28\xe4\x89\x00\
\x90\xdc\x5b\xff\xc2\xf7\xc3\x53\x6d\x57\xa2\x45\x9a\xec\x98\xbb\
\xf5\x54\x18\x5f\xdf\x11\x35\x3c\x00\x00\x50\xae\x92\xfe\x78\xee\
\x96\x53\x51\xef\x4c\xb6\x3c\xb5\xf7\x6a\x58\xf7\xc2\x87\xd1\x1c\
\x0a\x79\x23\x00\xa4\x10\x9a\xfa\xdf\x8e\x16\x6a\xb2\xa5\xba\xb5\
\x2f\x6a\x7a\x00\x00\xa0\x5c\x55\xb7\x1e\x89\x7a\x66\xb2\x27\x99\
\x35\xd3\xf3\x27\xe4\x91\x00\x90\x42\xd8\x76\xe3\xb3\x50\x77\xe8\
\x95\x68\xb1\x26\x3b\xe6\x6f\x3f\x13\x26\x36\x1c\x88\x1a\x1f\x00\
\x00\x28\x37\x13\x1a\x3a\x6f\xf7\xc7\xe9\x9e\x99\x6c\xa9\xed\x7a\
\x39\x6c\xbd\xfe\xa3\x68\xfe\x84\x3c\x12\x00\x52\x18\x6b\xce\x7f\
\x10\x9e\x7c\xfe\xc5\x68\xd1\x26\x3b\x66\xac\x3b\x16\x35\x3f\x00\
\x00\x50\x6e\x92\xbe\x38\xdd\x2b\x93\x2d\x4f\x3c\xff\x62\x58\x73\
\xee\x83\x68\xee\x84\xbc\x12\x00\x52\x28\x2b\x8f\xbd\x15\x2d\xdc\
\x64\xc7\xc2\x9d\xe7\x43\x55\xe3\xc1\xa8\x01\x02\x00\x80\x72\x91\
\xf4\xc3\x0b\x77\x9e\x8b\x7a\x65\xb2\x65\xe5\xb1\x37\xa3\x79\x13\
\xf2\x4c\x00\x48\xa1\x6c\xbe\xfa\x49\xa8\xe9\xba\x15\x2d\xde\x64\
\xc7\xac\x0d\xfd\xa1\xe2\x2e\x8d\x10\x00\x00\x94\x83\xa4\x1f\x4e\
\xf7\xc8\x64\x4b\x4d\xe7\x4b\xb7\x67\xcb\xf4\xbc\x09\x79\x26\x00\
\xa4\x70\xd6\x9c\xfd\x6e\x78\xfc\xd9\x8b\xd1\x22\x4e\x76\x4c\x5e\
\xd5\x1d\x35\x42\x00\x00\x50\x74\x93\x9b\xba\xc3\xa2\xbb\xf4\xc7\
\x64\xc8\xb3\x97\x42\xeb\x99\xf7\xa3\x39\x13\xf2\x4e\x00\x48\x21\
\xad\xe8\xfb\x56\xbc\x90\x93\x19\x73\x36\x0d\x84\x71\xb5\xed\x51\
\x43\x04\x00\x00\x45\x95\xf4\xbf\x49\x1f\x9c\xee\x8d\xc9\x96\x15\
\x7d\x6f\x44\xf3\x25\x14\x81\x00\x90\x42\xda\x74\xf9\x87\x61\x69\
\xe7\xcd\x68\x31\x27\x3b\xa6\xae\x3e\x1c\x35\x45\x00\x00\x50\x54\
\x53\x9b\x0f\x47\x3d\x31\xd9\xb2\x64\xff\xcd\xb0\xe9\xf2\x0f\xa2\
\xf9\x12\x8a\x40\x00\x48\x61\xb5\x9c\xfe\x4e\xb4\xa0\x93\x1d\xf3\
\xb6\x9e\x0a\xe3\xeb\x3b\xa2\xc6\x08\x00\x00\x8a\x66\xfc\xb2\x8e\
\x30\x77\xcb\xa9\xa8\x27\x26\x5b\x5a\x4e\xbd\x17\xcd\x95\x50\x14\
\x02\x40\x0a\x6d\x79\xef\xeb\xd1\xa2\x4e\x76\x54\xb7\xf6\x45\xcd\
\x11\x00\x00\x14\x4d\x75\xeb\x91\xa8\x17\x26\x5b\x96\x1f\xfe\x66\
\xd8\x79\x2b\x9e\x29\xa1\x28\x04\x80\x14\xda\xc6\x4b\x1f\x85\xc5\
\xfb\xae\x47\x8b\x3b\xd9\xb0\x60\xfb\xd9\x30\xb1\xe1\x40\xd4\x20\
\x01\x00\x40\x51\x4c\x6c\xe8\x0c\xf3\xb7\x9f\x89\x7a\x61\xb2\xe3\
\xe9\x7d\xd7\xc2\x86\x8b\x1f\x45\xf3\x24\x14\x89\x00\x90\xc2\x6b\
\x1e\x78\x37\x5a\xe0\xc9\x8e\x19\xeb\x8e\x45\x4d\x12\x00\x00\x14\
\xc5\xf4\xb5\x47\xa3\x1e\x98\x6c\x69\x1e\x78\x27\x9a\x23\xa1\x68\
\x04\x80\x14\xde\xf6\x9b\x9f\x87\xfa\x9e\xd7\xa2\x45\x9e\x6c\x58\
\xb8\xeb\x7c\x98\xd4\x78\x30\x6a\x94\x00\x00\x20\xef\xaa\x1a\xbb\
\xc2\x82\x9d\xe7\xa2\x1e\x98\xec\x58\xd6\xfd\x6a\xd8\x7e\xf3\x8b\
\x68\x8e\x84\xa2\x11\x00\x52\x16\xd6\xbf\xf0\xfd\xf0\x74\xfb\xd5\
\x68\xb1\x27\x1b\x66\x6d\xe8\x8f\x9a\x25\x00\x00\xc8\xbb\x99\x1b\
\xfa\xa3\xde\x97\xec\x78\xba\xed\x6a\x58\x77\xe1\xc3\x68\x7e\x84\
\x22\x12\x00\x52\x36\x9a\x4e\x7c\x3b\x5a\xf0\xc9\x86\x45\xbb\x2f\
\x84\xc9\x4d\xdd\x51\xc3\x04\x00\x00\x79\x95\xf4\xb7\x49\x9f\x9b\
\xee\x7d\xc9\x8e\xa6\xfe\xb7\xa3\xb9\x11\x8a\x4a\x00\x48\xd9\xd8\
\x76\xe3\xb3\xb0\xec\xd0\x2b\xd1\xa2\x4f\x36\xcc\xde\x34\x10\xc6\
\xd5\xb6\x47\x8d\x13\x00\x00\xe4\x4d\xd2\xd7\x26\xfd\x6d\xba\xe7\
\x25\x3b\xea\x0e\xbd\x12\xb6\x5e\xff\x2c\x9a\x1b\xa1\xa8\x04\x80\
\x94\x95\x75\xe7\xbf\x17\x9e\xdc\x7b\x25\x5a\xfc\xc9\x86\xa9\xcd\
\x87\xa3\xe6\x09\x00\x00\xf2\x26\xe9\x6b\xd3\xbd\x2e\xd9\xf1\xc4\
\xf3\x2f\x86\xb5\xe7\x3f\x88\xe6\x45\x28\x32\x01\x20\x65\xa7\xf1\
\xd8\x5b\xd1\x06\x40\x36\xcc\xdd\x72\x2a\x8c\x5f\xd6\x11\x35\x50\
\x00\x00\x90\x17\x49\x3f\x9b\xf4\xb5\xe9\x5e\x97\xec\x58\x79\xec\
\xad\x68\x4e\x84\xa2\x13\x00\x52\x76\xb6\x5e\xfb\x34\xd4\x76\xdd\
\x8a\x36\x01\xb2\xa1\xba\xf5\x48\xd4\x44\x01\x00\x40\x5e\x24\xfd\
\x6c\xba\xc7\x25\x3b\x6a\x0e\xbc\x14\x36\x5f\xf9\x34\x9a\x13\xa1\
\xe8\x04\x80\x94\xa5\xd6\xb3\xdf\x0d\x8f\x3f\x77\x29\xda\x0c\x28\
\xbd\xf9\xdb\xcf\x84\x89\x0d\x9d\x51\x23\x05\x00\x00\x59\x37\xa1\
\xa1\x33\xcc\xdf\x76\x26\xea\x71\xc9\x86\xc7\x9f\xbb\x18\x5a\xcf\
\xbc\x1f\xcd\x87\x50\x0e\x04\x80\x94\xad\xc6\xbe\x6f\x45\x1b\x02\
\xd9\x30\x63\xed\xb1\xa8\x99\x02\x00\x80\xac\x9b\xb1\xf6\x68\xd4\
\xdb\x92\x1d\x2b\xfa\xde\x88\xe6\x42\x28\x17\x02\x40\xca\xd6\xe6\
\xcb\x3f\x0c\x4b\x3b\x6f\x46\x9b\x02\xa5\xb7\x70\xe7\xb9\x50\xd5\
\xd8\x15\x35\x54\x00\x00\x90\x55\x49\xff\x9a\xf4\xb1\xe9\xde\x96\
\x6c\x58\xba\xff\x66\xd8\x74\xf9\x87\xd1\x5c\x08\xe5\x42\x00\x48\
\x59\x6b\x39\xfd\x9d\x68\x63\x20\x1b\x66\x6d\xe8\x8f\x9a\x2a\x00\
\x00\xc8\xaa\x99\x1b\xfa\xa3\x9e\x96\xec\x68\x39\xf5\x5e\x34\x0f\
\x42\x39\x11\x00\x52\xf6\x1a\x7a\x5f\x8f\x36\x07\x32\x60\xf7\x85\
\x30\xb9\xa9\x3b\x6a\xac\x00\x00\x20\x6b\x92\xbe\x75\xd1\xee\x0b\
\x71\x4f\x4b\x26\x24\x33\xdf\x8e\xbb\xcc\x82\x50\x4e\x04\x80\x94\
\xbd\x8d\x97\x3e\x0e\x8b\x3b\x6e\x44\x9b\x04\xa5\x37\x7b\xd3\x40\
\x18\x57\xdb\x1e\x35\x58\x00\x00\x90\x15\x15\x35\xed\x61\xf6\xa6\
\x13\x51\x2f\x4b\x36\x2c\xde\x77\xfd\xf6\xcc\x97\x9e\x03\xa1\xdc\
\x08\x00\xe1\xe5\xdf\x0e\xab\x4f\xbe\x17\x6d\x14\x64\xc3\xd4\xd5\
\x87\xa3\x26\x0b\x00\x00\xb2\x62\x6a\xf3\xe1\xa8\x87\x25\x3b\x9a\
\x07\xde\x8d\xe6\x3f\x28\x47\x02\x40\x78\xf9\xb7\xc3\x8e\x5b\x5f\
\x84\xfa\x9e\xd7\xa2\xcd\x82\xd2\x9b\xbb\xe5\x54\xa8\x5c\xd6\x11\
\x35\x5a\x00\x00\x50\x6a\x49\x9f\x9a\xf4\xab\xe9\x1e\x96\x6c\xa8\
\xef\x7e\x35\x6c\x7f\xe9\x8b\x68\xfe\x83\x72\x24\x00\x84\x7f\x61\
\xfd\x0b\xdf\x0f\x4f\xb5\x5d\x8d\x36\x0d\x4a\xaf\xba\xf5\x48\xd4\
\x6c\x01\x00\x40\xa9\x55\xb7\x1c\x89\x7a\x57\xb2\xe1\xa9\xb6\x2b\
\x61\xfd\x85\xef\x47\x73\x1f\x94\x2b\x01\x20\x7c\xc5\xaa\xfe\x6f\
\x47\x1b\x07\xa5\x37\x7f\xfb\x99\x30\xa1\xa1\x33\x6a\xb8\x00\x00\
\xa0\x54\x26\x2c\xef\x0c\xf3\xb6\x9d\x89\x7a\x57\xb2\xa1\xa9\xff\
\xed\x68\xde\x83\x72\x26\x00\x84\xaf\xd8\x76\xe3\xb3\x50\x77\xe8\
\x95\x68\xf3\xa0\xf4\x66\xac\x3d\x1a\x35\x5d\x00\x00\x50\x2a\xd3\
\xd7\x1e\x8d\x7a\x56\xb2\xa1\xee\xe0\x2b\xb7\x67\xbb\xf4\xbc\x07\
\xe5\x4c\x00\x08\x29\xeb\x2e\x7c\x2f\x3c\xb5\xf7\x4a\xb4\x89\x50\
\x5a\x0b\x76\x9e\x0b\x55\x8d\x5d\x51\xe3\x05\x00\x00\x63\x2d\xe9\
\x4b\x17\xec\x38\x17\xf5\xac\x94\xde\x93\x7b\x2e\x87\xb5\xe7\xbf\
\x17\xcd\x79\x50\xee\x04\x80\x70\x17\x4d\xc7\xdf\x8e\x36\x12\x4a\
\x6f\xd6\x86\xfe\xa8\xf9\x02\x00\x80\xb1\x36\x73\xfd\xf1\xa8\x57\
\x25\x1b\x56\x1e\x7b\x2b\x9a\xef\x00\x01\x20\xdc\xd5\x96\xeb\x9f\
\x86\xda\xae\x97\xa3\xcd\x84\xd2\x5a\xf4\xcc\x85\x30\xb9\xa9\x3b\
\x6a\xc0\x00\x00\x60\xac\x4c\x6e\x3a\x14\x16\xed\xbe\x10\xf5\xaa\
\x94\x5e\x6d\xd7\xad\xb0\xe5\xda\xa7\xd1\x7c\x07\x08\x00\xe1\x9e\
\xd6\x9e\xfb\x20\x3c\xf1\xfc\x8b\xd1\xa6\x42\x69\xcd\xde\x34\x10\
\xc6\xd5\xb6\x47\x8d\x18\x00\x00\x8c\xb6\x8a\x9a\xb6\x30\x7b\xd3\
\x89\xa8\x47\xa5\xf4\x1e\x7f\xf6\x62\x68\x3d\xf7\x41\x34\xd7\x01\
\x5f\x12\x00\xc2\x7d\xac\xe8\xfb\x56\xb4\xb1\x50\x7a\x53\x9b\x0f\
\x47\xcd\x18\x00\x00\x8c\xb6\x29\xcd\x3d\x51\x6f\x4a\x36\xac\x38\
\xf2\x46\x34\xcf\x01\xbf\x22\x00\x84\xfb\xd8\x74\xe5\x87\xa1\xa6\
\xf3\x66\xb4\xb9\x50\x5a\x73\xb7\x9c\x0a\xe3\x97\x75\x44\x0d\x19\
\x00\x00\x8c\x96\xca\x65\x1d\x61\xee\x96\x93\x51\x6f\x4a\xe9\x2d\
\xd9\x7f\x23\x6c\xba\xfc\xc3\x68\x9e\x03\x7e\x45\x00\x08\x0f\xd0\
\x72\xe6\x3b\xe1\xb1\x67\x2e\x46\x9b\x0c\xa5\x55\xdd\x7a\x24\x6a\
\xca\x00\x00\x60\xb4\x4c\x6b\xe9\x8d\x7a\x52\xb2\xa1\xe5\xf4\x77\
\xa2\x39\x0e\xf8\x75\x02\x40\x18\x84\x86\xde\xd7\xa3\x4d\x86\xd2\
\x9a\xbf\xed\x4c\x98\xb0\xbc\x33\x6a\xcc\x00\x00\x60\xa4\x25\x7d\
\xe7\xbc\x6d\x67\xa2\x9e\x94\xd2\x4b\x66\xb5\xf4\xfc\x06\xc4\x04\
\x80\x30\x08\x9b\x5e\xfc\x38\x2c\xe9\xb8\x11\x6d\x36\x94\xd6\xf4\
\xb5\x47\xa3\xe6\x0c\x00\x00\x46\x5a\xd2\x77\xa6\x7b\x51\x4a\x6f\
\xc9\xbe\xeb\x61\xc3\x8b\x1f\x47\xf3\x1b\x10\x13\x00\xc2\x20\xad\
\x3e\xf5\x5e\xb4\xe1\x50\x5a\x0b\x76\x9e\x0b\x55\x2b\xba\xa2\x06\
\x0d\x00\x00\x46\x4a\xd2\x6f\x2e\xd8\x71\x2e\xea\x45\x29\xbd\xd5\
\x27\xdf\x8b\xe6\x36\xe0\xee\x04\x80\x30\x48\x3b\x6e\xfd\x38\x2c\
\x3f\xfc\xcd\x68\xd3\xa1\xb4\x66\xae\x3f\x1e\x35\x69\x00\x00\x30\
\x52\x92\x7e\x33\xdd\x83\x52\x7a\xf5\x87\x5f\x0b\xdb\x5f\xfa\x22\
\x9a\xdb\x80\xbb\x13\x00\xc2\x10\x6c\xb8\xf8\x51\x58\xdc\x7e\x2d\
\xda\x7c\x28\x9d\x45\xbb\x2f\x84\xc9\x4d\x87\xa2\x46\x0d\x00\x00\
\x1e\x56\xd2\x67\x2e\xda\x75\x21\xea\x41\x29\xad\xa7\xdb\xae\xdc\
\x9e\xcd\xd2\xf3\x1a\x70\x6f\x02\x40\x18\xa2\x55\x03\xef\x44\x1b\
\x10\xa5\x35\x7b\xd3\x40\xa8\xa8\x69\x8f\x1a\x36\x00\x00\x18\xae\
\x8a\x9a\xb6\x30\x7b\xe3\x89\xa8\xf7\xa4\xf4\x9a\x4e\x7c\x3b\x9a\
\xd3\x80\xfb\x13\x00\xc2\x10\x6d\xbf\xf9\x45\x58\xd6\xfd\x4a\xb4\
\x09\x51\x5a\x53\x9b\x0f\x47\x4d\x1b\x00\x00\x0c\xd7\xd4\xe6\x9e\
\xa8\xe7\xa4\xf4\x96\x1d\x7a\x39\x6c\xbd\xf1\x59\x34\xa7\x01\xf7\
\x27\x00\x84\x61\x58\x77\xe1\x7b\xe1\xc9\x3d\x57\xa2\xcd\x88\xd2\
\x99\xbb\xe5\x54\xa8\x5c\xd6\x11\x35\x6e\x00\x00\x30\x54\x95\x75\
\x1d\x61\xee\x96\x93\x51\xcf\x49\x69\x3d\xb9\xf7\x72\x58\x77\xfe\
\x7b\xd1\x7c\x06\x3c\x98\x00\x10\x86\xa9\xe9\xf8\x5b\xd1\x86\x44\
\x69\x55\xb7\xf6\x46\xcd\x1b\x00\x00\x0c\x55\x75\xcb\x91\xa8\xd7\
\xa4\xf4\x56\x1e\x7f\x3b\x9a\xcb\x80\xc1\x11\x00\xc2\x30\x6d\xbd\
\xf6\xa3\x50\x7b\xf0\xe5\x68\x53\xa2\x74\xe6\x6d\x3b\x13\x26\x2c\
\xef\x8c\x1a\x38\x00\x00\x18\xac\xa4\x9f\x9c\xb7\xed\x74\xd4\x6b\
\x52\x5a\xb5\x5d\xb7\xc2\xd6\x6b\x9f\x46\x73\x19\x30\x38\x02\x40\
\x78\x08\x6b\xce\x7d\x10\x9e\x78\xfe\xc5\x68\x73\xa2\x74\xa6\xaf\
\x3d\x1a\x35\x71\x00\x00\x30\x58\xd3\xd7\xf4\x45\x3d\x26\xa5\xf5\
\xc4\xf3\x97\xc2\x9a\xb3\x1f\x44\xf3\x18\x30\x78\x02\x40\x78\x48\
\x2b\x8f\xbd\x19\x6d\x50\x94\xce\x82\x1d\xe7\x42\x55\x63\x57\xd4\
\xc8\x01\x00\xc0\x83\x54\xad\xe8\xba\xdd\x4f\xa6\x7b\x4c\x4a\x6b\
\xc5\xd1\x37\xa3\x39\x0c\x18\x1a\x01\x20\x3c\xa4\xcd\x57\x3f\x0d\
\x35\x07\x5e\x8a\x36\x29\x4a\x67\xe6\xfa\xe3\x51\x33\x07\x00\x00\
\x0f\x32\x63\xfd\xf1\xa8\xb7\xa4\xb4\x96\x76\xde\x08\x9b\xaf\x7c\
\x12\xcd\x61\xc0\xd0\x08\x00\x61\x04\xb4\x9e\x79\x3f\x3c\xfe\xdc\
\xa5\x68\xb3\xa2\x34\x16\xed\xbe\x10\x26\x37\x1d\x8a\x1a\x3a\x00\
\x00\xb8\x97\xa4\x7f\x5c\xb4\xeb\x42\xd4\x5b\x52\x3a\x8b\x9e\x79\
\x21\xb4\x9c\xfe\x4e\x34\x7f\x01\x43\x27\x00\x84\x11\xd2\x70\xe4\
\xf5\x68\xc3\xa2\x74\x66\x6f\x1a\x08\x15\x35\xed\x51\x63\x07\x00\
\x00\x69\x15\x35\x6d\x61\xd6\xc6\x13\x51\x4f\x49\x69\x35\xf4\xbe\
\x1e\xcd\x5d\xc0\xf0\x08\x00\x61\x84\x6c\x7c\xf1\x07\x61\xc9\xfe\
\x1b\xd1\xa6\x45\xe9\x4c\x6d\xee\x89\x9a\x3b\x00\x00\x48\x9b\xd2\
\xdc\x13\xf5\x92\x94\xd6\xe2\x8e\xeb\x61\xe3\xa5\x8f\xa3\xb9\x0b\
\x18\x1e\x01\x20\x8c\xa0\xd5\xa7\xde\x8d\x36\x2e\x4a\x67\xee\x96\
\x93\xa1\x72\x59\x47\xd4\xe0\x01\x00\xc0\x1d\x95\x75\xfb\xc2\x9c\
\x2d\x27\xa3\x5e\x92\xd2\x6a\x3e\xf9\x5e\x34\x6f\x01\xc3\x27\x00\
\x84\x11\xb4\xe3\xd6\x8f\xc3\xf2\xc3\xdf\x8c\x36\x2f\x4a\x67\x5a\
\x4b\x6f\xd4\xe4\x01\x00\xc0\x1d\x49\xbf\x98\xee\x21\x29\xad\x64\
\xa6\xda\xf1\xd2\x17\xd1\xbc\x05\x0c\x9f\x00\x10\x46\xd8\x86\x8b\
\x1f\x87\xc5\xfb\xae\x45\x9b\x18\xa5\x31\x6f\xdb\x99\x30\x61\x79\
\x67\xd4\xe8\x01\x00\x40\xd2\x27\xce\xdb\x76\x3a\xea\x21\x29\x9d\
\xa7\xdb\xaf\x86\xf5\x17\x3f\x8a\xe6\x2c\xe0\xe1\x08\x00\x61\x14\
\x34\x0f\xbc\x13\x6d\x64\x94\xce\xf4\xb5\x47\xa3\x66\x0f\x00\x00\
\xa6\xaf\xe9\x8b\x7a\x47\x4a\xab\xf9\xc4\x3b\xd1\x7c\x05\x3c\x3c\
\x01\x20\x8c\x82\xed\x37\xbf\x08\xcb\xba\x5f\x8d\x36\x33\x4a\x63\
\xc1\x8e\x73\xa1\xaa\xb1\x2b\x6a\xf8\x00\x00\x28\x5f\x55\x2b\xba\
\x6e\xf7\x89\xe9\xde\x91\xd2\xa9\x3b\xf4\x4a\xd8\x76\xe3\xf3\x68\
\xbe\x02\x1e\x9e\x00\x10\x46\xc9\xfa\x0b\xdf\x0f\x4f\xb7\x5d\x8d\
\x36\x35\x4a\x63\xe6\xfa\xe3\x51\xd3\x07\x00\x40\xf9\x9a\xb9\xee\
\x78\xd4\x33\x52\x3a\x4f\xed\xbd\x1c\xd6\x9e\xff\x5e\x34\x57\x01\
\x23\x43\x00\x08\xa3\xa8\xa9\xff\xed\x68\x63\xa3\x34\x16\xed\xbe\
\x10\x26\x37\x1d\x8a\x1a\x3f\x00\x00\xca\xcf\xa4\x95\x87\xc2\xa2\
\x5d\x17\xa2\x9e\x91\xd2\x69\x3a\xfe\x76\x34\x4f\x01\x23\x47\x00\
\x08\xa3\x68\xeb\xf5\xcf\x42\xed\xc1\x97\xa3\xcd\x8d\xd2\x98\xbd\
\xf1\x44\xa8\xa8\x69\x8b\x1a\x40\x00\x00\xca\x47\xd2\x0f\x26\x7d\
\x61\xba\x57\xa4\x74\x6a\xbb\x5e\x0e\x5b\xae\x7d\x1a\xcd\x53\xc0\
\xc8\x11\x00\xc2\x28\x5b\x7b\xee\x83\xf0\xc4\xf3\x2f\x46\x9b\x1c\
\xa5\x31\xa5\xb9\x27\x6a\x02\x01\x00\x28\x1f\x49\x3f\x98\xee\x11\
\x29\x9d\x27\x9e\xbf\x14\xd6\x9e\xfd\x20\x9a\xa3\x80\x91\x25\x00\
\x84\x31\xd0\x78\xf4\xcd\x68\xa3\xa3\x34\xe6\x6c\x39\x19\x2a\xeb\
\xf6\x45\x8d\x20\x00\x00\xc5\x97\xf4\x81\x73\x36\x9f\x8c\x7a\x44\
\x4a\x27\x99\x95\xd2\xf3\x13\x30\xf2\x04\x80\x30\x06\xb6\x5c\xf9\
\x34\xd4\x1c\x78\x29\xda\xec\x28\x8d\x69\x2d\xbd\x51\x33\x08\x00\
\x40\xf1\x25\x7d\x60\xba\x37\xa4\x74\x96\x76\xbe\x14\x36\x5f\xfd\
\x24\x9a\x9f\x80\x91\x27\x00\x84\x31\xd2\x7a\xe6\xbb\xe1\xf1\xe7\
\x2e\x46\x9b\x1e\x63\x6f\xde\xb6\xd3\x61\xc2\xf2\xce\xa8\x21\x04\
\x00\xa0\xb8\x26\xd4\xef\xbf\xdd\x07\xa6\x7b\x43\x4a\xa7\xf5\xf4\
\xfb\xd1\xdc\x04\x8c\x0e\x01\x20\x8c\xa1\x15\x7d\x6f\x44\x9b\x1e\
\xa5\x31\x7d\x4d\x5f\xd4\x14\x02\x00\x50\x5c\x49\xff\x97\xee\x09\
\x29\x9d\x86\x23\x6f\x44\xf3\x12\x30\x7a\x04\x80\x30\x86\x36\x5d\
\xfe\x61\x58\xba\xff\x66\xb4\xf9\x31\xf6\x16\xec\x38\x17\xaa\x56\
\x74\x45\x8d\x21\x00\x00\xc5\x33\x71\x45\x57\x58\xb0\xe3\x6c\xd4\
\x13\x52\x1a\x4b\x3a\x6e\x84\x4d\x2f\x7e\x1c\xcd\x4b\xc0\xe8\x11\
\x00\xc2\x18\x6b\x39\xf5\x9d\x68\x03\xa4\x34\x66\xac\x3f\x1e\x35\
\x87\x00\x00\x14\xcf\x8c\xff\x7f\x7b\x7f\x1e\x5d\x65\xbe\xe7\xf7\
\xbd\xe5\xdc\x5e\xcb\xed\xeb\xce\x8a\x93\xce\xe0\x24\xed\x8e\x93\
\xd5\xf6\xbd\x2b\xee\xe5\x75\x3a\x6e\xe7\x74\xbc\xd2\xb9\x5e\x8e\
\xb3\xe2\xb6\x1d\x27\xdd\xed\x38\x11\x62\x12\x20\x26\x01\x42\x87\
\x19\xcd\xf3\x2c\xa1\x69\x3f\x5b\x54\x15\x85\x06\x34\x4b\x08\x49\
\x68\x9e\x00\x49\x48\x7a\xb6\x28\xa8\xa2\x28\x0a\x0a\xa8\x82\x02\
\x0a\xf4\x6c\xea\xd8\x71\x6e\xb7\x73\xee\xed\x6f\xd6\x16\x7d\x4e\
\x9d\x7a\xbe\x02\x34\xec\xbd\xb5\xf7\xf3\xbc\xbf\x6b\xbd\xfe\x69\
\x28\x06\xe9\x79\x7e\xbf\xcf\xf7\xd3\xb5\x4f\x95\xf6\xa8\x2c\x88\
\x8d\x53\x30\x70\x4f\xed\x49\x00\x42\x8b\x02\x10\x08\x33\xc3\xe7\
\x97\x8c\xce\x9b\xea\x12\x44\xf8\x25\xd5\x8e\x4b\x5c\x6e\x9b\x0a\
\x88\x00\x00\x00\x70\x8e\xed\x39\xad\x92\x54\x3b\xa6\xb2\x20\x36\
\x46\x7a\xc7\x4d\x31\xcc\x45\xb5\x27\x01\x08\x2d\x0a\x40\x60\x03\
\x94\x5f\x79\x2c\x27\x1b\x66\xd4\x65\x88\xf0\xdb\x77\xe6\xb2\xc4\
\x24\xd7\xa9\xa0\x08\x00\x00\x80\xe8\x17\xc8\x79\xfb\xce\xf4\xa9\
\x0c\x88\x8d\x71\xb2\x7e\x46\xca\x27\x1f\xab\xfd\x08\x40\xe8\x51\
\x00\x02\x1b\x24\xaf\xff\xae\xba\x10\xb1\x31\x76\xe4\x77\xa8\xb0\
\x08\x00\x00\x80\xe8\x17\xc8\x79\xf6\xec\x87\x8d\x13\xd8\x81\xec\
\x7b\x11\x80\xf0\xa0\x00\x04\x36\x88\x67\x7e\x51\xd2\xdb\x6f\xa8\
\x4b\x11\xe1\x97\x50\x35\x20\xb1\xa9\x0d\x2a\x30\x02\x00\x00\x20\
\x7a\x05\xf2\x5d\x42\xe5\x80\xca\x7e\xd8\x18\x81\xdd\xa7\x66\xee\
\xa5\xda\x8b\x00\x84\x07\x05\x20\xb0\x81\xca\x26\xbe\x96\xe3\x75\
\x53\xea\x72\x44\xf8\xed\x2a\xec\x52\xa1\x11\x00\x00\x00\xd1\x2b\
\x90\xef\xec\x99\x0f\x1b\xe3\xf8\xf9\x69\x29\x9d\xf8\x4a\xed\x43\
\x00\xc2\x87\x02\x10\xd8\x60\x79\x7d\x77\xd4\x05\x89\xf0\x3b\x58\
\x33\x24\x5b\xd2\x9b\x54\x70\x04\x00\x00\x40\xf4\xd9\x92\x7e\x41\
\x0e\x56\x0f\xa9\xcc\x87\x8d\x91\xdb\x77\x47\xed\x41\x00\xc2\x8b\
\x02\x10\xd8\x60\x35\xb3\x2f\x24\xb5\x75\x41\x5d\x92\x08\xbf\xdd\
\xc5\xdd\x2a\x3c\x02\x00\x00\x20\xfa\xc4\x17\x77\xab\xac\x87\x8d\
\x91\xd2\xe2\x93\xea\x99\xe7\x6a\x0f\x02\x10\x5e\x14\x80\x40\x04\
\x28\x19\x7b\x24\xc7\x3e\xba\xa6\x2e\x4b\x84\x57\xa2\x31\x2a\xdb\
\xb2\x5a\x54\x80\x04\x00\x00\x40\xf4\xd8\x9a\xd9\x2c\x89\xc6\x88\
\xca\x7a\x08\xbf\xa3\xe7\xae\x4a\xf1\xe8\x43\xb5\xff\x00\x08\x3f\
\x0a\x40\x20\x42\xe4\xf4\x7c\xa6\x2e\x4c\x84\xdf\xde\xd2\x1e\x15\
\x22\x01\x00\x00\x10\x3d\xf6\x94\xf6\xa8\x8c\x87\x8d\x91\xd3\x73\
\x5b\xed\x3d\x00\x36\x06\x05\x20\x10\x21\xaa\x66\x9e\x4b\x72\xf3\
\xbc\xba\x34\x11\x5e\x49\xb5\xe3\xb2\x3d\xa7\x4d\x05\x49\x00\x00\
\x00\x44\xbe\xed\x39\xad\x92\x54\x3b\xa6\x32\x1e\xc2\x2f\xb0\xdb\
\x54\x4e\x3f\x53\x7b\x0f\x80\x8d\x41\x01\x08\x44\x90\xe2\x91\x07\
\x72\xe4\x83\x49\x75\x79\x22\xbc\xf6\x9f\xb9\x2c\x31\xc9\x75\x2a\
\x50\x02\x00\x00\x20\x72\x05\xf2\xdb\xbe\xf2\x3e\x95\xed\x10\x7e\
\x47\x3e\xb8\x22\x45\xc3\x5f\xaa\x7d\x07\xc0\xc6\xa1\x00\x04\x22\
\x4c\x56\xf7\x27\xea\x02\x45\xf8\xed\xc8\xef\x50\xa1\x12\x00\x00\
\x00\x91\x6b\x47\x5e\x87\xca\x74\xd8\x18\x81\x9d\xc6\xbe\xe7\x00\
\xd8\x58\x14\x80\x40\x84\xa9\xb8\xf6\x54\x4e\x5d\x98\x55\x97\x28\
\xc2\x2b\xa1\x72\x40\x62\x53\x1b\x54\xb0\x04\x00\x00\x40\xe4\xd9\
\x94\x5a\xbf\x94\xdf\xec\x99\x0e\xe1\x77\xea\xc2\x9c\x54\x5c\xfb\
\x46\xed\x39\x00\x36\x16\x05\x20\x10\x81\x0a\x87\xee\xab\x8b\x14\
\xe1\xb7\xab\xb0\x4b\x85\x4b\x00\x00\x00\x44\x9e\x9d\x05\x5d\x2a\
\xcb\x61\x63\x14\x0e\xde\x53\xfb\x0d\x80\x8d\x47\x01\x08\x44\xa8\
\xcc\x8b\xb7\xd4\x65\x8a\xf0\x3a\x58\x33\x24\x5b\xd2\x9b\x54\xc0\
\x04\x00\x00\x40\xe4\xd8\x9c\x7e\x41\x0e\x56\x0f\xa9\x2c\x87\xf0\
\xcb\xe8\xbc\x29\x5e\x53\xef\x36\x00\x36\x1e\x05\x20\x10\xa1\xca\
\xaf\x3e\x91\x53\x0d\xd7\xd5\xa5\x8a\xf0\xda\x5d\xdc\xad\x42\x26\
\x00\x00\x00\x22\x47\x7c\x71\xb7\xca\x70\x08\xbf\x13\x0d\x33\x52\
\x3e\xf9\x58\xed\x35\x00\x22\x03\x05\x20\x10\xc1\x0a\x06\xee\xa9\
\x8b\x15\xe1\x95\x68\x8c\xc8\xb6\xac\x16\x15\x34\x01\x00\x00\xb0\
\xf1\xb6\x66\x36\xcb\x21\x63\x44\x65\x38\x84\x5f\x7e\xff\x5d\xb5\
\xcf\x00\x88\x1c\x14\x80\x40\x04\xf3\xcc\x2f\x4a\x5a\xc7\x0d\x75\
\xb9\x22\xbc\xf6\x94\xf6\xa8\xb0\x09\x00\x00\x80\x8d\x17\xc8\x69\
\xf6\xec\x86\xf0\x4b\x6b\xbf\x21\x9e\xb9\x45\xb5\xcf\x00\x88\x1c\
\x14\x80\x40\x84\x2b\x9b\xf8\x5a\x4e\xd4\x4d\xa9\x4b\x16\xe1\x93\
\x54\x3b\x26\xdb\x73\x5a\x55\xe0\x04\x00\x00\xc0\xc6\x09\xe4\xb3\
\xc3\xb5\x63\x2a\xbb\x21\xbc\x4e\xd4\x4d\x4b\xe9\xf8\x57\x6a\x8f\
\x01\x10\x59\x28\x00\x81\x28\x90\x7b\xf9\x73\x75\xd1\x22\xbc\xf6\
\x95\xf7\x49\x4c\x72\x9d\x0a\x9e\x00\x00\x00\x08\xbf\x98\xd3\xe7\
\x97\xf2\x99\x3d\xb3\x21\xfc\x72\xfb\xee\xa8\xfd\x05\x40\xe4\xa1\
\x00\x04\xa2\x40\xf5\xec\x0b\x49\x6b\xf3\xa9\xcb\x16\xe1\xb5\x23\
\xaf\x43\x85\x4f\x00\x00\x00\x84\xdf\x8e\xbc\x76\x95\xd5\x10\x7e\
\xa9\x6d\x0b\x52\x7d\xfd\x85\xda\x5f\x00\x44\x1e\x0a\x40\x20\x4a\
\x94\x8e\x3d\x92\x63\xe7\xaf\xa9\x4b\x17\xe1\x93\x50\x39\x20\xb1\
\xa9\x0d\x2a\x80\x02\x00\x00\x20\x7c\x02\x79\x2c\xa1\xa2\x5f\x65\
\x35\x84\xd7\xd1\x73\x57\xa5\x64\xec\xa1\xda\x5b\x00\x44\x26\x0a\
\x40\x20\x8a\xe4\xf4\xde\x51\x17\x2f\xc2\x6b\x57\x61\x97\x0a\xa1\
\x00\x00\x00\x08\x9f\x9d\x05\x5d\x2a\xa3\x21\xfc\xb2\x2f\xdd\x56\
\xfb\x0a\x80\xc8\x45\x01\x08\x44\x91\xea\x99\xe7\x92\xd2\x62\xaa\
\xcb\x17\xe1\x73\xb0\x7a\x48\x36\xa7\x5f\x50\x41\x14\x00\x00\x00\
\xa1\x17\xc8\x61\x81\x3c\x66\xcf\x68\x08\xaf\xe4\xe6\x79\xa9\x9c\
\x7a\xae\xf6\x15\x00\x91\x8b\x02\x10\x88\x32\xc5\x23\x0f\xe5\xe8\
\xb9\x2b\xea\x12\x46\xf8\xc4\x17\x77\xab\x30\x0a\x00\x00\x80\xd0\
\x0b\xe4\x30\x7b\x36\x43\x78\x1d\xf9\x70\x52\x8a\x86\xbf\x54\x7b\
\x0a\x80\xc8\x46\x01\x08\x44\xa1\xac\x4b\xb7\xd5\x45\x8c\xf0\x49\
\x34\x46\x64\x6b\x66\xb3\x0a\xa4\x00\x00\x00\x08\x9d\x40\xfe\x4a\
\xf4\x0c\xab\x6c\x86\xf0\xca\xea\xfe\x44\xed\x27\x00\x22\x1f\x05\
\x20\x10\x85\x2a\xa7\x9e\xc9\xe9\xa6\x59\x75\x19\x23\x7c\xf6\x94\
\xf6\xa8\x50\x0a\x00\x00\x80\xd0\x09\xe4\x2f\x7b\x26\x43\x78\x9d\
\xbe\x30\x27\x15\xd7\x9e\xaa\xfd\x04\x40\xe4\xa3\x00\x04\xa2\x54\
\xe1\xd0\x7d\x49\x5a\xe6\x52\x46\x78\x1c\xae\x1d\x93\xed\x39\xad\
\x2a\x98\x02\x00\x00\x20\xf8\xb6\x67\xb7\x2e\xe5\x2f\x7b\x26\x43\
\x78\x15\x0e\xde\x53\x7b\x09\x80\xe8\x40\x01\x08\x44\xb1\xcc\xae\
\x5b\xea\x52\x46\xf8\xec\x2b\xef\x93\x98\xe4\x3a\x15\x50\x01\x00\
\x00\x10\x5c\x81\xdc\x65\xcf\x62\x08\xaf\xc0\xee\x61\x2c\xb3\x93\
\x00\x88\x0e\x14\x80\x40\x14\x3b\x73\xe5\x89\x9c\x6c\xbc\xae\x2e\
\x67\x84\xcf\x8e\xbc\x0e\x15\x50\x01\x00\x00\x10\x3c\x71\x79\xed\
\x2a\x83\x21\xbc\x4e\x36\xcc\x2c\xed\x1e\xf6\x7d\x04\x40\xf4\xa0\
\x00\x04\xa2\x5c\xfe\xc0\x3d\x75\x41\x23\x7c\x12\x2a\x07\x24\x36\
\xb5\x41\x05\x55\x00\x00\x00\xac\xdf\xa6\x94\x7a\x49\xa8\xe8\x57\
\x19\x0c\xe1\x95\xd7\x7f\x57\xed\x21\x00\xa2\x0b\x05\x20\x10\xe5\
\x8c\xf9\x45\xc9\xe8\xbc\xa9\x2e\x69\x84\xcf\xae\xc2\x2e\x15\x56\
\x01\x00\x00\xb0\x7e\x3b\x0b\x3a\x55\xf6\x42\x78\xa5\xb7\xdf\x10\
\xcf\xfc\xa2\xda\x43\x00\x44\x17\x0a\x40\xc0\x01\xca\x26\x1f\xcb\
\x89\xfa\x69\x75\x59\x23\x3c\x0e\x56\x0f\xc9\xe6\xf4\x0b\x2a\xb0\
\x02\x00\x00\x60\xed\x36\xa7\x37\xca\xc1\xea\x41\x95\xbd\x10\x3e\
\xc7\xeb\xa6\xa4\x6c\xfc\x6b\xb5\x7f\x00\x88\x3e\x14\x80\x80\x43\
\xe4\x5f\xbe\xab\x2e\x6c\x84\xcf\xee\xe2\x6e\x15\x5a\x01\x00\x00\
\xb0\x76\xf1\x45\xdd\x2a\x73\x21\xbc\xf2\xfa\xee\xa8\xbd\x03\x40\
\x74\xa2\x00\x04\x1c\xa2\x66\xf6\xa5\xa4\xb6\x2d\xa8\x4b\x1b\xe1\
\x91\xe8\x19\x91\xad\x99\xcd\x2a\xb8\x02\x00\x00\x60\xf5\xb6\x66\
\x36\xc9\x21\xcf\xb0\xca\x5c\x08\x9f\xd4\xd6\x05\xa9\x99\x7d\xa1\
\xf6\x0e\x00\xd1\x89\x02\x10\x70\x90\x92\xb1\x47\x72\xfc\xfc\x35\
\x75\x79\x23\x3c\xf6\x94\xf6\xa8\xf0\x0a\x00\x00\x80\xd5\x0b\xe4\
\x2a\x7b\xd6\x42\xf8\x1c\xfb\xe8\xda\xd2\x6e\x61\xdf\x37\x00\x44\
\x2f\x0a\x40\xc0\x61\x72\x7b\xef\xa8\x0b\x1c\xe1\x91\x54\x3b\x26\
\xdb\x73\xda\x54\x80\x05\x00\x00\xc0\xca\x6d\xcf\x6e\x95\xc3\xb5\
\xa3\x2a\x6b\x21\x7c\x72\x7a\x3e\x53\x7b\x06\x80\xe8\x46\x01\x08\
\x38\x4c\xd5\xcc\x73\x49\x69\xf1\xa9\x4b\x1c\xe1\xb1\xaf\xbc\x4f\
\x62\x4e\xd7\xa9\x20\x0b\x00\x00\x80\x95\x09\xe4\x29\x7b\xc6\x42\
\xf8\x24\x37\xcf\x2f\xed\x14\xf6\x3d\x03\x40\x74\xa3\x00\x04\x1c\
\xa8\x64\xe4\xa1\x1c\x3d\x77\x45\x5d\xe6\x08\x8f\x1d\x79\x1d\x2a\
\xc8\x02\x00\x00\xe0\xdd\xe2\x72\xdb\x55\xb6\x42\xf8\x1c\xf9\x60\
\x52\x8a\x46\x1e\xa8\xfd\x02\x40\xf4\xa3\x00\x04\x1c\x2a\xfb\xd2\
\x6d\x75\xa1\x23\x3c\x12\x2a\x07\x24\x36\xb5\x5e\x05\x5a\x00\x00\
\x00\xbc\xd9\xa6\x94\x7a\xd9\x5f\xd1\xaf\xb2\x15\xc2\x27\xeb\xe2\
\x27\x6a\xaf\x00\xe0\x0c\x14\x80\x80\x43\x55\x4e\x3f\x93\xd3\x4d\
\xf3\xea\x52\x47\x78\xec\x2c\xe8\x52\xa1\x16\x00\x00\x00\x6f\xb6\
\xb3\xa0\x53\x65\x2a\x84\xcf\xa9\x0b\xb3\x52\x71\xed\xa9\xda\x2b\
\x00\x38\x03\x05\x20\xe0\x60\x45\x43\x5f\x2e\xfd\x6b\xfc\xf6\xcb\
\x1d\xa1\x77\xb0\x7a\x50\x36\xa7\x37\xaa\x60\x0b\x00\x00\x00\x2d\
\x90\x9b\x0e\x54\x0d\xaa\x4c\x85\xf0\x29\x1c\xba\xaf\xf6\x09\x00\
\xce\x41\x01\x08\x38\x5c\xe6\xc5\x4f\xd4\xe5\x8e\xf0\x88\x2f\xee\
\x56\xe1\x16\x00\x00\x00\x5a\x7c\xd1\x45\x95\xa5\x10\x3e\x99\x17\
\x6f\xa9\x3d\x02\x80\xb3\x50\x00\x02\x0e\x57\x71\xed\x1b\x39\xd5\
\x38\xab\x2e\x79\x84\x5e\xa2\x67\x58\xb6\x66\x36\xab\x80\x0b\x00\
\x00\x80\xef\x6d\xc9\x6c\x92\x43\x9e\x61\x95\xa5\x10\x1e\xa7\x1a\
\xae\x4b\xf9\xd5\x27\x6a\x8f\x00\xe0\x2c\x14\x80\x80\x0b\x14\x0c\
\xdc\x53\x17\x3d\xc2\x63\x4f\x69\x8f\x0a\xb9\x00\x00\x00\xf8\x5e\
\x20\x2f\xd9\x33\x14\xc2\x27\xb0\x2b\xd8\xf7\x07\x00\xce\x43\x01\
\x08\xb8\x80\x61\x2e\x4a\x7a\xc7\x4d\x75\xd9\x23\xf4\x0e\xd7\x8e\
\xc9\xf6\xec\x56\x15\x74\x01\x00\x00\x70\x5e\xb6\x65\xb7\xca\x61\
\xef\xa8\xca\x50\x08\x8f\xf4\xce\x8f\xc5\x33\xbf\xa8\xf6\x07\x00\
\xce\x43\x01\x08\xb8\x44\xf9\xe4\x63\x39\x59\x3f\xa3\x2e\x7d\x84\
\xde\xbe\xf2\x3e\x15\x76\x01\x00\x00\x70\x7e\x29\x27\xd9\xb3\x13\
\xc2\xe3\x44\xdd\xd4\xd2\x8e\x60\xdf\x1b\x00\x38\x13\x05\x20\xe0\
\x22\x79\xfd\x77\xd5\xc5\x8f\xf0\x88\xcb\x6d\x57\x81\x17\x00\x00\
\xc0\xcd\x02\xf9\xc8\x9e\x99\x10\x3e\xb9\x97\x3f\x57\xfb\x02\x00\
\xe7\xa2\x00\x04\x5c\xa4\x66\xee\xa5\xa4\xb7\xdf\x50\x97\x3f\x42\
\x2f\xa1\xa2\x5f\x36\xa5\xd4\xab\xe0\x0b\x00\x00\xe0\x46\x81\x5c\
\xb4\xbf\xa2\x5f\x65\x26\x84\x47\x5a\x9b\x4f\xaa\x67\x5f\xa8\x7d\
\x01\x80\x73\x51\x00\x02\x2e\x53\x3a\xf1\x95\x1c\x3f\x3f\xad\x42\
\x00\x42\x6f\x67\x41\xa7\x0a\xbf\x00\x00\x00\x6e\x14\xc8\x45\xf6\
\xac\x84\xf0\x38\x76\xfe\x9a\x94\x8e\x3d\x52\x7b\x02\x00\x67\xa3\
\x00\x04\x5c\x28\xb7\xef\x8e\x0a\x02\x08\xbd\x03\xd5\x83\xb2\x39\
\xbd\x51\x05\x60\x00\x00\x00\x37\x89\x4d\x6b\x94\x03\x55\x83\x2a\
\x2b\x21\x3c\x72\x7a\xef\xa8\xfd\x00\x80\xf3\x51\x00\x02\x2e\x54\
\x7d\xfd\x5b\x49\x69\xf1\xa9\x30\x80\xd0\x8b\x2f\xea\x56\x21\x18\
\x00\x00\xc0\x4d\xe2\x8b\x2e\xaa\x8c\x84\xf0\x48\x69\x31\xa5\x7a\
\xe6\xb9\xda\x0f\x00\x38\x1f\x05\x20\xe0\x52\xc5\xa3\x0f\xe5\xe8\
\xb9\xab\x2a\x14\x20\xb4\x0e\x79\x86\x65\x6b\x66\xb3\x0a\xc2\x00\
\x00\x00\x6e\xb0\x25\xb3\x69\x29\x0f\xd9\x33\x12\x42\xef\xe8\xb9\
\x2b\x52\x3c\xf2\x50\xed\x05\x00\xdc\x81\x02\x10\x70\xb1\x9c\x9e\
\xdb\x2a\x18\x20\xf4\xf6\x94\xf6\xa8\x30\x0c\x00\x00\xe0\x06\x7b\
\x4a\x2e\xa9\x6c\x84\xf0\xc8\xba\x74\x5b\xed\x03\x00\xdc\x83\x02\
\x10\x70\xb1\xca\xe9\x67\x92\xdc\x34\xaf\xc2\x01\x42\xeb\xb0\x77\
\x4c\xb6\x65\xb7\xaa\x40\x0c\x00\x00\xe0\x64\xdb\xb2\x5b\x24\xd1\
\x3b\xaa\xb2\x11\x42\xef\x74\xd3\xac\x54\x4e\x3d\x53\xfb\x00\x00\
\xf7\xa0\x00\x04\x5c\xae\x68\xf8\x4b\xf9\xc9\x07\x57\x54\x48\x40\
\x68\xed\x2b\xef\x93\x98\x65\x82\x31\x00\x00\x80\x53\xed\x2d\xef\
\x53\x99\x08\xa1\x97\xf4\xfe\x84\x14\x0e\xdd\x57\x7b\x00\x00\x77\
\xa1\x00\x04\x20\x59\xdd\x9f\xa8\xa0\x80\xd0\x8b\xcb\x6b\x57\xc1\
\x18\x00\x00\xc0\x89\xe2\x72\xdb\x25\xe9\xec\xb8\xca\x43\x08\xbd\
\xcc\xae\x5b\x2a\xff\x03\x70\x1f\x0a\x40\x00\x52\x71\xed\x1b\x39\
\xd5\x38\xa7\xc2\x02\x42\x2b\xa1\xa2\x5f\x36\xa5\xd4\xab\x80\x0c\
\x00\x00\xe0\x24\x81\xbc\xb3\xbf\xa2\x5f\x65\x21\x84\xde\xc9\xc6\
\xeb\x72\xe6\xca\x13\x95\xff\x01\xb8\x0f\x05\x20\x80\x25\x05\x83\
\xf7\x54\x60\x40\xe8\xed\x2c\xe8\x54\x21\x19\x00\x00\xc0\x49\x76\
\xe6\x77\xaa\x0c\x84\xf0\xc8\x1f\xb8\xa7\x72\x3f\x00\x77\xa2\x00\
\x04\xf0\x9a\x69\x49\x46\xd7\x2d\x15\x1a\x10\x5a\x07\xab\x07\x65\
\x73\x7a\xa3\x0a\xca\x00\x00\x00\x4e\xb0\x39\xad\x51\x0e\x54\x0d\
\xaa\x0c\x84\xd0\xcb\xe8\xbc\x29\xc6\xfc\xa2\xce\xfd\x00\x5c\x89\
\x02\x10\xc0\x2f\x94\x5f\x79\x2c\x27\x1a\x66\x54\x78\x40\x68\xc5\
\x17\x75\xab\xb0\x0c\x00\x00\xe0\x04\xf1\x45\x17\x55\xf6\x41\xe8\
\x9d\xa8\x9f\x96\xb2\xc9\xc7\x2a\xef\x03\x70\x2f\x0a\x40\x00\x3f\
\x90\xdf\x7f\x57\x05\x08\x84\x56\xa2\x67\x44\xb6\x66\x36\xab\xc0\
\x0c\x00\x00\x10\xcd\xb6\x64\x36\xc9\xa1\x9a\x61\x95\x7d\x10\x7a\
\xf9\x97\xef\xaa\x9c\x0f\xc0\xdd\x28\x00\x01\xfc\x80\x67\xee\xa5\
\xa4\xb5\xdf\x50\x21\x02\xa1\xb5\xa7\xb4\x47\x85\x66\x00\x00\x80\
\x68\xb6\xa7\xe4\x92\xca\x3c\x08\xbd\xd4\xb6\x05\xa9\x99\x7d\xa9\
\x72\x3e\x00\x77\xa3\x00\x04\xa0\x94\x8e\x7f\x25\x27\xea\xa6\x55\
\x98\x40\xe8\x1c\xae\x1d\x93\xed\xd9\xad\x2a\x38\x03\x00\x00\x44\
\xa3\x6d\xd9\x2d\x72\xd8\x3b\xaa\x32\x0f\x42\xeb\xf8\xf9\x6b\x52\
\x32\xf6\x48\xe5\x7b\x00\xa0\x00\x04\xb0\xac\xdc\xbe\x3b\x2a\x50\
\x20\xb4\xf6\x95\xf7\xaa\xf0\x0c\x00\x00\x10\x8d\xf6\x96\xf7\xa9\
\xac\x83\xd0\xcb\xed\xbd\xa3\x72\x3d\x00\x04\x50\x00\x02\x58\x56\
\xf5\xf5\x6f\x97\x3e\x3e\x60\x0f\x15\x08\x9d\xa4\xb3\xe3\x12\x97\
\xdb\xae\x02\x34\x00\x00\x40\x34\x89\xcb\x6d\x5b\xca\x35\xf6\xac\
\x83\xd0\x4a\x69\xf1\x49\xd5\xf5\xe7\x2a\xd7\x03\x40\x00\x05\x20\
\x80\x37\x2a\x19\x7b\x28\xc7\x3e\xba\xa6\xc2\x05\x42\x67\x7f\x45\
\xbf\x6c\x4a\xa9\x57\x41\x1a\x00\x00\x20\x1a\xc4\x24\xd7\x2f\xe5\
\x19\x7b\xc6\x41\x68\x1d\x3d\x77\x45\x4a\x46\x1e\xaa\x3c\x0f\x00\
\x3f\x47\x01\x08\xe0\xad\x72\x7a\x3e\x53\x01\x03\xa1\xb5\x33\xbf\
\x53\x85\x69\x00\x00\x80\x68\x10\xc8\x31\xf6\x6c\x83\xd0\xcb\xbe\
\x74\x5b\xe5\x78\x00\xf8\x65\x14\x80\x00\xde\xaa\x72\xfa\x99\x24\
\x37\xcf\xab\x90\x81\xd0\x39\x50\x35\x28\x9b\xd3\x1a\x55\xa0\x06\
\x00\x00\x88\x64\xb1\x69\x8d\x72\xa0\x6a\x40\x65\x1b\x84\xd6\xe9\
\xa6\xf9\xa5\xcc\x6e\xcf\xf1\x00\xf0\xcb\x28\x00\x01\xbc\x53\xd1\
\xf0\x97\x72\xe4\xc3\x49\x15\x36\x10\x3a\xf1\x45\x17\x55\xa8\x06\
\x00\x00\x88\x64\xf1\x45\x5d\x2a\xd3\x20\xf4\x8a\x86\xbe\x54\xf9\
\x1d\x00\xec\x28\x00\x01\xac\x48\x56\xf7\x27\x2a\x6c\x20\x74\x0e\
\x79\x86\x65\x6b\x66\x93\x0a\xd6\x00\x00\x00\x91\x68\x4b\x46\x93\
\x1c\xac\x19\x56\x99\x06\xa1\x95\xd9\x75\x4b\xe5\x76\x00\x58\x0e\
\x05\x20\x80\x15\xa9\xb8\xf6\x8d\x9c\xbe\x30\xa7\x42\x07\x42\x67\
\x4f\x49\x8f\x0a\xd7\x00\x00\x00\x91\x68\x77\xc9\x25\x95\x65\x10\
\x5a\xa7\x1a\x67\xa5\xe2\xea\x13\x95\xdb\x01\x60\x39\x14\x80\x00\
\x56\xac\x70\xf0\x9e\x0a\x1e\x08\x9d\xc3\xde\x51\xd9\x96\xdd\xa2\
\x02\x36\x00\x00\x40\x24\x09\xe4\x95\x44\x63\x54\x65\x19\x84\x56\
\xc1\xc0\x3d\x95\xd7\x01\xe0\x4d\x28\x00\x01\xac\x98\x61\xfa\x25\
\xa3\xeb\x96\x0a\x1f\x08\x9d\x7d\xe5\x7d\x2a\x64\x03\x00\x00\x44\
\x92\xbd\x65\xbd\x2a\xc3\x20\xb4\xd2\x3b\x6e\x8a\x61\x2e\xaa\xbc\
\x0e\x00\x6f\x42\x01\x08\x60\x55\xce\x5c\x79\x2c\x27\x1b\xae\xab\
\x10\x82\x10\x39\x3b\x2e\x71\xb9\xed\x2a\x68\x03\x00\x00\x44\x82\
\xb8\xdc\x36\x49\x3a\x3b\xae\x33\x0c\x42\xe6\x64\xfd\x8c\x94\x4f\
\x3e\x56\x39\x1d\x00\xde\x86\x02\x10\xc0\xaa\xe5\xf7\x7f\xa1\x82\
\x08\x42\x67\x7f\x45\xbf\x6c\x4a\xa9\x57\x81\x1b\x00\x00\x60\x23\
\xc5\x24\xd7\x2f\xe5\x14\x7b\x76\x41\x68\xe5\xf5\xdf\x55\xf9\x1c\
\x00\xde\x85\x02\x10\xc0\xaa\x19\x73\x8b\x92\xde\xf1\xb1\x0a\x23\
\x08\x9d\x9d\x05\x9d\x2a\x74\x03\x00\x00\x6c\xa4\x9d\xf9\x1d\x2a\
\xb3\x20\xb4\xd2\xdb\x6f\x88\x67\xee\xa5\xca\xe7\x00\xf0\x2e\x14\
\x80\x00\xd6\xa4\x6c\xe2\x6b\x39\x5e\x37\xa5\x42\x09\x42\xe3\x40\
\xd5\xa0\xc4\xa6\x35\xaa\xe0\x0d\x00\x00\xb0\x11\x02\xb9\xe4\x40\
\xd5\x80\xca\x2c\x08\x9d\x63\x1f\x4d\x49\xe9\xc4\x57\x2a\x97\x03\
\xc0\x4a\x50\x00\x02\x58\xb3\xdc\xbe\x3b\x2a\x98\x20\x74\xe2\x8b\
\x2e\xaa\xf0\x0d\x00\x00\xb0\x11\x76\x15\x76\xa9\xac\x82\xd0\x0a\
\x64\x6f\x7b\x1e\x07\x80\x95\xa2\x00\x04\xb0\x66\x35\xb3\x2f\x24\
\xb5\x75\x41\x85\x13\x84\xc6\x21\xcf\xb0\x6c\xc9\x6c\x52\x01\x1c\
\x00\x00\x20\x9c\xb6\x64\x34\xc9\xc1\x9a\x61\x95\x55\x10\x3a\x29\
\x2d\x3e\xa9\x9e\x79\xae\xf2\x38\x00\xac\x14\x05\x20\x80\x75\x29\
\x19\x7d\x28\xc7\x3e\xba\xa6\x42\x0a\x42\x63\x4f\xc9\x25\x15\xc2\
\x01\x00\x00\xc2\x69\x77\xc9\x25\x95\x51\x10\x3a\x47\xcf\x5d\x95\
\xe2\xd1\x87\x2a\x87\x03\xc0\x6a\x50\x00\x02\x58\xb7\x9c\x9e\xcf\
\x54\x50\x41\x68\x24\x7a\x47\x65\x5b\x76\x8b\x0a\xe2\x00\x00\x00\
\xe1\x10\xc8\x21\x89\xc6\xa8\xca\x28\x08\x9d\x9c\x9e\xdb\x2a\x7f\
\x03\xc0\x6a\x51\x00\x02\x58\xb7\xaa\x99\xe7\x92\xd2\x62\xaa\xb0\
\x82\xd0\xd8\x57\xde\xa7\xc2\x38\x00\x00\x40\x38\xec\x2d\xeb\x55\
\xd9\x04\xa1\x93\xdc\x3c\x2f\x95\xd3\xcf\x54\xfe\x06\x80\xd5\xa2\
\x00\x04\x10\x14\x45\x23\x0f\xe4\xc8\x87\x57\x54\x68\x41\xf0\x25\
\xbd\x3f\x2e\x71\xb9\xed\x2a\x90\x03\x00\x00\x84\xd2\xf6\x9c\x36\
\x49\x3a\x3b\xae\xb2\x09\x42\xe3\xc8\x07\x57\xa4\x68\xf8\x4b\x95\
\xbb\x01\x60\x2d\x28\x00\x01\x04\x4d\x76\xf7\xa7\x2a\xb8\x20\x34\
\xf6\x57\xf4\xcb\xa6\x94\x7a\x15\xcc\x01\x00\x00\x42\x21\x26\xb9\
\x4e\xf6\x9f\xb9\xac\x32\x09\x42\x27\xab\xfb\x13\x95\xb7\x01\x60\
\xad\x28\x00\x01\x04\x4d\xe5\xd4\x33\x39\x75\x61\x56\x85\x17\x84\
\xc6\xce\xfc\x4e\x15\xce\x01\x00\x00\x42\x61\x47\x7e\x87\xca\x22\
\x08\x9d\x53\x17\xe6\xa4\xe2\xda\x37\x2a\x6f\x03\xc0\x5a\x51\x00\
\x02\x08\xaa\xc2\xa1\x7b\x2a\xc0\x20\x34\x0e\x54\x0d\xca\xe6\xb4\
\x46\x15\xd0\x01\x00\x00\x82\x29\x36\xb5\x41\x12\xaa\x06\x54\x16\
\x41\xe8\x14\x0e\xde\x53\x39\x1b\x00\xd6\x83\x02\x10\x40\xd0\x65\
\x76\xdd\x52\x21\x06\xa1\x11\x5f\x74\x51\x85\x74\x00\x00\x80\x60\
\xda\x55\xd8\xa5\x32\x08\x42\x27\xa3\xf3\xa6\x18\xa6\xa5\x32\x36\
\x00\xac\x07\x05\x20\x80\xa0\x2b\xbf\xfa\x44\x4e\x36\x5c\x57\x61\
\x06\xc1\x77\xa8\x66\x58\xb6\x64\x34\xa9\xa0\x0e\x00\x00\x10\x0c\
\x81\x9c\x71\xb0\x66\x48\x65\x10\x84\xc6\x89\x86\x19\x29\x9f\x7c\
\xac\xf2\x35\x00\xac\x17\x05\x20\x80\x90\x28\x18\xf8\x42\x05\x1a\
\x84\xc6\xee\x92\x4b\x2a\xac\x03\x00\x00\x04\xc3\xee\xe2\x6e\x95\
\x3d\x10\x3a\xf9\xfd\x77\x55\xae\x06\x80\x60\xa0\x00\x04\x10\x12\
\x9e\xf9\x45\x49\xef\xf8\x58\x85\x1a\x04\x5f\xa2\x77\x54\xb6\x65\
\xb5\xa8\xc0\x0e\x00\x00\xb0\x1e\x81\x7c\x91\x68\x8c\xaa\xec\x81\
\xd0\x48\x6b\xbf\x21\x9e\xb9\x45\x95\xab\x01\x20\x18\x28\x00\x01\
\x84\x4c\xd9\xe4\x63\x39\x51\x37\xad\xc2\x0d\x82\x6f\x6f\x59\xaf\
\x0a\xed\x00\x00\x00\xeb\x11\xc8\x17\xf6\xcc\x81\xd0\x08\x64\xe6\
\xb2\xf1\xaf\x54\x9e\x06\x80\x60\xa1\x00\x04\x10\x52\x79\x97\x3f\
\x57\x01\x07\xc1\x97\x74\x76\x5c\xe2\x72\xdb\x54\x70\x07\x00\x00\
\x58\x8b\x40\xae\x48\xaa\x1d\x57\x99\x03\xa1\x91\xdb\x77\x47\xe5\
\x68\x00\x08\x26\x0a\x40\x00\x21\x55\x33\xfb\x52\x52\xdb\x16\x54\
\xc8\x41\xf0\xed\xaf\xe8\x97\x98\xe4\x7a\x15\xe0\x01\x00\x00\x56\
\x23\x26\xb9\x4e\xf6\x9d\xb9\xac\xb2\x06\x42\x23\x90\x95\xab\xaf\
\xbf\x50\x39\x1a\x00\x82\x89\x02\x10\x40\xc8\x95\x8e\x7f\x25\xc7\
\x3e\xba\xa6\xc2\x0e\x82\x6f\x67\x7e\xa7\x0a\xf1\x00\x00\x00\xab\
\xb1\x33\xbf\x43\x65\x0c\x84\xc6\xd1\x73\x57\xa5\x64\xec\xa1\xca\
\xcf\x00\x10\x6c\x14\x80\x00\xc2\x22\xa7\xf7\x33\x15\x78\x10\x7c\
\x07\xaa\x06\x25\x36\xad\x51\x05\x79\x00\x00\x80\x95\x88\x4d\x6d\
\x90\x84\xaa\x01\x95\x31\x10\x1a\xd9\x97\x6e\xab\xdc\x0c\x00\xa1\
\x40\x01\x08\x20\x2c\xaa\x66\x9e\x4b\x4a\xb3\xa9\x42\x0f\x82\x2f\
\xbe\xa8\x4b\x85\x79\x00\x00\x80\x95\xd8\x55\xd8\xa5\xb2\x05\x42\
\x23\xb9\x79\x5e\x2a\xa7\x9e\xab\xdc\x0c\x00\xa1\x40\x01\x08\x20\
\x6c\x8a\x47\x1e\xca\xd1\x0f\xaf\xa8\xf0\x83\xe0\x3a\x58\x33\x2c\
\x5b\x32\x9a\x54\xa0\x07\x00\x00\x78\x9b\x40\x7e\x38\x58\x33\xa4\
\xb2\x05\x82\xef\xc8\x87\x93\x52\x34\xfc\xa5\xca\xcb\x00\x10\x2a\
\x14\x80\x00\xc2\x2a\xeb\xd2\xa7\x2a\x00\x21\xf8\x76\x97\x5c\x52\
\xa1\x1e\x00\x00\xe0\x6d\x76\x17\x77\xab\x4c\x81\xd0\xc8\xea\xfe\
\x44\xe5\x64\x00\x08\x25\x0a\x40\x00\x61\x55\x39\xf5\x4c\x92\x9b\
\xe7\x54\x08\x42\x70\x25\x1a\xa3\xb2\x2d\xbb\x45\x05\x7b\x00\x00\
\x80\xe5\x6c\xcd\x6a\x59\xca\x0f\xf6\x4c\x81\xe0\x3b\x7d\x61\x4e\
\x2a\xae\x3d\x55\x39\x19\x00\x42\x89\x02\x10\x40\xd8\x15\x0e\x7f\
\x29\x3f\x79\x7f\x52\x85\x21\x04\xd7\xde\xb2\x5e\x15\xee\x01\x00\
\x00\x96\xb3\xa7\xb4\x47\x65\x09\x84\x46\xe1\xe0\x3d\x95\x8f\x01\
\x20\xd4\x28\x00\x01\x6c\x88\xac\x8b\xb7\x54\x18\x42\x70\x25\x9d\
\x1d\x97\xb8\xdc\x36\x15\xf0\x01\x00\x00\x7e\xd9\xf6\x9c\x36\x49\
\xaa\x1d\x57\x59\x02\xc1\x97\xd9\x75\x4b\x8c\x65\xb2\x31\x00\x84\
\x1a\x05\x20\x80\x0d\x51\x71\xf5\x1b\x39\xd9\x78\x5d\x85\x22\x04\
\xd7\xfe\x8a\x7e\x89\x49\xae\x57\x41\x1f\x00\x00\x20\x20\x26\xb9\
\x4e\xf6\x9d\xe9\x53\x19\x02\xc1\x77\xb2\x61\x46\xce\x5c\x79\xa2\
\x72\x31\x00\x84\x03\x05\x20\x80\x0d\x93\x3f\x70\x4f\x05\x23\x04\
\xdf\xce\xfc\x0e\x15\xf6\x01\x00\x00\x02\x76\xe4\x75\xa8\xec\x80\
\xd0\xc8\xeb\xbf\xab\xf2\x30\x00\x84\x0b\x05\x20\x80\x0d\x63\xcc\
\x2f\x4a\x46\xe7\xc7\x2a\x1c\x21\xb8\x0e\x54\x0d\x48\x6c\x5a\xa3\
\x0a\xfc\x00\x00\xc0\xdd\x62\x53\x1b\x24\xa1\x72\x40\x65\x07\x04\
\x5f\x7a\xfb\x0d\xf1\xcc\x2f\xaa\x3c\x0c\x00\xe1\x42\x01\x08\x60\
\x43\x95\x4d\x3e\x96\x13\xf5\xd3\x2a\x24\x21\xb8\x76\x15\x76\xa9\
\xd0\x0f\x00\x00\xdc\x2d\x90\x0f\xec\x99\x01\xc1\x77\xbc\x6e\x4a\
\xca\x26\xbe\x56\x39\x18\x00\xc2\x89\x02\x10\xc0\x86\xcb\xbb\x7c\
\x57\x05\x25\x04\xd7\xc1\x9a\x61\xd9\x92\xd1\xa4\x82\x3f\x00\x00\
\x70\xa7\x2d\xe9\x17\xe4\x60\xcd\x90\xca\x0c\x08\xbe\xbc\xbe\x3b\
\x2a\xff\x02\x40\xb8\x51\x00\x02\xd8\x70\x35\xb3\x2f\x25\xad\x7d\
\x41\x85\x25\x04\xd7\xee\x92\x4b\x2a\xfc\x03\x00\x00\x77\xda\x5d\
\xdc\xad\xb2\x02\x82\x2f\xb5\x75\x41\x6a\x66\x5f\xa8\xfc\x0b\x00\
\xe1\x46\x01\x08\x20\x22\x94\x8e\x7f\x25\xc7\xce\x4f\xa9\xd0\x84\
\xe0\x49\x34\x46\x65\x5b\x76\x8b\x5a\x00\x00\x00\x80\xbb\x6c\xcd\
\x6a\x91\x44\x63\x44\x65\x05\x04\xd7\xb1\x8f\xae\x49\xc9\xd8\x23\
\x95\x7b\x01\x60\x23\x50\x00\x02\x88\x18\xb9\xbd\x77\x54\x70\x42\
\x70\xed\x2d\xeb\x55\x4b\x00\x00\x00\x70\x97\xbd\xa5\x3d\x2a\x23\
\x20\xf8\x72\x7a\x3e\x53\x79\x17\x00\x36\x0a\x05\x20\x80\x88\x51\
\x3d\xf3\xad\xa4\xb4\xfa\x54\x78\x42\xf0\x24\x9d\x1d\x97\xb8\xdc\
\x36\xb5\x08\x00\x00\x00\x77\xd8\x9e\xd3\x26\x49\xb5\xe3\x2a\x23\
\x20\xb8\x92\x9b\xe7\xa5\x6a\xe6\xb9\xca\xbb\x00\xb0\x51\x28\x00\
\x01\x44\x94\xe2\xd1\x47\x72\xf4\xdc\x15\x15\xa2\x10\x3c\xfb\x2b\
\xfa\x25\x26\xb9\x4e\x2d\x04\x00\x00\xc0\xd9\x02\xf7\xff\xbe\x33\
\x7d\x2a\x1b\x20\xb8\x8e\x7c\x30\x29\x45\x23\x0f\x54\xce\x05\x80\
\x8d\x44\x01\x08\x20\xe2\x64\x5f\xfa\x54\x05\x29\x04\xd7\x8e\xfc\
\x0e\xb5\x14\x00\x00\x00\x67\x0b\xdc\xff\xf6\x4c\x80\xe0\xcb\xba\
\xf8\x89\xca\xb7\x00\xb0\xd1\x28\x00\x01\x44\x9c\xca\xa9\x67\x72\
\xba\x69\x4e\x85\x29\x04\x4f\x42\xd5\x80\xc4\xa6\x36\xa8\xc5\x00\
\x00\x00\x38\x53\xe0\xde\x4f\xa8\x1c\x50\x99\x00\xc1\x75\xea\xc2\
\xac\x54\x5c\x7b\xaa\xf2\x2d\x00\x6c\x34\x0a\x40\x00\x11\xa9\x68\
\xe8\xcb\xa5\x8f\x4f\xd8\x43\x15\x82\x67\x57\x61\x97\x5a\x0e\x00\
\x00\x80\x33\x05\xee\x7d\x7b\x16\x40\xf0\x15\x0e\xdd\x57\xb9\x16\
\x00\x22\x01\x05\x20\x80\x88\x95\x79\xf1\x96\x0a\x55\x08\x9e\x83\
\x35\x43\xb2\x25\xa3\x49\x2d\x08\x00\x00\xc0\x59\xb6\xa4\x5f\x58\
\xba\xf7\xed\x59\x00\xc1\x15\xc8\xae\xf6\x3c\x0b\x00\x91\x82\x02\
\x10\x40\xc4\x3a\x73\xf5\x9b\xa5\x8f\x51\xd8\xc3\x15\x82\x67\x77\
\x71\xb7\x5a\x12\x00\x00\x80\xb3\xc4\x17\x77\xab\x0c\x80\xe0\x3a\
\xd5\x70\x5d\xca\xaf\x3e\x51\x79\x16\x00\x22\x05\x05\x20\x80\x88\
\x56\x30\x78\x4f\x05\x2c\x04\x4f\xa2\x31\x2a\xdb\xb2\x5a\xd4\xa2\
\x00\x00\x00\x9c\x61\x6b\x66\xb3\x24\x7a\x46\x54\x06\x40\x70\x15\
\x0c\xdc\x53\x39\x16\x00\x22\x09\x05\x20\x80\x88\x66\xf8\x2c\xc9\
\xe8\xbc\xa9\x42\x16\x82\x67\x4f\x59\xaf\x5a\x16\x00\x00\x80\x33\
\xec\x29\xed\x51\x77\x3f\x82\x2b\xad\xe3\x86\x78\xe6\x17\x55\x8e\
\x05\x80\x48\x42\x01\x08\x20\xe2\x9d\x99\x7c\x22\x27\x1b\x66\x54\
\xd8\x42\x70\x24\xd5\x8e\x4b\x5c\x6e\x9b\x5a\x18\x00\x00\x40\x74\
\xdb\x9e\xd3\x2a\x49\xb5\x63\xea\xee\x47\xf0\x9c\xa8\x9f\x92\xb2\
\x89\xaf\x55\x7e\x05\x80\x48\x43\x01\x08\x20\x2a\xe4\x5d\xbe\xab\
\x02\x17\x82\x67\xdf\x99\xcb\x12\x93\x5c\xa7\x16\x07\x00\x00\x10\
\x9d\x62\x4e\x9f\x97\x7d\xe5\x7d\xea\xce\x47\x70\xe5\x5e\xfe\x5c\
\xe5\x56\x00\x88\x44\x14\x80\x00\xa2\x42\xcd\xdc\x4b\x49\x6b\x5f\
\x50\xa1\x0b\xc1\xb3\x23\xbf\x43\x2d\x0f\x00\x00\x20\x3a\xed\xc8\
\x6b\x57\x77\x3d\x82\x2b\xad\xcd\x27\xd5\xb3\x2f\x54\x6e\x05\x80\
\x48\x44\x01\x08\x20\x6a\x94\x8e\x7f\x25\xc7\xcf\x4f\xa9\xf0\x85\
\xe0\x48\xa8\x1a\x90\xd8\xd4\x06\xb5\x40\x00\x00\x80\xe8\xb2\x29\
\xb5\x5e\x12\x2a\xfb\xd5\x5d\x8f\xe0\x39\x76\xfe\x9a\x94\x8e\x3d\
\x52\x79\x15\x00\x22\x15\x05\x20\x80\xa8\x92\xdb\x7b\x47\x05\x30\
\x04\xcf\xae\xc2\x2e\xb5\x44\x00\x00\x80\xe8\xb2\xb3\xa0\x4b\xdd\
\xf1\x08\xae\x9c\xde\x3b\x2a\xa7\x02\x40\x24\xa3\x00\x04\x10\x55\
\xaa\xae\x7f\x2b\xa9\xad\x3e\x15\xc2\x10\x1c\x07\x6b\x86\x64\x4b\
\x7a\x93\x5a\x24\x00\x00\x40\x74\xd8\x9c\x7e\x41\x0e\x56\x0f\xa9\
\x3b\x1e\xc1\x93\xd2\x62\x4a\xf5\xcc\x73\x95\x53\x01\x20\x92\x51\
\x00\x02\x88\x3a\x25\x63\x0f\xe5\xe8\xb9\xab\x2a\x8c\x21\x38\x76\
\x17\x77\xab\x65\x02\x00\x00\x44\x87\xf8\xe2\x6e\x75\xb7\x23\x78\
\x8e\x7c\x38\x29\xc5\x23\x0f\x55\x3e\x05\x80\x48\x47\x01\x08\x20\
\x2a\x65\x5f\xfa\x4c\x05\x32\x04\x47\xa2\x31\x2a\xdb\xb2\x5a\xd4\
\x42\x01\x00\x00\x22\xdb\xd6\xcc\x66\x39\x64\x8c\xa8\xbb\x1d\xc1\
\x93\x75\xe9\xb6\xca\xa5\x00\x10\x0d\x28\x00\x01\x44\xa5\xaa\xe9\
\xe7\x92\xdc\x3c\xaf\x42\x19\x82\x63\x6f\x69\x8f\x5a\x2a\x00\x00\
\x40\x64\xdb\x53\xda\xa3\xee\x74\x04\xcf\xe9\xa6\x59\xa9\xbc\xf6\
\x54\xe5\x52\x00\x88\x06\x14\x80\x00\xa2\x56\xd1\xc8\x03\xf9\xc9\
\x07\x93\x2a\x9c\x61\xfd\x92\x6a\xc7\x65\x7b\x4e\x9b\x5a\x2c\x00\
\x00\x40\x64\xda\x9e\xd3\x2a\x87\x6b\xc7\xd4\x9d\x8e\xe0\x48\x7a\
\x7f\x42\x0a\x87\xee\xab\x3c\x0a\x00\xd1\x82\x02\x10\x40\x54\xcb\
\xba\xf8\x89\x0a\x68\x08\x8e\xfd\x67\x2e\x4b\x4c\x72\x9d\x5a\x30\
\x00\x00\x40\x64\x89\x39\x7d\x5e\xf6\x95\xf7\xa9\xbb\x1c\xc1\x93\
\xd9\x75\x4b\xe5\x50\x00\x88\x26\x14\x80\x00\xa2\x5a\xc5\xb5\x6f\
\xe4\x54\xe3\xac\x0a\x69\x08\x8e\x1d\xf9\x1d\x6a\xc9\x00\x00\x00\
\x91\x65\x47\x5e\xbb\xba\xc3\x11\x3c\x27\x1b\xaf\xcb\x99\x2b\x4f\
\x54\x0e\x05\x80\x68\x42\x01\x08\x20\xea\x15\x0c\xde\x53\x41\x0d\
\xc1\x91\x50\x39\x20\xb1\xa9\x0d\x6a\xd1\x00\x00\x00\x91\x21\x70\
\x4f\x27\x54\xf6\xab\x3b\x1c\xc1\x93\x3f\x70\x4f\xe5\x4f\x00\x88\
\x36\x14\x80\x00\xa2\x9f\x69\x49\x46\xe7\x2d\x15\xd6\x10\x1c\xbb\
\x0a\xbb\xd4\xb2\x01\x00\x00\x22\xc3\xce\xc2\x2e\x75\x77\x23\x78\
\x32\x3a\x6f\x8a\x31\xbf\xa8\xf3\x27\x00\x44\x19\x0a\x40\x00\x8e\
\x50\x7e\xe5\xb1\x9c\x6c\x98\x51\xa1\x0d\xeb\x77\xb0\x66\x48\xb6\
\xa4\x37\xa9\x85\x03\x00\x00\x6c\xac\xcd\xe9\x17\xe4\x60\xf5\x90\
\xba\xbb\x11\x1c\x27\xea\xa7\xa5\x6c\xf2\xb1\xca\x9d\x00\x10\x8d\
\x28\x00\x01\x38\x46\xfe\xc0\x17\x2a\xb8\x21\x38\x76\x17\x77\xab\
\xa5\x03\x00\x00\x6c\xac\xf8\xa2\x6e\x75\x67\x23\x78\xf2\x2f\xdf\
\x55\x79\x13\x00\xa2\x15\x05\x20\x00\xc7\xf0\xcc\x2f\x4a\x7a\xfb\
\xc7\x2a\xbc\x61\xfd\x12\x8d\x51\xd9\x9a\xd5\xac\x16\x0f\x00\x00\
\xb0\x31\xb6\x66\x36\xcb\x21\xcf\xb0\xba\xb3\x11\x1c\xa9\x6d\x0b\
\x52\x33\xfb\x42\xe5\x4d\x00\x88\x56\x14\x80\x00\x1c\xa5\x6c\xe2\
\x6b\x39\x5e\x37\xa5\x42\x1c\xd6\x6f\x4f\x69\x8f\x5a\x3e\x00\x00\
\xc0\xc6\x08\xdc\xcb\xf6\xbb\x1a\xc1\x71\xfc\xfc\x35\x29\x19\x7b\
\xa4\x72\x26\x00\x44\x33\x0a\x40\x00\x8e\x93\xdb\x77\x47\x05\x39\
\xac\x5f\x52\xed\x98\x6c\xcf\x69\x55\x0b\x08\x00\x00\x08\xaf\x6d\
\xd9\xad\x72\xd8\x3b\xaa\xee\x6a\x04\x47\x6e\xef\x1d\x95\x2f\x01\
\x20\xda\x51\x00\x02\x70\x9c\xea\xeb\xdf\x2e\x7d\x6c\xc3\x1e\xe6\
\xb0\x7e\xfb\xca\xfb\x24\x26\xb9\x4e\x2d\x22\x00\x00\x20\x3c\x62\
\x4e\x9f\x5f\xba\x8f\xed\x77\x34\x82\x23\xa5\xc5\x27\x55\xd7\x9f\
\xab\x7c\x09\x00\xd1\x8e\x02\x10\x80\x23\x15\x8f\x3d\x94\x63\xe7\
\xae\xaa\x50\x87\xf5\xdb\x91\xd7\xa1\x96\x11\x00\x00\x10\x1e\x71\
\x79\xed\xea\x6e\x46\x70\x1c\x3d\x77\x55\x4a\x46\x1e\xaa\x5c\x09\
\x00\x4e\x40\x01\x08\xc0\xb1\x72\x7a\x3e\x53\xc1\x0e\xeb\x97\x50\
\x39\x20\xb1\xa9\x0d\x6a\x21\x01\x00\x00\xa1\xb5\x29\xa5\x5e\x12\
\x2a\xfa\xd5\xdd\x8c\xe0\xc8\xbe\x74\x5b\xe5\x49\x00\x70\x0a\x0a\
\x40\x00\x8e\x55\x39\xfd\x4c\x92\x5b\x4c\x15\xee\xb0\x7e\xbb\x0a\
\xbb\xd4\x52\x02\x00\x00\x42\x6b\x67\x41\xa7\xba\x93\x11\x1c\xc9\
\x4d\xf3\x4b\xd9\xd1\x9e\x27\x01\xc0\x29\x28\x00\x01\x38\x5a\xf1\
\xc8\x03\x39\xf2\xc1\xa4\x0a\x79\x58\x9f\x83\xd5\x43\xb2\x39\xfd\
\x82\x5a\x4c\x00\x00\x40\x68\x6c\x4e\x6f\x94\x83\xd5\x83\xea\x4e\
\x46\x30\x4c\x4a\xd1\xd0\x97\x2a\x47\x02\x80\x93\x50\x00\x02\x70\
\xbc\xac\xee\x4f\x97\x09\x7a\x58\xaf\xf8\xe2\x6e\xb5\x9c\x00\x00\
\x80\xd0\x88\x2f\xea\x56\x77\x31\x82\x23\xb3\xeb\x96\xca\x8f\x00\
\xe0\x34\x14\x80\x00\x1c\xaf\xe2\xda\x53\x39\xdd\x34\xa7\xc2\x1e\
\xd6\x27\xd1\x18\x91\xad\x99\xcd\x6a\x41\x01\x00\x00\xc1\x15\xb8\
\x6f\x0f\x79\x46\xd4\x5d\x8c\xf5\x3b\xd5\x38\x2b\x15\x57\x9f\xa8\
\xfc\x08\x00\x4e\x43\x01\x08\xc0\x15\x0a\x07\xef\xa9\xc0\x87\xf5\
\xdb\x53\xda\xa3\x96\x14\x00\x00\x10\x5c\x81\xfb\xd6\x7e\x07\x23\
\x38\x0a\x06\xef\xa9\xdc\x08\x00\x4e\x44\x01\x08\xc0\x35\x32\xba\
\x6e\xa9\xd0\x87\xf5\x39\x5c\x3b\x26\xdb\x73\x5a\xd5\xa2\x02\x00\
\x00\x82\x63\x7b\x76\xab\x1c\xae\x1d\x55\x77\x30\xd6\x2f\xbd\xe3\
\xa6\x18\xe6\xa2\xca\x8c\x00\xe0\x44\x14\x80\x00\x5c\xe3\xcc\x95\
\xc7\x72\xb2\xe1\xba\x0a\x7f\x58\x9f\x7d\xe5\x7d\x12\x93\x5c\xa7\
\x16\x16\x00\x00\xb0\x7e\x81\x7b\xd6\x7e\xf7\x62\xfd\x4e\xd6\xcf\
\x48\xf9\xe4\x63\x95\x17\x01\xc0\xa9\x28\x00\x01\xb8\x4a\x7e\xff\
\x17\x2a\x00\x62\xfd\x76\xe4\x75\xa8\x85\x05\x00\x00\xac\x4f\x5c\
\x5e\xbb\xba\x73\x11\x1c\x79\xfd\x77\x55\x4e\x04\x00\x27\xa3\x00\
\x04\xe0\x2a\x9e\xb9\x97\x92\xde\xf1\xb1\x0a\x81\x58\x9f\x84\xca\
\x01\x89\x4d\x6d\x50\x8b\x0b\x00\x00\x58\x9b\x4d\x29\xf5\xb2\xbf\
\xa2\x5f\xdd\xb9\x58\xbf\xf4\xf6\x1b\x4b\x99\xd0\x9e\x13\x01\xc0\
\xc9\x28\x00\x01\xb8\x4e\xd9\xc4\xd7\x72\xa2\x7e\x5a\x85\x41\xac\
\xcf\xae\xc2\x2e\xb5\xbc\x00\x00\x80\xb5\xd9\x59\xd0\xa9\xee\x5a\
\xac\xdf\xb1\x8f\xa6\xa4\x74\xe2\x2b\x95\x0f\x01\xc0\xe9\x28\x00\
\x01\xb8\x52\xee\xe5\xcf\x55\x20\xc4\xfa\x1c\xac\x1e\x92\xcd\xe9\
\x17\xd4\x02\x03\x00\x00\x56\x67\x73\x7a\xa3\x1c\xa8\x1e\x54\x77\
\x2d\xd6\x2f\xa7\xf7\x33\x95\x0b\x01\xc0\x0d\x28\x00\x01\xb8\x52\
\xcd\xec\x0b\x49\x6b\x5b\x50\xa1\x10\xeb\xb3\xbb\xb8\x5b\x2d\x31\
\x00\x00\x60\x75\xe2\x8b\x2e\xaa\x3b\x16\xeb\x97\xd2\xea\x93\xea\
\x99\xe7\x2a\x17\x02\x80\x1b\x50\x00\x02\x70\xad\xd2\xb1\x47\x72\
\xec\xfc\x94\x0a\x87\x58\xbb\x44\xcf\x88\x6c\xcd\x6c\x56\x8b\x0c\
\x00\x00\x58\x99\xad\x19\x4d\x72\xc8\x33\xac\xee\x58\xac\xcf\xd1\
\x73\x57\xa5\x78\xf4\xa1\xca\x83\x00\xe0\x16\x14\x80\x00\x5c\x2d\
\xbb\xe7\x33\x15\x10\xb1\x3e\x7b\x4a\x7b\xd4\x32\x03\x00\x00\x56\
\x66\x4f\xc9\x25\x75\xb7\x62\xfd\x72\x7a\x6e\xab\x1c\x08\x00\x6e\
\x42\x01\x08\xc0\xd5\xaa\xa6\x9f\x49\x4a\x8b\xa9\x42\x22\xd6\x2e\
\xa9\x76\x4c\xb6\xe7\xb4\xa9\x85\x06\x00\x00\xbc\xdd\xb6\xec\x16\
\x39\xec\x1d\x55\x77\x2b\xd6\x27\xb9\x79\x5e\x2a\xa7\x9f\xa9\x1c\
\x08\x00\x6e\x42\x01\x08\xc0\xf5\x8a\x46\x1e\xc8\x91\x0f\xaf\xa8\
\xb0\x88\xb5\xdb\x57\xde\x27\x31\xa7\xeb\xd4\x62\x03\x00\x00\xde\
\x2c\x70\x7f\xda\xef\x54\xac\xcf\x91\x0f\xae\x48\xd1\xf0\x97\x2a\
\xff\x01\x80\xdb\x50\x00\x02\x40\xe0\xa3\xc0\xdd\x9f\xaa\xc0\x88\
\xf5\xd9\x91\xd7\xa1\x16\x1b\x00\x00\xb0\xbc\xb8\xdc\x76\xf9\xc9\
\xd9\x71\x75\x9f\x62\x7d\xb2\xba\x3f\x51\xb9\x0f\x00\xdc\x88\x02\
\x10\x00\x7c\x7e\xa9\xbc\xf6\x54\x4e\x37\xcd\xa9\xd0\x88\xb5\x4b\
\xa8\x1c\x90\xd8\xd4\x7a\xb5\xe0\x00\x00\x80\x1f\xda\x94\x52\x2f\
\xfb\x2b\xfa\xd5\x5d\x8a\xf5\x39\x75\x61\x56\x2a\xae\x7d\xa3\x72\
\x1f\x00\xb8\x11\x05\x20\x00\xfc\xb9\xc2\xa1\xfb\x2a\x38\x62\x7d\
\x76\x16\x74\xaa\x25\x07\x00\x00\xfc\x50\xe0\xbe\xb4\xdf\xa1\x58\
\xbf\x82\xc1\x2f\x54\xde\x03\x00\xb7\xa2\x00\x04\x80\x5f\x92\xd9\
\x75\x4b\x85\x47\xac\xdd\xc1\xea\x41\xd9\x9c\xde\xa8\x16\x1d\x00\
\x00\xf0\x5a\x6c\x5a\xa3\x1c\xa8\x1a\x54\x77\x28\xd6\x27\xa3\xf3\
\xa6\x18\xa6\xa5\xb2\x1e\x00\xb8\x15\x05\x20\x00\xfc\x92\x33\x57\
\x9e\xc8\xc9\xc6\x59\x15\x22\xb1\x76\xf1\xc5\xdd\x6a\xd9\x01\x00\
\x00\xaf\xc5\x17\x5d\x54\x77\x27\xd6\xe7\x44\xc3\x8c\x94\x4f\x3e\
\x56\x39\x0f\x00\xdc\x8c\x02\x10\x00\x6c\x0a\xfa\xbf\x50\x41\x12\
\x6b\x97\xe8\x19\x96\xad\x99\xcd\x6a\xe1\x01\x00\xc0\xed\xb6\x64\
\x36\xc9\x21\xcf\xb0\xba\x3b\xb1\x3e\xf9\xfd\x77\x55\xbe\x03\x00\
\xb7\xa3\x00\x04\x00\x1b\xc3\x5c\x94\xf4\x8e\x8f\x55\x98\xc4\xda\
\xed\x29\xed\x51\x4b\x0f\x00\x00\x6e\xb7\xa7\xe4\x92\xba\x33\xb1\
\x3e\x69\xed\x37\xc4\x33\xb7\xa8\xf2\x1d\x00\xb8\x1d\x05\x20\x00\
\x2c\xa3\x6c\xf2\x6b\x39\x5e\x37\xad\x42\x25\xd6\xe6\x70\xed\x98\
\x6c\xcf\x6e\x55\x8b\x0f\x00\x00\x6e\xb5\x2d\xbb\x45\x12\xbd\xa3\
\xea\xce\xc4\xda\x9d\xa8\x9b\x96\xb2\xf1\xaf\x54\xae\x03\x00\x50\
\x00\x02\xc0\x1b\xe5\xf5\x7d\xae\x82\x25\xd6\x6e\x5f\x79\x9f\x5a\
\x7e\x00\x00\x70\xab\xc0\xbd\x68\xbf\x2b\xb1\x3e\xb9\x7d\x77\x54\
\x9e\x03\x00\xbc\x46\x01\x08\x00\x6f\x50\x33\xfb\x42\x52\xdb\x16\
\x54\xb8\xc4\xda\xc5\xe5\xb6\xab\x05\x08\x00\x00\xb7\x09\xdc\x87\
\x49\xef\x8f\xab\x7b\x12\x6b\x17\xc8\x6c\xd5\xd7\x5f\xa8\x3c\x07\
\x00\x78\x8d\x02\x10\x00\xde\xa2\x74\xfc\x91\x1c\x3f\x3f\xa5\x42\
\x26\xd6\x26\xa1\xa2\x5f\x36\xa5\xd4\xab\x45\x08\x00\x00\xb7\x08\
\xdc\x83\xfb\x2b\xfa\xd5\x1d\x89\xb5\x3b\x7a\xee\xaa\x94\x8c\x3e\
\x50\x39\x0e\x00\xf0\x3d\x0a\x40\x00\x78\x87\xdc\xde\x3b\x2a\x68\
\x62\xed\x76\x16\x74\xaa\x65\x08\x00\x00\xb7\x08\xdc\x83\xf6\xbb\
\x11\xeb\x93\x7d\xe9\xb6\xca\x6f\x00\x80\x1f\xa2\x00\x04\x80\x77\
\xa8\xba\xfe\x5c\x52\x5a\x7c\x2a\x6c\x62\x6d\x0e\x54\x0f\xca\xe6\
\xf4\x46\xb5\x10\x01\x00\xe0\x74\xb1\x69\x8d\x72\xa0\x6a\x50\xdd\
\x8d\x58\xbb\xe4\xe6\x79\xa9\x9a\x7a\xae\xf2\x1b\x00\xe0\x87\x28\
\x00\x01\x60\x05\x4a\x46\x1f\x2e\x7d\xbc\xc4\x1e\x3a\xb1\x36\xf1\
\x45\xdd\x6a\x29\x02\x00\xc0\xe9\x76\x15\x5e\x54\x77\x22\xd6\xee\
\xc8\x87\x93\x52\x34\xfc\xa5\xca\x6d\x00\x00\x8d\x02\x10\x00\x56\
\x28\xab\xfb\x53\x15\x3c\xb1\x36\x87\x3c\xc3\xb2\x35\xb3\x59\x2d\
\x46\x00\x00\x38\xd5\x96\x8c\x26\x39\x54\x33\xac\xee\x44\xac\x5d\
\x56\xf7\x27\x2a\xaf\x01\x00\x96\x47\x01\x08\x00\x2b\x54\x31\xf5\
\x54\x92\x9b\xe6\x54\xf8\xc4\xda\xec\x29\xed\x51\xcb\x11\x00\x00\
\x4e\xb5\xbb\xe4\x92\xba\x0b\xb1\x76\xa7\x2f\xcc\x49\xc5\xb5\xa7\
\x2a\xaf\x01\x00\x96\x47\x01\x08\x00\xab\x50\x38\x7c\x5f\x7e\xf2\
\xfe\xa4\x0a\xa1\x58\xbd\xc3\xde\x31\xd9\x9e\xdd\xaa\x16\x24\x00\
\x00\x9c\x66\x5b\x56\x8b\x24\x7a\x47\xd5\x5d\x88\xb5\x2b\x1c\xbc\
\xa7\x72\x1a\x00\xe0\xcd\x28\x00\x01\x60\x95\x32\xbb\x6e\xa9\x10\
\x8a\xb5\xd9\x57\xde\x27\x31\xcb\x2c\x4a\x00\x00\x38\xc9\xde\xb2\
\x5e\x75\x07\x62\xed\x02\x59\xcc\x58\x26\xa3\x01\x00\xde\x8c\x02\
\x10\x00\x56\xa9\xe2\xea\x13\x39\xd5\x38\xab\xc2\x28\xd6\x26\x2e\
\xaf\x5d\x2d\x4a\x00\x00\x38\x45\x5c\x6e\x9b\x24\x9d\x1d\x57\xf7\
\x1f\xd6\xe6\x64\xc3\x8c\x94\x5f\x79\xac\xf2\x19\x00\xe0\xed\x28\
\x00\x01\x60\x0d\x0a\x06\xef\xa9\x40\x8a\xb5\x49\xa8\xe8\x97\x4d\
\x29\xf5\x6a\x61\x02\x00\x20\xda\xc5\x24\xd7\xcb\xfe\x8a\x7e\x75\
\xf7\x61\xed\xf2\xfa\xef\xaa\x5c\x06\x00\x78\x37\x0a\x40\x00\x58\
\x03\xc3\xb4\x24\xa3\xf3\xa6\x0a\xa5\x58\x9b\x9d\x05\x9d\x6a\x69\
\x02\x00\x20\xda\xed\xcc\xef\x54\x77\x1e\xd6\x2e\xbd\xfd\x86\x78\
\xe6\x17\x55\x2e\x03\x00\xbc\x1b\x05\x20\x00\xac\x51\xf9\xe4\x63\
\x39\x59\x3f\xa3\xc2\x29\x56\xef\x60\xf5\xa0\x6c\x4e\x6f\x54\x8b\
\x13\x00\x00\xd1\x2a\x36\xad\x51\x0e\x54\x0d\xaa\x3b\x0f\x6b\x73\
\xbc\x6e\x4a\xca\x26\xbe\x56\x79\x0c\x00\xb0\x32\x14\x80\x00\xb0\
\x0e\x81\x8f\xa1\xd8\x03\x2a\xd6\x26\xbe\xa8\x5b\x2d\x4f\x00\x00\
\x44\xab\xf8\xa2\x8b\xea\xae\xc3\xda\xe5\xf5\xdd\x51\x39\x0c\x00\
\xb0\x72\x14\x80\x00\xb0\x0e\x9e\xb9\x45\x49\x6b\x5f\x50\x21\x15\
\xab\x97\xe8\x19\x91\xad\x99\xcd\x6a\x81\x02\x00\x20\xda\x6c\xc9\
\x68\x92\x43\x35\xc3\xea\xae\xc3\xda\xa4\xb6\x2e\x48\xcd\xec\x0b\
\x95\xc3\x00\x00\x2b\x47\x01\x08\x00\xeb\x54\x3a\xfe\x48\x8e\x7d\
\x34\xa5\xc2\x2a\x56\x6f\x4f\x69\x8f\x5a\xa2\x00\x00\x88\x36\xbb\
\x4b\x2e\xa9\x3b\x0e\x6b\x73\xec\xa3\x6b\x52\x32\xf6\x48\xe5\x2f\
\x00\xc0\xea\x50\x00\x02\x40\x10\xe4\xf6\x7e\xa6\x02\x2b\x56\xef\
\x70\xed\x98\x6c\xcf\x6e\x55\x8b\x14\x00\x00\xd1\x62\x5b\x76\x8b\
\x24\x7a\x47\xd5\x1d\x87\xb5\xc9\xe9\xf9\x4c\xe5\x2e\x00\xc0\xea\
\x51\x00\x02\x40\x10\x54\xcf\x7c\x2b\x29\xad\x3e\x15\x5a\xb1\x7a\
\xfb\xca\x7b\xd5\x32\x05\x00\x40\xb4\xd8\x5b\xd6\xab\xee\x36\xac\
\x4d\x72\xf3\xbc\x54\x4e\x3f\x53\xb9\x0b\x00\xb0\x7a\x14\x80\x00\
\x10\x24\xc5\xa3\x0f\xe5\xe8\xb9\xab\x2a\xbc\x62\x75\x92\xce\x8e\
\x4b\x5c\x6e\xbb\x5a\xa8\x00\x00\x88\x74\x71\xb9\x6d\x4b\xf7\x98\
\xfd\x6e\xc3\xea\x1d\xf9\x60\x52\x8a\x47\x1e\xa8\xbc\x05\x00\x58\
\x1b\x0a\x40\x00\x08\xa2\x9c\x9e\xdb\x2a\xc0\x62\xf5\xf6\x57\xf4\
\xcb\xa6\x94\x7a\xb5\x58\x01\x00\x10\xa9\x62\x92\xeb\x97\xee\x2f\
\xfb\x9d\x86\xb5\xc9\xea\xfe\x44\xe5\x2c\x00\xc0\xda\x51\x00\x02\
\x40\x10\x55\x4e\x3f\x5f\xfa\xb8\x8a\x3d\xc4\x62\xf5\x76\xe6\x77\
\xaa\xe5\x0a\x00\x80\x48\x15\xb8\xb7\xec\x77\x19\xd6\xe6\xd4\x85\
\x59\xa9\xb8\xf6\x54\xe5\x2c\x00\xc0\xda\x51\x00\x02\x40\x90\x15\
\x0d\x7f\x29\x47\x3e\xbc\xa2\xc2\x2c\x56\xe7\x40\xd5\xa0\x6c\x4e\
\x6b\x54\x0b\x16\x00\x00\x91\x26\x36\xb5\x51\x12\x2a\x07\xd4\x5d\
\x86\xb5\x29\x1c\xba\xaf\xf2\x15\x00\x60\x7d\x28\x00\x01\x20\x04\
\x32\x2f\xde\x52\x61\x16\xab\x17\x5f\x74\x51\x2d\x59\x00\x00\x44\
\x9a\x5d\x85\x5d\xea\x0e\xc3\xda\x04\x32\x94\x3d\x57\x01\x00\xd6\
\x8f\x02\x10\x00\x42\xe0\xcc\xd5\x6f\x96\x3e\xbe\x62\x0f\xb5\x58\
\x9d\x43\x9e\x61\xd9\x9a\xd9\xa4\x16\x2d\x00\x00\x22\xc5\x96\x8c\
\x26\x39\x58\x33\xa4\xee\x30\xac\xde\xa9\x86\xeb\x52\x7e\xf5\x89\
\xca\x55\x00\x80\xf5\xa3\x00\x04\x80\x10\x29\x18\xfc\x42\x05\x5b\
\xac\xde\x9e\x92\x1e\xb5\x6c\x01\x00\x10\x29\x76\x17\x77\xab\xbb\
\x0b\x6b\x53\x30\x70\x4f\xe5\x29\x00\x40\x70\x50\x00\x02\x40\x88\
\x18\xa6\x25\x19\x9d\x37\x55\xb8\xc5\xea\x1c\xf6\x8e\xca\xb6\xec\
\x16\xb5\x70\x01\x00\xb0\xd1\xb6\x65\xb5\x48\xa2\x31\xaa\xee\x2e\
\xac\x5e\x5a\xc7\x0d\xf1\xcc\xbd\x54\x79\x0a\x00\x10\x1c\x14\x80\
\x00\x10\x42\xe5\x93\x4f\xe4\x64\xc3\x8c\x0a\xb9\x58\x9d\x7d\xe5\
\x7d\x6a\xe9\x02\x00\x60\xa3\xed\x2d\xeb\x55\x77\x16\x56\xef\x44\
\xfd\x94\x94\x4d\x7c\xad\x72\x14\x00\x20\x78\x28\x00\x01\x20\xc4\
\xf2\xfb\xef\xaa\xa0\x8b\x55\x3a\x3b\x2e\x71\xb9\xed\x6a\xf1\x02\
\x00\x60\xa3\x6c\xcf\x69\x93\xa4\xb3\xe3\xfa\xce\xc2\xaa\xe5\x5e\
\xfe\x5c\xe5\x27\x00\x40\x70\x51\x00\x02\x40\x88\x79\xe6\x16\x25\
\xad\xfd\x86\x0a\xbb\x58\x9d\xfd\x15\xfd\xb2\x29\xa5\x5e\x2d\x60\
\x00\x00\x84\x5b\x4c\x72\x9d\xec\x3f\x73\x59\xdd\x55\x58\xbd\xb4\
\x36\x9f\x54\xcf\xbe\x50\xf9\x09\x00\x10\x5c\x14\x80\x00\x10\x06\
\x65\xe3\x5f\xcb\x89\xba\x69\x15\x7a\xb1\x3a\x3b\x0b\x3a\xd5\x12\
\x06\x00\x40\xb8\xed\xc8\xef\x50\x77\x14\x56\xef\xd8\xf9\x6b\x52\
\x3a\xf6\x48\xe5\x26\x00\x40\xf0\x51\x00\x02\x40\x98\xe4\xf6\xdd\
\x51\xc1\x17\xab\x73\xa0\x6a\x50\x62\xd3\x1a\xd5\x22\x06\x00\x40\
\xb8\xc4\xa6\x36\x48\x42\xd5\x80\xba\xa3\xb0\x7a\x39\xbd\x77\x54\
\x5e\x02\x00\x84\x06\x05\x20\x00\x84\x49\xf5\xf5\x17\x92\xd2\xea\
\x53\xe1\x17\xab\x13\x5f\x74\x51\x2d\x63\x00\x00\x84\xcb\xae\xc2\
\x2e\x75\x37\x61\xf5\x52\x5a\x4c\xa9\x9e\x79\xae\xf2\x12\x00\x20\
\x34\x28\x00\x01\x20\x8c\x4a\x46\x1f\xca\xd1\x73\x57\x55\x08\xc6\
\xca\x1d\xf2\x0c\xcb\x96\xcc\x26\xb5\x90\x01\x00\x10\x6a\x5b\x32\
\x9a\xe4\x60\xcd\x90\xba\x9b\xb0\x3a\x47\x3e\x9c\x94\xe2\x91\x87\
\x2a\x27\x01\x00\x42\x87\x02\x10\x00\xc2\x2c\xfb\xd2\x6d\x15\x84\
\xb1\x3a\x7b\x4a\x2e\xa9\xa5\x0c\x00\x80\x50\xdb\x5d\xd2\xad\xee\
\x24\xac\x5e\x76\xf7\xa7\x2a\x1f\x01\x00\x42\x8b\x02\x10\x00\xc2\
\xac\x6a\xea\xb9\x24\x37\xcf\xab\x30\x8c\x95\x4b\xf4\x8e\xca\xb6\
\xec\x16\xb5\x98\x01\x00\x10\x2a\xdb\xb2\x5a\x24\xd1\x18\x55\x77\
\x12\x56\xe7\x74\xd3\x9c\x54\x5e\x7b\xaa\xf2\x11\x00\x20\xb4\x28\
\x00\x01\x60\x03\x14\x0d\x3f\x58\xfa\xf8\x8b\x3d\x14\x63\xe5\xf6\
\x95\xf7\xa9\xe5\x0c\x00\x80\x50\xd9\x5b\xd6\xab\xee\x22\xac\x4e\
\xd2\xfb\x13\x52\x38\x74\x5f\xe5\x22\x00\x40\xe8\x51\x00\x02\xc0\
\x06\xc9\xea\xfe\x44\x05\x63\xac\x5c\xd2\xfb\xe3\x12\x97\xdb\xae\
\x16\x34\x00\x00\x82\x2d\x2e\xb7\x4d\x92\x6a\xc7\xd5\x5d\x84\xd5\
\xc9\xec\xba\xa5\xf2\x10\x00\x20\x3c\x28\x00\x01\x60\x83\x54\x4c\
\x3d\x95\xd3\x17\xe6\x54\x38\xc6\xca\xed\xaf\xe8\x97\x4d\x29\xf5\
\x6a\x51\x03\x00\x20\x58\x62\x92\xeb\x64\xdf\x99\xcb\xea\x0e\xc2\
\xea\x9c\x6c\x9c\x95\x33\x57\x9e\xa8\x3c\x04\x00\x08\x0f\x0a\x40\
\x00\xd8\x40\x85\x83\xf7\x55\x40\xc6\xea\xec\xcc\xef\x54\xcb\x1a\
\x00\x00\xc1\xb2\x23\xaf\x43\xdd\x3d\x58\xbd\xfc\x81\x7b\x2a\x07\
\x01\x00\xc2\x87\x02\x10\x00\x36\x90\xe1\xf3\x4b\x46\xe7\x4d\x15\
\x92\xb1\x72\x07\xaa\x06\x65\x73\x5a\xa3\x5a\xd8\x00\x00\x58\xaf\
\xd8\xd4\x06\x49\xa8\x1c\x50\x77\x0f\x56\x27\x90\x75\x0c\x73\x51\
\xe5\x20\x00\x40\xf8\x50\x00\x02\xc0\x06\x2b\xbf\xf2\x58\x4e\x36\
\xcc\xa8\xb0\x8c\x95\x8b\x2f\xba\xa8\x96\x36\x00\x00\xd6\x6b\x57\
\x61\x97\xba\x73\xb0\x3a\xc7\xeb\xa6\xa5\x6c\xf2\xb1\xca\x3f\x00\
\x80\xf0\xa2\x00\x04\x80\x08\x90\xd7\xff\x85\x0a\xcc\x58\xb9\x43\
\x35\xc3\xb2\x25\xa3\x49\x2d\x6e\x00\x00\xac\xd5\x96\xf4\x0b\x72\
\xb0\x7a\x48\xdd\x39\x58\x9d\xbc\xbe\xcf\x55\xee\x01\x00\x84\x1f\
\x05\x20\x00\x44\x00\xcf\xfc\xa2\xa4\xb7\xdf\x50\xa1\x19\x2b\xb7\
\xbb\xe4\x92\x5a\xde\x00\x00\x58\xab\xf8\xe2\x6e\x75\xd7\x60\x75\
\x52\xdb\x16\xa4\x66\xf6\x85\xca\x3d\x00\x80\xf0\xa3\x00\x04\x80\
\x08\x51\x36\xf1\xb5\x1c\xaf\x9b\x52\xe1\x19\x2b\x93\xe8\x1d\x95\
\x6d\x59\x2d\x6a\x81\x03\x00\x60\xb5\x02\xf7\x49\xa2\x31\xa2\xee\
\x1a\xac\xdc\xf1\xf3\x53\x52\x32\xf6\x48\xe5\x1d\x00\xc0\xc6\xa0\
\x00\x04\x80\x08\x12\xf8\x98\x8c\x3d\x40\x63\xe5\xf6\x96\xf5\xaa\
\x25\x0e\x00\x80\xd5\xda\x53\xda\xa3\xee\x18\xac\x4e\x6e\xef\x1d\
\x95\x73\x00\x00\x1b\x87\x02\x10\x00\x22\x48\xe0\x63\x32\xa9\xad\
\x0b\x2a\x44\x63\x65\x92\xce\x8e\x4b\x5c\x6e\x9b\x5a\xe4\x00\x00\
\x58\xa9\xed\x39\x6d\x92\x54\x3b\xae\xee\x18\xac\x5c\x4a\x8b\x4f\
\xaa\xae\x3f\x57\x39\x07\x00\xb0\x71\x28\x00\x01\x20\xc2\x04\x3e\
\x2e\x73\xec\xa3\x6b\x2a\x4c\x63\x65\xf6\x57\xf4\x4b\x4c\x72\xbd\
\x5a\xe8\x00\x00\x78\x97\x98\xe4\x3a\xd9\x77\xe6\xb2\xba\x5b\xb0\
\x72\x47\xcf\x5d\x95\x92\x91\x87\x2a\xdf\x00\x00\x36\x16\x05\x20\
\x00\x44\xa0\x9c\xde\xcf\x54\xa0\xc6\xca\xed\xcc\xef\x54\x4b\x1d\
\x00\x00\xef\xb2\x23\xaf\x43\xdd\x29\x58\x9d\xec\x4b\xb7\x55\xae\
\x01\x00\x6c\x3c\x0a\x40\x00\x88\x40\x95\xd3\xcf\x24\xb9\x79\x5e\
\x85\x6a\xac\xcc\x81\xaa\x41\x89\x4d\x6b\x54\x8b\x1d\x00\x00\x6f\
\x12\x9b\xda\x20\x09\x95\x03\xea\x4e\xc1\xca\x25\x37\xcd\x2f\x65\
\x18\x7b\xae\x01\x00\x6c\x3c\x0a\x40\x00\x88\x50\xc5\x23\x0f\xe4\
\xc8\x07\x93\x2a\x5c\x63\x65\xe2\x8b\xba\xd4\x72\x07\x00\xc0\x9b\
\xec\x2a\xec\x52\x77\x09\x56\x63\x52\x0a\x87\xef\xab\x3c\x03\x00\
\x88\x0c\x14\x80\x00\x10\xc1\xb2\xba\x3f\x59\x26\x60\x63\x25\x0e\
\xd6\x0c\xcb\x96\x8c\x26\xb5\xe0\x01\x00\x60\xb7\x25\xfd\x82\x1c\
\xac\x19\x52\x77\x09\x56\x2e\xb3\xeb\x96\xca\x31\x00\x80\xc8\x41\
\x01\x08\x00\x11\xac\xe2\xda\x53\x39\x75\x61\x56\x85\x6c\xac\xcc\
\xee\x92\x4b\x6a\xc9\x03\x00\xc0\x6e\x77\x71\xb7\xba\x43\xb0\x72\
\xa7\x1a\x67\xa5\xe2\xea\x13\x95\x63\x00\x00\x91\x83\x02\x10\x00\
\x22\x5c\xe1\xd0\x7d\x15\xb4\xb1\x32\x89\xc6\xa8\x6c\xcb\x6e\x51\
\x8b\x1e\x00\x00\x3f\xb7\x35\xab\x45\x12\x8d\x11\x75\x87\x60\xe5\
\x0a\x06\xef\xa9\xfc\x02\x00\x88\x2c\x14\x80\x00\x10\x05\x32\x2f\
\xde\x52\x61\x1b\x2b\xb3\xb7\xac\x57\x2d\x7b\x00\x00\xfc\xdc\xde\
\xd2\x1e\x75\x77\x60\xe5\xd2\x3b\x6e\x8a\x61\x5a\x2a\xbb\x00\x00\
\x22\x0b\x05\x20\x00\x44\x81\xf2\xab\x4f\xe4\x54\xc3\x75\x15\xba\
\xf1\x6e\x49\x67\xc7\x25\x2e\xb7\x4d\x2d\x7c\x00\x00\x6c\xcf\x69\
\x93\xa4\xda\x71\x75\x77\x60\x65\x4e\xd6\xcf\x48\xf9\xe4\x63\x95\
\x5b\x00\x00\x91\x87\x02\x10\x00\xa2\x44\xc1\xc0\x3d\x15\xbc\xb1\
\x32\xfb\x2b\xfa\x25\x26\xb9\x5e\x2d\x7e\x00\x00\xf7\x8a\x39\x5d\
\x27\xfb\xce\x5c\x56\x77\x06\x56\x2e\xaf\xff\xae\xca\x2b\x00\x80\
\xc8\x44\x01\x08\x00\x51\xc2\x33\xbf\x28\x69\x1d\x37\x54\xf8\xc6\
\xca\xec\xcc\xef\x50\xcb\x1f\x00\xc0\xbd\x76\xe4\xb5\xab\xbb\x02\
\x2b\x97\xde\x7e\x43\x3c\x73\x8b\x2a\xaf\x00\x00\x22\x13\x05\x20\
\x00\x44\x91\xb2\x89\xaf\xe5\x44\xdd\x94\x0a\xe1\x78\xb7\x03\x55\
\x03\x12\x9b\xd6\xa8\x16\x40\x00\x80\xfb\xc4\xa6\xd6\x4b\x42\x65\
\xbf\xba\x2b\xb0\x32\xc7\x3e\x9a\x92\xd2\xf1\x47\x2a\xa7\x00\x00\
\x22\x17\x05\x20\x00\x44\x99\xdc\xcb\x9f\xab\x20\x8e\x95\xd9\x55\
\xd8\xa5\x96\x40\x00\x80\xfb\xec\x2a\xe8\x52\x77\x04\x56\x2e\xa7\
\xf7\x33\x95\x4f\x00\x00\x91\x8d\x02\x10\x00\xa2\x4c\xf5\xec\x0b\
\x49\x6b\xf3\xa9\x30\x8e\x77\x3b\x58\x33\x2c\x5b\x32\x9a\xd4\x22\
\x08\x00\x70\x8f\xcd\xe9\x17\xe4\x60\xf5\x90\xba\x23\xb0\x32\x29\
\xad\x3e\xa9\x9e\xf9\x56\xe5\x13\x00\x40\x64\xa3\x00\x04\x80\x28\
\x54\x3a\xf6\x48\x8e\x9d\xbf\xa6\x42\x39\xde\x6d\x77\xc9\x25\xb5\
\x0c\x02\x00\xdc\x23\xbe\xb8\x5b\xdd\x0d\x58\x99\xa3\xe7\xae\x4a\
\xf1\xe8\x43\x95\x4b\x00\x00\x91\x8f\x02\x10\x00\xa2\x54\x4e\xef\
\x1d\x15\xcc\xf1\x6e\x89\xc6\xa8\x6c\xcb\x6e\x51\x0b\x21\x00\xc0\
\xf9\xb6\x66\x36\x4b\xa2\x67\x44\xdd\x0d\x58\x99\x9c\x9e\xdb\x2a\
\x8f\x00\x00\xa2\x03\x05\x20\x00\x44\xa9\xea\x99\xe7\x92\xd2\x62\
\xaa\x70\x8e\x77\xdb\x5b\xd6\xab\x96\x42\x00\x80\xf3\xed\x29\xed\
\x51\x77\x02\x56\x26\xb9\x79\x5e\x2a\xa7\x9f\xab\x3c\x02\x00\x88\
\x0e\x14\x80\x00\x10\xc5\x8a\x47\x1e\xca\xd1\x73\x57\x54\x48\xc7\
\xdb\x25\x9d\x1d\x97\xb8\xdc\x36\xb5\x18\x02\x00\x9c\x6b\x7b\x4e\
\x9b\x24\xd5\x8e\xa9\x3b\x01\xef\x76\xe4\x83\x2b\x52\x34\xfc\xa5\
\xca\x21\x00\x80\xe8\x41\x01\x08\x00\x51\x2e\xeb\xd2\x6d\x15\xd4\
\xf1\x6e\xfb\xcf\x5c\x96\x98\xe4\x3a\xb5\x20\x02\x00\x9c\x27\xe6\
\x74\x9d\xec\x2b\xef\x53\x77\x01\x56\x26\xab\xfb\x13\x95\x3f\x00\
\x00\xd1\x85\x02\x10\x00\xa2\x5c\xe5\xb5\xa7\x72\xba\x69\x56\x85\
\x75\xbc\xdb\x8e\xfc\x0e\xb5\x24\x02\x00\x9c\x67\x47\x5e\xbb\xba\
\x03\xb0\x32\xa7\x2e\xcc\xca\x99\xab\xdf\xa8\xfc\x01\x00\x88\x2e\
\x14\x80\x00\xe0\x00\x85\x43\xf7\x25\x69\x99\xd0\x8e\xb7\x4b\xa8\
\x1a\x90\xd8\xd4\x06\xb5\x28\x02\x00\x9c\x63\x53\x6a\xbd\x24\x54\
\xf6\xab\x3b\x00\x2b\x53\x30\xf8\x85\xca\x1d\x00\x80\xe8\x43\x01\
\x08\x00\x0e\x91\xd9\x75\x4b\x85\x76\xbc\xdb\xae\xc2\x2e\xb5\x2c\
\x02\x00\x9c\x63\x67\x41\x97\x3a\xfb\xb1\x32\x19\x9d\x37\xc5\x30\
\x2d\x95\x39\x00\x00\xd1\x87\x02\x10\x00\x1c\xe2\xcc\x95\x27\x72\
\xb2\xf1\xba\x0a\xef\x78\xbb\x83\x35\x43\xb2\x25\xa3\x49\x2d\x8c\
\x00\x80\xe8\xb7\x39\xfd\x82\x1c\xac\x1e\x52\x67\x3f\xde\xed\x64\
\xc3\x8c\x94\x4f\x3e\x51\x79\x03\x00\x10\x9d\xde\x33\x4c\xff\xff\
\x69\xff\x3f\x02\x00\xa2\x53\xfe\xc0\x3d\x15\xe0\xf1\x6e\xbb\x8b\
\xbb\xd5\xd2\x08\x00\x88\x7e\xf1\xc5\xdd\xea\xcc\xc7\xca\xe4\xf7\
\xdf\x55\x39\x03\x00\x10\x9d\x02\xdd\xdf\x7b\x5e\xd3\xfa\xce\xfe\
\x03\x00\x80\xe8\x64\xcc\x2f\x2e\x7d\x5c\xc7\x1e\xe2\xf1\x76\x89\
\xc6\xa8\x6c\xcb\x6a\x51\x8b\x23\x00\x20\x7a\x6d\xcd\x6c\x96\x44\
\x63\x44\x9d\xf9\x78\xb7\xb4\xf6\x1b\xe2\x99\x5b\x54\x39\x03\x00\
\x10\xa5\x4c\xeb\xbb\xf7\xbc\xa6\xff\x85\xfa\x01\x00\x40\xd4\x2a\
\x9b\x7c\x2c\x27\xea\xa7\x55\x98\xc7\xdb\xed\x29\xeb\x55\xcb\x23\
\x00\x20\x7a\xed\x29\xed\x51\x67\x3d\xde\xed\x44\xdd\xb4\x94\x8d\
\x7f\xad\xf2\x05\x00\x20\x8a\x99\xfe\x17\x81\x8f\x00\x3f\x51\x3f\
\x00\x00\x88\x6a\xf9\x97\xef\xaa\x40\x8f\xb7\x4b\xaa\x1d\x97\xb8\
\xdc\x36\xb5\x40\x02\x00\xa2\xcf\xf6\x9c\x36\x39\x5c\x3b\xa6\xce\
\x7a\xbc\x5b\x6e\xdf\x1d\x95\x2b\x00\x00\xd1\x2d\xd0\xfd\xbd\x67\
\x98\xd6\x03\xfb\x0f\x00\x00\xa2\x5b\xcd\xec\x4b\x49\x6d\x5b\x50\
\xa1\x1e\x6f\xb7\xef\xcc\x65\x89\x49\xae\x53\x8b\x24\x00\x20\xba\
\xec\x2b\xef\x53\x67\x3c\xde\x2d\xa5\xd5\x27\x55\x33\xdf\xaa\x5c\
\x01\x00\x88\x6e\x81\xee\x2f\xf0\x11\xe0\x3b\xf6\x1f\x00\x00\x44\
\xbf\x92\xb1\x47\x72\xfc\xfc\x35\x15\xee\xf1\x76\x3b\xf2\x3b\xd4\
\x22\x09\x00\x88\x1e\x71\xb9\xed\xea\x6c\xc7\xbb\x1d\x3d\x77\x55\
\x4a\x46\x1f\xaa\x3c\x01\x00\x70\x00\xd3\x7f\xe7\x3d\xaf\xcf\xba\
\xa9\x7e\x00\x00\xe0\x08\xb9\xbd\x77\x54\xc0\xc7\xdb\x25\x54\x0d\
\x48\x6c\x6a\x83\x5a\x28\x01\x00\x91\x6f\x53\x4a\xbd\x24\x54\xf4\
\xab\xb3\x1d\xef\x96\x7d\xe9\xb6\xca\x11\x00\x00\xa7\xb0\x6e\xbe\
\x67\xf8\xfc\xf3\xfa\x07\x00\x00\x4e\x50\x75\xfd\xb9\xa4\xb4\xf8\
\x54\xc8\xc7\xdb\xed\x2a\xec\x52\x4b\x25\x00\x20\xf2\xed\x2c\xe8\
\x54\x67\x3a\xde\x2d\xb9\x79\x5e\xaa\xa6\x9e\xab\x1c\x01\x00\x70\
\x86\x40\xf7\x17\xf8\x37\x00\xa7\xec\x3f\x00\x00\x70\x8e\x92\x91\
\x87\x72\xf4\xdc\x15\x15\xf6\xf1\x66\x07\x6b\x86\x64\x4b\x46\x93\
\x5a\x2c\x01\x00\x91\x6b\x73\x7a\xa3\x1c\xa8\x1e\x54\x67\x3a\xde\
\xee\xc8\x87\x93\x52\x34\xfc\x40\xe5\x07\x00\x80\x93\x58\x53\xef\
\x79\x17\xfc\x63\xfa\x07\x00\x00\x4e\x12\xf8\x58\x8f\x3d\xf0\xe3\
\xed\x76\x17\x77\xab\xe5\x12\x00\x10\xb9\xe2\x8b\xba\xd5\x59\x8e\
\x77\xcb\xea\xfe\x44\xe5\x06\x00\x80\xc3\x2c\xf8\xc7\xde\x33\x7c\
\xd6\x80\xfa\x01\x00\x80\xa3\x54\x4e\x3f\x93\xd3\x4d\xf3\x2a\xf4\
\xe3\xcd\x12\x8d\x51\xd9\x96\xd5\xa2\x16\x4c\x00\x40\xe4\xd9\x9a\
\xd9\x2c\x87\x3c\xc3\xea\x2c\xc7\xdb\x9d\xbe\x30\x27\x15\x53\x4f\
\x55\x6e\x00\x00\x38\x4b\xa0\xfb\x7b\xcf\xeb\xf3\x5f\xb2\xff\x00\
\x00\xc0\x79\x8a\x86\xbe\x94\x23\x1f\x4c\xaa\xf0\x8f\x37\xdb\x5b\
\xda\xa3\x96\x4c\x00\x40\xe4\xd9\x53\xda\xa3\xce\x70\xbc\x5b\xe1\
\xe0\x7d\x95\x17\x00\x00\x8e\x74\xe9\x3d\xc3\xf4\x37\x2c\xf3\x03\
\x00\x00\x07\xca\xbc\xf8\x89\x0a\xff\x78\xb3\xa4\xda\x71\xd9\x9e\
\xd3\xa6\x16\x4d\x00\x40\xe4\xd8\x96\xdd\x2a\x87\xbd\x63\xea\x0c\
\xc7\xdb\x65\x74\xde\x14\xaf\x69\xa9\xac\x00\x00\x70\x1e\xc3\xb4\
\x1a\x02\x05\x60\x85\xfd\x07\x00\x00\xce\x54\x71\xf5\x89\x9c\x6a\
\x9c\x55\x4b\x00\xde\x6c\xff\x99\xcb\x12\x93\x5c\xa7\x16\x4e\x00\
\xc0\xc6\x8b\x39\x7d\x5e\xf6\x95\xf7\xa9\xb3\x1b\x6f\x77\xb2\x61\
\x46\xca\xaf\x3c\x56\x39\x01\x00\xe0\x4c\x86\xb9\x58\x11\xf8\xaf\
\x00\xa7\xdb\x7f\x00\x00\xe0\x5c\x05\x03\xf7\xd4\x22\x80\xb7\xdb\
\x91\xdf\xa1\x96\x4e\x00\xc0\xc6\x8b\xcb\x6b\x57\x67\x36\xde\x2d\
\xaf\xff\x0b\x95\x0f\x00\x00\xce\xe5\x99\xb7\xd2\xdf\xf3\x9a\xd6\
\x41\xfb\x0f\x00\x00\x9c\xcb\x30\x17\x25\xbd\xe3\xa6\x5a\x06\xf0\
\x66\x09\x95\x03\x12\x9b\xda\xa0\x16\x4f\x00\xc0\xc6\xd9\x94\x52\
\x2f\x09\x15\xfd\xea\xcc\xc6\xdb\xa5\xb7\xdf\x10\xcf\xfc\xa2\xca\
\x07\x00\x00\xe7\xaa\x5d\x78\x75\xe0\x3d\xc3\xf7\x2a\xd6\xfe\x03\
\x00\x00\x67\x2b\x9f\x7c\x2c\x27\xeb\x67\xd4\x52\x80\x37\xdb\x55\
\xd8\xa5\x96\x4f\x00\xc0\xc6\xd9\x59\xd0\xa9\xce\x6a\xbc\xdd\xf1\
\xba\x29\x29\x9b\xf8\x5a\xe5\x02\x00\x80\xc3\x99\xfe\x4d\xef\x79\
\xe6\xfd\x7f\xa0\x7e\x00\x00\xe0\x78\x79\xfd\x77\xd5\x62\x80\x37\
\x3b\x58\x33\x24\x5b\xd2\x9b\xd4\x02\x0a\x00\x08\xbf\xcd\xe9\x8d\
\x72\xb0\x7a\x50\x9d\xd5\x78\xbb\xbc\xbe\xcf\x55\x1e\x00\x00\xb8\
\xc0\x82\xff\x1f\x05\x3e\x02\xfc\x63\xf5\x03\x00\x00\xc7\xab\x99\
\x7b\xb9\xf4\x31\x20\xfb\x72\x80\x37\xdb\x5d\xdc\xad\x96\x50\x00\
\x40\xf8\xc5\x17\x75\xab\x33\x1a\x6f\x97\xda\xba\x20\x35\xb3\x2f\
\x54\x1e\x00\x00\x38\x5f\xb5\x69\xfd\xf8\x3d\xe3\xc6\xcb\xbf\x61\
\xff\x01\x00\x80\x3b\x94\x4e\x7c\x25\xc7\xcf\x4f\xab\x25\x01\xcb\
\x4b\x34\x46\x64\x6b\x56\xb3\x5a\x44\x01\x00\xe1\xb3\x35\xb3\x59\
\x12\x3d\x23\xea\x8c\xc6\x9b\x1d\x3d\x77\x55\x4a\xc6\x1e\xa9\x1c\
\x00\x00\x70\x07\xe3\xfa\xcb\xbf\xf1\x5e\xd5\xdc\xbf\xfc\x75\xfb\
\x0f\x00\x00\xdc\x23\xb7\xef\x8e\x5a\x14\xf0\x66\x7b\x4a\x7b\xd4\
\x32\x0a\x00\x08\x9f\xc0\x39\x6c\x3f\x9b\xf1\x76\x39\x3d\x9f\xa9\
\xfb\x1f\x00\xe0\x1e\x55\x73\xdf\xfc\xfa\x7b\x22\xf2\x17\xbc\x3e\
\xbf\xdf\xfe\x83\x00\x00\x77\xa8\xbe\xfe\xad\xa4\xb4\xf8\xd4\xb2\
\x80\xe5\x25\xd5\x8e\xc9\xf6\x9c\x56\xb5\x90\x02\x00\x42\x6f\x5b\
\x76\xab\x1c\xae\x1d\x53\x67\x33\xde\x2c\xb9\x79\x5e\x2a\xa7\x9f\
\xa9\xfb\x1f\x00\xe0\x0e\x86\xcf\xef\x7f\x4f\xe4\x2f\xbc\x17\x18\
\xaf\xcf\x7f\xdf\xfe\x13\x00\x00\xee\x51\x3c\xfa\x70\xe9\xe3\x41\
\xf6\xa5\x01\xcb\xdb\x57\xde\x27\x31\xc9\x75\x6a\x31\x05\x00\x84\
\xd6\xbe\xf2\x5e\x75\x26\xe3\xcd\x8e\x7c\x30\x29\xc5\x23\x0f\xd4\
\xbd\x0f\x00\x70\x11\xd3\x7f\x7f\xa9\xfc\xfb\xf3\x02\x70\x4e\xfd\
\x04\x00\x80\xab\xe4\xf4\xdc\x56\x8b\x03\xde\x6c\x47\x5e\x87\x5a\
\x4c\x01\x00\xa1\x13\x97\xdb\x2e\x49\x67\xc7\xd5\x79\x8c\x37\xcb\
\xea\xfe\x54\xdd\xf7\x00\x00\xd7\x99\xfb\x45\x01\x68\xf8\xac\x81\
\x65\x7e\x02\x00\xc0\x45\x02\x1f\x0f\x4a\x6e\x9a\x57\xcb\x03\x96\
\x97\x50\x39\x20\xb1\xa9\x0d\x6a\x41\x05\x00\x04\xdf\xa6\x94\x7a\
\xd9\x5f\xd1\xaf\xce\x62\xbc\xd9\xa9\x0b\xb3\x52\x71\xed\xa9\xba\
\xef\x01\x00\xee\x12\xe8\xfc\xbe\x2f\x00\x4d\xcb\x63\xff\x09\x00\
\x00\xf7\x29\x1a\xfe\x52\x7e\xf2\xc1\xa4\x5a\x22\xb0\xbc\x5d\x85\
\x5d\x6a\x49\x05\x00\x04\xdf\xce\xfc\x4e\x75\x06\xe3\xed\x0a\x87\
\xee\xab\x7b\x1e\x00\xe0\x3e\x81\xce\xef\x17\x05\x60\xad\xef\xd5\
\x49\xfb\x4f\x00\x00\xb8\x53\x56\xf7\x27\x6a\x89\xc0\xf2\x0e\x56\
\x0f\xc9\xe6\xf4\x0b\x6a\x51\x05\x00\x04\xcf\xe6\xb4\x46\x39\x50\
\x35\xa8\xce\x60\xbc\x59\xe6\xc5\x4f\xd4\xfd\x0e\x00\x70\xa7\x40\
\xe7\xf7\xfd\xbf\x01\xe8\x7b\x15\x6b\xff\x09\x00\x00\x77\xaa\xb8\
\xf6\x8d\x9c\x6a\x9c\x53\xcb\x04\x96\x17\x5f\xdc\xad\x96\x55\x00\
\x40\xf0\xc4\x17\x5d\x54\x67\x2f\xde\xec\x54\xe3\x75\x39\x73\xf5\
\x89\xba\xdf\x01\x00\xee\x14\xe8\xfc\x7e\x51\x00\x7a\x17\x5e\xfd\
\x77\xf6\x9f\x00\x00\x70\xaf\xc2\xc1\x7b\x6a\xa1\xc0\xf2\x12\x8d\
\x11\xd9\x9a\xd9\xac\x16\x56\x00\xc0\xfa\x6d\xcd\x6c\x92\x43\x9e\
\x61\x75\xf6\xe2\xcd\xf2\xfb\xbf\x50\xf7\x3a\x00\xc0\xc5\x16\x5e\
\xfd\x77\xbf\x28\x00\xcf\xde\xfc\xee\x3f\x57\x3f\x01\x00\xe0\x5e\
\xa6\x25\x19\x5d\xb7\xd4\x52\x81\xe5\xed\x29\xed\x51\x4b\x2b\x00\
\x60\xfd\xf6\x94\xf4\xa8\x33\x17\x6f\x96\xd6\xf1\xb1\x78\xe6\x5e\
\xea\x7b\x1d\x00\xe0\x5a\x81\xce\xef\x17\x05\x60\xfa\x84\xfc\x8a\
\x61\xfa\x9f\xd9\x7f\x12\x00\xc0\xbd\xca\x27\x1f\xcb\x89\x86\x19\
\xb5\x5c\x40\x3b\x5c\x3b\x26\xdb\x73\x5a\xd5\xe2\x0a\x00\x58\xbb\
\x6d\xd9\x2d\x72\xd8\x3b\xaa\xce\x5c\x2c\xef\x44\xfd\x94\x94\x4d\
\x7c\xad\xee\x73\x00\x80\x7b\x05\xba\xbe\x40\xe7\xf7\x8b\x02\x30\
\x30\x5e\x9f\x7f\xce\xfe\x13\x01\x00\xee\x96\xdf\x7f\x57\x2d\x18\
\x58\xde\xbe\xf2\x3e\x89\x49\xae\x53\x0b\x2c\x00\x60\x6d\x02\xe7\
\xaa\xfd\xac\xc5\x9b\xe5\x5e\xfe\x5c\xdd\xe3\x00\x00\xd7\x9b\xfb\
\x41\xf9\x17\x18\xc3\xf4\x77\x2c\xf3\x13\x01\x00\x2e\x16\xf8\x18\
\x51\x5a\xfb\x0d\xb5\x64\x60\x79\x3b\xf2\x3a\xd4\x02\x0b\x00\x58\
\xbd\xb8\xdc\x76\xf9\xc9\xd9\x71\x75\xce\x62\x79\x69\x6d\x0b\x52\
\x3d\xfb\x42\xdd\xe3\x00\x00\x77\x0b\x74\x7d\xf6\xfe\xef\x3d\xc3\
\x5c\x2c\xb7\xff\x44\x00\x00\x4a\xc7\xbf\x92\x13\x75\xd3\x6a\xd9\
\x80\x96\x50\x39\x20\xb1\xa9\x0d\x6a\x91\x05\x00\xac\xdc\xa6\x94\
\x7a\xd9\x5f\xd1\xaf\xce\x58\x2c\xef\xd8\xf9\x6b\x52\x3a\xf6\x48\
\xdd\xdf\x00\x00\x04\xba\x3e\x7b\xff\xf7\x5e\xed\x82\x95\x64\xff\
\x89\x00\x00\x04\xe4\xf6\xdd\x51\x0b\x07\x96\xb7\xab\xb0\x4b\x2d\
\xb3\x00\x80\x95\xdb\x59\xd0\xa9\xce\x56\xbc\x59\x4e\xef\x1d\x75\
\x6f\x03\x00\x10\x10\xe8\xfa\xec\xfd\xdf\x7b\x86\x69\xfd\x73\xfb\
\x4f\x04\x00\x20\xa0\xfa\xfa\xb7\x92\xda\xb6\xa0\x96\x0e\x68\x07\
\xab\x87\x64\x73\xfa\x05\xb5\xd0\x02\x00\xde\x2d\x36\xad\x51\x0e\
\x54\x0d\xaa\xb3\x15\xcb\x4b\x69\xf1\x49\xf5\xcc\x73\x75\x6f\x03\
\x00\x10\x10\xe8\xfa\xec\xfd\xdf\x7b\xd5\x73\x2f\x7e\x64\xff\x89\
\x00\x00\xfc\x5c\xc9\xd8\x43\x39\xf6\xd1\x35\xb5\x7c\x40\xdb\x5d\
\xdc\xad\x96\x5a\x00\xc0\xbb\xc5\x17\x5d\x54\x67\x2a\x96\x77\xe4\
\xc3\x49\x29\x1a\x79\xa0\xee\x6b\x00\x00\x7e\xce\x33\xef\xff\x6d\
\x7b\xff\xf7\x5e\xd5\xdc\x37\xbf\x6e\x98\x96\x65\xff\xc9\x00\x00\
\xfc\x5c\x4e\xcf\x67\x6a\x01\x81\x96\xe8\x19\x91\xad\x99\xcd\x6a\
\xb1\x05\x00\xbc\xd9\x96\xcc\x26\x39\xe4\x19\x56\x67\x2a\x96\x97\
\xdd\xfd\xa9\xba\xa7\x01\x00\xf8\xb9\x40\xc7\x17\xe8\xfa\xec\xfd\
\xdf\xd2\x18\x3e\x6b\xda\xfe\x0f\x00\x00\xf0\x73\x95\xd3\xcf\x24\
\xb9\x79\x5e\x2d\x21\xd0\xf6\x94\xf6\xa8\xe5\x16\x00\xf0\x66\x7b\
\x4a\x7a\xd4\x59\x8a\xe5\x9d\x6e\x9a\x93\xca\x6b\x4f\xd5\x3d\x0d\
\x00\xc0\xcf\x19\xa6\x35\x6d\xef\xfd\x7e\x31\x86\xcf\x7f\xce\xfe\
\x0f\x00\x00\xf0\xcb\x8a\x86\xbf\x5c\xfa\xd8\x91\x7d\x19\xc1\x0f\
\x25\xd5\x8e\xc9\xf6\x9c\x36\xb5\xe0\x02\x00\xb4\x6d\xd9\x2d\x92\
\x68\x8c\xaa\xb3\x14\x5a\xd2\xfb\x13\x52\x38\x74\x5f\xdd\xcf\x00\
\x00\xfc\xb2\x40\xc7\x67\xef\xfd\x7e\x31\x1e\xdf\xe2\x49\xfb\x3f\
\x00\x00\x80\x5d\x56\xf7\x27\x6a\x21\x81\xb6\xaf\xbc\x4f\x62\x4e\
\xd7\xa9\x45\x17\x00\xf0\x43\x7b\xcb\x7a\xd5\x19\x8a\xe5\x65\x76\
\xdd\x52\xf7\x32\x00\x00\x76\x81\x8e\xcf\xde\xfb\xfd\x62\x0c\xdf\
\x77\x7f\x68\xff\x07\x00\x00\xb0\xab\xb8\xf6\x8d\x9c\xbe\x30\xa7\
\x96\x12\x68\x3b\xf2\x3a\xd4\xa2\x0b\x00\xf8\x5e\x5c\x6e\x9b\x24\
\x9d\x1d\x57\xe7\x27\xb4\x93\x8d\xb3\x72\xe6\xca\x13\x75\x2f\x03\
\x00\x60\x67\xf8\xac\x3f\xb4\xf7\x7e\xbf\x98\xea\x39\xff\xdf\xb2\
\xff\x03\x00\x00\x2c\xa7\x70\xf0\x9e\x5a\x4c\xa0\x25\x54\x0e\x48\
\x6c\x6a\x83\x5a\x78\x01\x00\xe7\x25\x26\xb9\x5e\xf6\x57\x5c\x56\
\x67\x27\x96\x57\x30\x70\x4f\xdd\xc7\x00\x00\x2c\x27\xd0\xf1\xd9\
\x7b\xbf\x5f\x4c\xfa\x84\xfc\x8a\x61\x5a\x0f\xec\xff\x10\x00\x00\
\x76\x86\xe9\x97\x8c\xae\x5b\x6a\x39\x81\xb6\xb3\xa0\x53\x2d\xbd\
\x00\x80\xf3\xb2\x33\xbf\x53\x9d\x99\x58\x5e\x46\xe7\x4d\x31\xcc\
\x45\x75\x1f\x03\x00\x60\x67\x98\xfe\x2f\x03\x1d\x9f\xbd\xf7\xfb\
\xc1\x78\x7d\x56\xbf\xfd\x1f\x04\x00\x60\x39\x67\xae\x3c\x96\x93\
\x0d\xd7\xd5\x92\x82\x1f\x3a\x58\x3d\x28\x9b\xd3\x1b\xd5\xe2\x0b\
\x00\x6e\x16\x9b\xd6\x28\x07\xaa\x06\xd5\x99\x09\xed\x78\xdd\xb4\
\x94\x4d\x7c\xad\xee\x61\x00\x00\x96\x63\x98\x56\xbf\xbd\xef\x53\
\x53\xbb\xe0\x2f\xb7\xff\x83\x00\x00\xbc\x49\x7e\xff\x17\x6a\x51\
\x81\x16\x5f\xdc\xad\x96\x5f\x00\x70\xb3\xf8\xc2\x8b\xea\xac\xc4\
\xf2\xf2\xfa\x3e\x57\xf7\x2f\x00\x00\x6f\x62\x2c\xf8\xcb\xed\x7d\
\x9f\x1a\xaf\xe9\xdf\x67\xff\x07\x01\x00\x78\x13\x63\x7e\x51\xd2\
\x3b\x3e\x56\xcb\x0a\x7e\x28\xd1\x33\x2c\x5b\x33\x9b\xd5\x02\x0c\
\x00\x6e\xb4\x25\xa3\x49\x0e\xd5\x0c\xab\xb3\x12\x5a\x6a\xdb\x82\
\xd4\xcc\xbe\x50\xf7\x2f\x00\x00\x6f\xe2\x31\x17\xf7\xd9\xfb\x3e\
\x35\x67\x7d\xdf\xfd\x03\xfb\x3f\x08\x00\xc0\xdb\x94\x8d\x7f\x25\
\xc7\xeb\xa6\xd4\xd2\x82\x1f\xda\x53\xda\xa3\x96\x60\x00\x70\xa3\
\xdd\x25\x97\xd4\x19\x09\xed\xf8\xf9\x29\x29\x19\x7b\xa4\xee\x5d\
\x00\x00\xde\x26\xd0\xed\xd9\xfb\x3e\x35\xd5\xb7\x5f\xfc\x9a\xd7\
\x67\xfd\xcc\xfe\x0f\x03\x00\xf0\x36\xb9\x7d\x77\xd4\xe2\x82\x1f\
\x3a\x5c\x3b\x26\xdb\xb3\x5b\xd5\x22\x0c\x00\x6e\xb2\x2d\xab\x45\
\x12\xbd\xa3\xea\x8c\x84\x96\xdb\x7b\x47\xdd\xb7\x00\x00\xbc\x9d\
\xf5\xb3\x40\xb7\x67\xef\xfb\x96\x1d\xef\xbc\x35\xa1\x7f\x01\x00\
\x00\xde\x2c\xf0\xf1\xa4\xd4\xd6\x05\xb5\xbc\xe0\x87\xf6\x95\xf7\
\xa9\x65\x18\x00\xdc\x64\x6f\x59\xaf\x3a\x1b\xa1\xa5\xb4\xf8\xa4\
\xea\xfa\x73\x75\xdf\x02\x00\xf0\x56\xf3\xd6\x84\xbd\xe7\x7b\xe3\
\x04\xfe\xc7\x02\xd5\x2f\x00\x00\xc0\x3b\x94\x8c\x3e\x94\x63\x1f\
\x5d\x53\x4b\x0c\x7e\x28\x2e\xb7\x5d\x2d\xc4\x00\xe0\x06\x71\xb9\
\x6d\x92\x74\x76\x5c\x9d\x8b\xf8\xa1\xa3\xe7\xae\x2e\xdd\xa9\xf6\
\x7b\x16\x00\x80\x77\x59\xd1\x7f\x00\xe4\xe7\x63\xf8\xac\xed\xf6\
\x5f\x00\x00\x80\x95\xc8\xe9\xf9\x4c\x2d\x32\xf8\xa1\x84\x8a\x7e\
\xd9\x94\x52\xaf\x16\x63\x00\x70\xb2\x4d\xc9\xf5\xb2\xbf\xa2\x5f\
\x9d\x89\xd0\xb2\x2f\xdd\x56\xf7\x2b\x00\x00\x2b\x11\xe8\xf4\xec\
\x3d\xdf\x1b\xe7\xec\xc7\xdf\xfd\xc8\xfe\x0b\x00\x00\xb0\x12\x55\
\x33\xcf\x25\xa5\xc5\x54\xcb\x0c\x7e\x68\x67\x41\xa7\x5a\x8e\x01\
\xc0\xc9\x76\xe6\x77\xaa\xb3\x10\x5a\x72\xd3\x9c\x54\x4e\x3f\x53\
\xf7\x2b\x00\x00\x2b\x11\xe8\xf4\xec\x3d\xdf\x1b\x47\x44\xfe\x82\
\xd7\xe7\xbf\x69\xff\x45\x00\x00\x58\x89\xa2\x91\x07\x72\xe4\xc3\
\x2b\x6a\xa9\xc1\xf7\x0e\x54\x0f\xca\xe6\xf4\x46\xb5\x20\x03\x80\
\x13\xc5\xa6\x35\xca\x81\xaa\x41\x75\x16\xc2\x6e\x52\x0a\x87\xef\
\xab\x7b\x15\x00\x80\x15\xba\x19\xe8\xf4\xec\x3d\xdf\x5b\xc7\xeb\
\x5b\xac\x5b\xe6\x17\x02\x00\x60\x45\xb2\xbb\x3f\x5d\x66\xb1\xc1\
\x2f\x8b\x2f\xea\x56\x4b\x32\x00\x38\x51\x7c\xd1\x45\x75\x06\x42\
\xcb\xec\xba\xa5\xee\x53\x00\x00\x56\x6e\xb1\xce\xde\xef\xbd\x73\
\x6a\x17\xac\x24\xfd\x0b\x01\x00\xb0\x32\x95\x53\xcf\xe4\xd4\x85\
\x59\xb5\xdc\xe0\x7b\x87\x3c\xc3\xb2\x35\xb3\x59\x2d\xca\x00\xe0\
\x24\x5b\x32\x9a\xe4\x50\xcd\xb0\x3a\x03\xf1\x43\xa7\x1a\x67\xa5\
\xe2\xea\x13\x75\x9f\x02\x00\xb0\x52\x81\x2e\xcf\xde\xef\xbd\x73\
\x3c\xbe\xc5\x7f\x60\xff\x85\x00\x00\x58\x8d\xc2\xa1\x7b\x6a\xc1\
\xc1\x0f\xed\x29\xed\x51\xcb\x32\x00\x38\xc9\xee\xe2\x6e\x75\xf6\
\x41\x2b\x18\xbc\xa7\xee\x51\x00\x00\x56\x23\xd0\xe5\xd9\xfb\xbd\
\x77\x4e\xd5\xdc\x37\xbf\xee\xf5\x59\x8f\xed\xbf\x18\x00\x00\xab\
\x11\xf8\x38\x93\x7d\xc9\xc1\xf7\x0e\x7b\xc7\x64\x7b\x76\xab\x5a\
\x98\x01\xc0\x09\xb6\x65\xb5\x48\xa2\x31\xaa\xce\x3e\xfc\x50\x46\
\xc7\x4d\x31\x4c\x4b\xdd\xa1\x00\x00\xac\x9c\xf5\x38\xd0\xe5\xd9\
\xfb\xbd\x15\x8d\xe1\xf3\xf7\xe8\x5f\x10\x00\x80\x95\x2b\xbf\xfa\
\x44\x4e\x36\x5c\x57\xcb\x0e\xbe\xb7\xaf\xbc\x4f\x62\x96\x59\x9c\
\x01\x20\xda\xed\x2d\xeb\x55\x67\x1e\x7e\xe8\x64\xfd\x8c\x94\x4f\
\x3e\x56\xf7\x27\x00\x00\xab\x11\xe8\xf0\xec\xbd\xde\x8a\xc7\xf0\
\xf9\xb3\xed\xbf\x20\x00\x00\xab\x55\x30\xf0\x85\x5a\x78\xf0\x43\
\x71\x79\xed\x6a\x71\x06\x80\x68\x16\x97\xdb\x26\x49\xb5\xe3\xea\
\xbc\xc3\x0f\xe5\xf5\xdf\x55\xf7\x26\x00\x00\xab\x15\xe8\xf0\xec\
\xbd\xde\x8a\xc7\x33\x6f\xfd\x43\xfb\x2f\x08\x00\xc0\x6a\x79\xe6\
\x17\x25\xbd\xe3\x63\xb5\xf4\xe0\x7b\x09\x15\xfd\xb2\x29\xa5\x5e\
\x2d\xd0\x00\x10\x8d\x62\x92\xeb\x64\xff\x99\xcb\xea\xac\xc3\x0f\
\xa5\xb5\x2f\x88\x67\x6e\x51\xdd\x9b\x00\x00\xac\x56\xa0\xc3\xb3\
\xf7\x7a\x2b\x1e\xaf\xf9\xf2\x3f\xf6\xfa\xfc\x0f\xed\xbf\x28\x00\
\x00\xab\x15\xf8\x78\xd3\x89\xba\x69\xb5\xfc\xe0\x7b\x3b\x0b\x3a\
\xd5\x12\x0d\x00\xd1\x68\x67\x7e\x87\x3a\xe3\xf0\x43\xc7\x3e\x9a\
\x92\xd2\xf1\x47\xea\xbe\x04\x00\x60\xd5\x4c\xeb\xab\x40\x87\x67\
\xef\xf5\x56\x35\x5e\xd3\x7f\x41\xfd\xc2\x00\x00\xac\x41\xde\xe5\
\xcf\xd5\x02\x84\xef\x1d\xac\x1e\x94\xcd\xe9\x8d\x6a\x91\x06\x80\
\x68\x12\x9b\xda\x28\x09\x55\x03\xea\x8c\xc3\x0f\xe5\xf4\x7e\xa6\
\xee\x49\x00\x00\xd6\xc2\x30\xad\x16\x7b\x9f\xb7\xea\xa9\x5d\x78\
\x75\xc0\xfe\x0b\x03\x00\xb0\x16\x35\xb3\x2f\x25\xb5\x6d\x41\x2d\
\x41\xf8\x5e\x7c\x51\xb7\x5a\xa6\x01\x20\x9a\xc4\x17\x5e\x54\x67\
\x1b\x7e\x28\xa5\xd5\x27\xd5\x33\xdf\xaa\x7b\x12\x00\x80\x35\x99\
\xb7\x0e\xdb\xfb\xbc\x55\xcf\xfb\x0b\x3f\xfd\x3b\x5e\xd3\xff\x6f\
\xd4\x2f\x0e\x00\xc0\x1a\x94\x8e\x3d\x92\x63\x1f\x5d\x53\xcb\x10\
\x5e\x4b\xf4\x8c\xc8\xd6\xcc\x66\xb5\x50\x03\x40\x34\xd8\x92\xd1\
\x24\x07\x6b\x86\xd5\xd9\x86\xef\x1d\x3d\x77\x55\x8a\x47\x1f\xaa\
\xfb\x11\x00\x80\x35\x31\xad\x3f\xf3\x9a\xd6\x8f\xed\x7d\xde\x9a\
\xc6\xeb\xf3\x4f\xaa\xdf\x00\x00\x80\x35\x0a\x7c\xec\xc9\xbe\x10\
\xe1\x7b\x7b\x4a\x7b\xd4\x52\x0d\x00\xd1\x60\x77\x71\xb7\x3a\xd3\
\xf0\x43\x39\x3d\xb7\xd5\xbd\x08\x00\xc0\x5a\x19\xa6\x35\x63\xef\
\xf1\xd6\x3c\x5e\xd3\x9f\x6f\xff\x0d\x00\x00\x58\xab\xaa\x99\xe7\
\x92\xd2\x6c\xaa\xa5\x08\xaf\x1d\xae\x1d\x93\x6d\xd9\xad\x6a\xb1\
\x06\x80\x48\xb6\x2d\xab\x45\x12\x8d\x51\x75\xa6\xe1\x7b\xc9\xcd\
\xf3\x52\x39\xfd\x5c\xdd\x8b\x00\x00\xac\x95\x67\xde\x5f\x66\xef\
\xf1\xd6\x3c\x9e\xf9\xc5\x7f\x66\xff\x0d\x00\x00\x58\x8f\xe2\x91\
\x87\x72\xf4\xc3\x2b\x6a\x39\xc2\x6b\xfb\xca\x7b\xd5\x72\x0d\x00\
\x91\x6c\x6f\x59\xaf\x3a\xcb\xf0\xbd\x23\x1f\x5e\x91\xa2\xe1\x2f\
\xd5\x7d\x08\x00\xc0\x7a\x18\x3e\xff\xbf\xb0\xf7\x78\x6b\x9e\x8a\
\x1b\xcf\xfe\x03\xaf\xe9\xbf\x6f\xff\x4d\x00\x00\x58\x8f\xac\x4b\
\x9f\xaa\x05\x09\xaf\x25\x9d\x1d\x97\xb8\xdc\x76\xb5\x60\x03\x40\
\x24\xda\x9e\xd3\xb6\x74\x6e\xd9\xcf\x32\x7c\x2f\xf3\xe2\x2d\x75\
\x0f\x02\x00\xb0\x4e\xdf\xd4\xfa\x5e\xfd\xa6\xbd\xc7\x5b\xd7\x78\
\x7d\xfe\xfa\x65\x7e\x23\x00\x00\xd6\xac\x72\xea\x99\x24\x37\xcf\
\xa9\x25\x09\xaf\xed\xaf\xe8\x97\x4d\x29\xf5\x6a\xd1\x06\x80\x48\
\x12\x93\x5c\x27\xfb\xcf\x5c\x56\x67\x18\xbe\x77\xea\xc2\xac\x9c\
\xb9\xfa\x8d\xba\x07\x01\x00\x58\xa7\x0e\x7b\x7f\xb7\xee\xf1\x9a\
\xfe\x7d\xcb\xfc\x46\x00\x00\xac\x4b\xe1\xf0\x97\xf2\x93\xf7\x27\
\xd5\xb2\x84\xd7\x76\xe6\x77\xaa\x65\x1b\x00\x22\xc9\x8e\xfc\x0e\
\x75\x76\xe1\x87\x0a\x06\xbf\x50\xf7\x1f\x00\x00\xeb\x65\xf8\xfc\
\x47\xed\xfd\xdd\xba\xe7\xec\xac\xf5\x1b\xf6\xdf\x08\x00\x80\x60\
\xc8\xba\x78\x4b\x2d\x4b\x78\xed\x40\xd5\xa0\x6c\x4e\x6b\x54\x0b\
\x37\x00\x44\x82\xd8\xd4\x46\x49\xa8\x1a\x50\x67\x17\xbe\x97\xd1\
\x79\x33\xf0\x5f\x68\x54\x77\x1f\x00\x00\xeb\x55\xbd\xf0\xe2\xb7\
\xec\xfd\x5d\x50\xc6\xf0\xf9\x7b\xec\xbf\x19\x00\x00\xeb\x55\x71\
\xf5\x9b\xa5\x8f\x47\xd9\x97\x26\xbc\x16\x5f\x74\x51\x2d\xdd\x00\
\x10\x09\x76\x15\x5e\x54\x67\x16\xbe\x77\xb2\x61\x46\xca\x27\x9f\
\xa8\x7b\x0f\x00\x80\xf5\x32\x4c\xff\xb8\xbd\xb7\x0b\xda\x78\x4d\
\xff\x4f\xec\xbf\x21\x00\x00\xc1\x90\x3f\x70\x4f\x2d\x4e\x78\xed\
\x90\x67\x58\xb6\x66\x36\xa9\xc5\x1b\x00\x36\xd2\x96\x8c\x26\x39\
\x58\x33\xac\xce\x2c\x7c\x2f\xbf\xff\xae\xba\xef\x00\x00\x08\x0a\
\xf3\x55\xaa\xbd\xb7\x0b\xda\x78\xe6\xbf\xfb\x1d\xc3\x67\xfd\x54\
\xfd\xa6\x00\x00\xac\x93\x31\xbf\x28\x19\x9d\x1f\xab\xe5\x09\xaf\
\xed\x29\xe9\x51\xcb\x37\x00\x6c\xa4\xdd\xc5\xdd\xea\xac\xc2\xf7\
\xd2\xda\x6f\x88\x67\x6e\x51\xdd\x77\x00\x00\xac\x97\x61\x5a\xff\
\x3f\x8f\xef\xe5\xef\xdb\x7b\xbb\xa0\x8e\x61\xfa\x2f\xda\x7f\x63\
\x00\x00\x82\xa1\x6c\xf2\xb1\x9c\xa8\x9f\x56\x4b\x14\x26\xe4\xb0\
\x77\x54\xb6\x65\xb7\xa8\x05\x1c\x00\x36\xc2\xb6\xac\x16\x49\x34\
\x46\xd4\x59\x85\xd7\x4e\xd4\x4d\x4b\xd9\xf8\xd7\xea\x9e\x03\x00\
\x20\x18\x0c\xd3\x3f\x62\xef\xeb\x82\x3e\xc6\xbc\x95\x68\xff\x8d\
\x01\x00\x08\x96\xbc\xcb\x77\xd5\x22\x85\xd7\xf6\x95\xf7\xa9\x25\
\x1c\x00\x36\xc2\xde\xd2\x1e\x75\x46\xe1\x7b\xb9\xbd\x9f\xa9\xfb\
\x0d\x00\x80\xe0\x79\x75\xda\xde\xd7\x05\x7d\x6a\x16\x5e\xfd\x6d\
\xaf\xcf\x6f\xe9\xdf\x1c\x00\x80\xf5\xab\x99\x7d\x29\x69\xed\x0b\
\x6a\x99\xc2\x84\xfc\xe4\xec\xb8\xc4\xe5\xb6\xab\x45\x1c\x00\xc2\
\x69\x7b\x4e\x9b\x24\xd5\x8e\xeb\x33\x0a\x4b\x52\x5a\x7d\x52\x35\
\xf3\xad\xba\xdf\x00\x00\x08\x92\x3f\xad\x99\xf7\xff\x3d\x7b\x5f\
\x17\x92\x31\x7c\xfe\x8e\x65\xfe\x00\x00\x00\x04\x45\xe9\xf8\x57\
\x72\xec\xfc\x94\x5a\xaa\x30\x21\xfb\x2b\xfa\x65\x53\x4a\xbd\x5a\
\xc8\x01\x20\x1c\x62\x92\xeb\x64\xff\x99\xcb\xea\x6c\xc2\x6b\x47\
\xcf\x5d\x95\x92\xd1\x87\xea\x5e\x03\x00\x20\x58\x0c\xd3\x1a\xb4\
\xf7\x74\x21\x1b\xaf\xef\x55\x82\xfd\x0f\x00\x00\x40\x30\x05\x3e\
\x3e\x65\x5f\xac\xf0\xda\xce\x82\x4e\xb5\x94\x03\x40\x38\xec\xc8\
\xef\x50\x67\x12\xbe\x97\x7d\xe9\xb6\xba\xcf\x00\x00\x08\x2a\xd3\
\x7f\xc2\xde\xd3\x85\x6c\xce\xce\xf9\xff\x96\xd7\xe7\x7f\xa1\xfe\
\x10\x00\x00\x04\x49\xf5\xcc\xb7\x4b\x1f\xa3\xb2\x2f\x57\x98\x90\
\x03\x55\x83\x12\x9b\xd6\xa8\x16\x73\x00\x08\xa5\xd8\xd4\x06\x49\
\xa8\x1c\x50\x67\x12\x5e\x4b\x6e\x9e\x97\xaa\xe9\xe7\xea\x3e\x03\
\x00\x20\x58\x0c\xd3\xff\x7f\x7a\x4d\xeb\xc7\xf6\x9e\x2e\xa4\xe3\
\x35\xad\x56\xfb\x1f\x04\x00\x80\x60\x2a\x1e\x79\x28\x47\xcf\x5d\
\x51\x4b\x16\x26\x24\xbe\xe8\xa2\x5a\xce\x01\x20\x94\x76\x15\x76\
\xa9\xb3\x08\xaf\x1d\xf9\x70\x52\x8a\x86\x1f\xa8\x7b\x0c\x00\x80\
\xa0\x32\xfd\x7d\xf6\x7e\x2e\xe4\xe3\x31\xfd\xbb\xd4\x1f\x04\x00\
\x80\x20\xcb\xbe\xf4\xa9\x5a\xb4\x30\x21\x87\x3c\xc3\xb2\x25\xb3\
\x49\x2d\xe8\x00\x10\x0a\x5b\xd2\x2f\xc8\xc1\xea\x21\x75\x16\xe1\
\xb5\xac\xee\x4f\xd4\xfd\x05\x00\x40\xb0\x79\xe6\xad\xc3\xf6\x7e\
\x2e\xe4\x63\x5c\x7f\xf9\x37\x0c\xd3\xfa\xd2\xfe\x87\x01\x00\x20\
\x98\x2a\xa7\x9e\xc9\xe9\xa6\x39\xb5\x6c\x61\x42\xf6\x94\x5c\x52\
\x4b\x3a\x00\x84\x42\x7c\x71\xb7\x3a\x83\xf0\xda\xe9\x0b\x73\x52\
\x31\xf5\x54\xdd\x5f\x00\x00\x04\x93\x61\xfa\x9f\x9d\x9d\xfb\xee\
\x47\xf6\x7e\x2e\x2c\x63\x2c\xf8\xab\xed\x7f\x20\x00\x00\x82\xad\
\x68\xe8\x4b\x39\xf2\xc1\xa4\x5a\xba\xdc\x2e\xd1\x3b\x2a\xdb\xb2\
\x5b\xd4\xa2\x0e\x00\xc1\xb4\x2d\xab\x45\x12\x8d\x11\x75\x06\xe1\
\xb5\xc2\xc1\xfb\xea\xde\x02\x00\x20\xd8\x0c\xd3\x7f\xce\xde\xcb\
\x85\x6d\x3c\xbe\x57\xff\xd4\xfe\x07\x02\x00\x20\x14\x32\x2f\xde\
\x52\x4b\x17\x26\x64\x5f\x79\x9f\x5a\xd6\x01\x20\x98\xf6\x94\xf6\
\xa8\xb3\x07\xaf\x65\x74\xde\x14\xaf\x69\xa9\x3b\x0b\x00\x80\x60\
\xab\xf5\xf9\xff\x57\x7b\x2f\x17\xb6\x99\x10\xf9\x15\xc3\xf4\x8f\
\xda\xff\x50\x00\x00\x04\xdb\x99\xab\xdf\xc8\xa9\x0b\xb3\x6a\xf9\
\x72\xbb\xa4\xf7\xc7\x25\x2e\xb7\x5d\x2d\xec\x00\x10\x0c\xdb\x73\
\xda\x24\xa9\x76\x5c\x9d\x3d\x98\x90\x93\x0d\x33\x52\x7e\xe5\xb1\
\xba\xaf\x00\x00\x08\x36\xc3\xb4\xae\x7d\x30\xb5\xf8\x6f\xdb\x7b\
\xb9\xb0\x8e\xe1\xf3\x1f\xb5\xff\xc1\x00\x00\x08\x85\x82\xc1\x7b\
\x6a\x01\xc3\x84\xec\xaf\xe8\x97\x4d\x29\xf5\x6a\x71\x07\x80\xf5\
\x88\x49\xae\x93\x7d\x67\x2e\xab\x33\x07\xaf\xe5\xf5\x7f\xa1\xee\
\x29\x00\x00\x42\xc1\x30\xad\x64\x7b\x1f\x17\xf6\xf1\xcc\xfb\x7f\
\xdb\xf0\xf9\x9f\xd8\xff\x70\x00\x00\x04\x9b\xe1\xb3\x96\x3e\x6e\
\x65\x5f\xc2\x30\x21\x3b\xf3\x3b\xd5\xf2\x0e\x00\xeb\xb1\x23\xaf\
\x43\x9d\x35\x78\x2d\xbd\xfd\x86\x78\xe6\x17\xd5\x3d\x05\x00\x40\
\xd0\x99\xd6\x0b\xaf\xf9\xdd\x7f\x65\xef\xe3\x36\x64\xbc\xe6\xab\
\xf7\xd5\x1f\x10\x00\x80\x10\x38\x33\xf9\x64\xe9\x63\x57\xf6\x65\
\xcc\xed\x0e\x54\x0d\xca\xe6\xb4\x46\xb5\xc0\x03\xc0\x5a\xc4\xa6\
\x36\x48\x42\xe5\x80\x3a\x6b\x30\x21\xc7\xeb\xa6\xa4\x6c\xe2\x6b\
\x75\x3f\x01\x00\x10\x0a\x86\xcf\x7f\xde\xde\xc3\x6d\xd8\x18\xa6\
\xf5\xcf\xed\x7f\x40\x00\x00\x42\x25\xef\xf2\x5d\xb5\x90\x61\x42\
\x76\x15\x5e\x54\x4b\x3c\x00\xac\xc5\xae\xc2\x2e\x75\xc6\xe0\xb5\
\xbc\xcb\x9f\xab\x7b\x09\x00\x80\x50\xf1\xcc\xbf\xfc\xdf\xed\x3d\
\xdc\x86\x4d\xf5\xed\x17\xbf\x16\xf8\x1f\x24\xb4\xff\x21\x01\x00\
\x08\x85\x9a\xb9\x97\x92\xd6\xbe\xa0\x96\x32\xb7\x3b\x54\x33\x2c\
\x5b\x32\x9a\xd4\x22\x0f\x00\xab\xb1\x39\xfd\x82\x1c\xac\x1e\x54\
\x67\x0c\x26\x24\xb5\x75\x41\x6a\x66\x5f\xa8\x7b\x09\x00\x80\xd0\
\xb0\xa6\x6b\x7d\xaf\xfe\x1d\x7b\x0f\xb7\xa1\x63\x2c\xbc\x4a\xd6\
\x7f\x50\x00\x00\x42\xa3\x74\xfc\x2b\x39\x7e\x7e\x4a\x2d\x67\x6e\
\xb7\xbb\xe4\x92\x5a\xe6\x01\x60\x35\xe2\x8b\xbb\xd5\xd9\x82\x09\
\x39\x76\xee\xaa\x94\x8c\x3d\x52\xf7\x11\x00\x00\xa1\xe2\x31\xad\
\x54\x7b\xff\xb6\xe1\x53\x3d\xf7\xe2\xaf\x7a\x7d\xd6\xcf\xec\x7f\
\x58\x00\x00\x42\x25\xb7\xf7\x8e\x5a\xd0\xdc\x2e\xd1\x3b\x2a\xdb\
\xb2\x5a\xd4\x42\x0f\x00\x2b\xb1\x35\xb3\x59\x12\x8d\x11\x75\xb6\
\x60\x42\x72\x7a\x3e\x53\xf7\x10\x00\x00\xa1\x63\xfd\x2c\xd0\xb5\
\xd9\xfb\xb7\x88\x18\xef\x82\x75\x56\xff\x81\x01\x00\x08\x8d\xea\
\xeb\xdf\x4a\x6a\xab\x4f\x2d\x69\x6e\xb7\xb7\xac\x57\x2d\xf5\x00\
\xb0\x12\x7b\x4a\x7b\xd4\x99\x82\x09\x49\x6e\x9e\x97\xca\xe9\x67\
\xea\x1e\x02\x00\x20\x64\x16\xac\xb3\xf6\xde\x2d\x62\xc6\x6b\xfa\
\xff\x89\x61\xfa\xff\x2f\xf5\x87\x06\x00\x20\x44\x4a\xc6\x1e\xca\
\xd1\x73\x57\xd5\xb2\xe6\x66\x49\x67\xc7\x25\x2e\xb7\x4d\x2d\xf6\
\x00\xf0\x36\xdb\x73\x5a\xe5\x70\xed\x98\x3a\x53\xdc\xee\xc8\x07\
\x93\x52\x3c\xf2\x40\xdd\x3f\x00\x00\x84\xca\x52\xb7\x66\xfa\xff\
\x89\xbd\x77\x8b\xa8\xf1\xfa\xfc\xed\xf6\x3f\x38\x00\x00\xa1\x94\
\x7d\xe9\x33\xb5\xb0\xb9\xdd\xfe\x8a\x7e\x89\x49\xae\x57\x0b\x3e\
\x00\x2c\x27\x26\xb9\x4e\xf6\x95\xf7\xa9\xb3\x04\x13\x92\xd5\xfd\
\xa9\xba\x77\x00\x00\x08\xb1\x76\x7b\xdf\x16\x71\x63\xf8\x5e\xc5\
\x2e\xf3\x07\x07\x00\x20\x64\xaa\xa6\x9f\x2f\x7d\x3c\xcb\xbe\xb4\
\xb9\xdd\xce\xfc\x4e\xb5\xe4\x03\xc0\x72\x76\xe4\x75\xa8\x33\x04\
\x13\x72\xea\xc2\xac\x54\x5c\x7b\xaa\xee\x1d\x00\x00\x42\x29\xd0\
\xad\xd9\xfb\xb6\x88\x9b\xea\x89\x17\xbf\x66\xf8\xfc\x23\xf6\x3f\
\x3c\x00\x00\xa1\x54\x34\xfc\xa5\xfc\xe4\x83\x49\xb5\xbc\xb9\xd9\
\x81\xaa\x41\x89\x4d\x6b\x54\x8b\x3e\x00\xfc\xb2\xd8\xd4\x06\x49\
\xa8\x1c\x50\x67\x08\x26\xa4\x70\xe8\xbe\xba\x6f\x00\x00\x08\xa5\
\x40\xa7\x16\xe8\xd6\xec\x7d\x5b\x44\x8e\xd7\xf7\x2a\xc1\xfe\x17\
\x00\x00\x20\xd4\xb2\x2e\x7e\xa2\x96\x37\xb7\x8b\x2f\xea\x52\xcb\
\x3e\x00\xfc\xb2\x5d\x05\x5d\xea\xec\xc0\x84\x64\x5e\xfc\x44\xdd\
\x33\x00\x00\x84\xde\xab\x04\x7b\xcf\x16\xb1\x73\x76\xd6\xfa\x0d\
\xc3\xe7\x37\xf5\x5f\x02\x00\x80\xd0\xa9\xb8\xf6\x8d\x9c\x6a\x9c\
\x55\x4b\x9c\x9b\x1d\xac\x19\x96\x2d\x19\x4d\x6a\xe1\x07\x80\x80\
\xcd\xe9\x17\xe4\x60\xf5\x90\x3a\x3b\xdc\xee\x64\xc3\x8c\x9c\xb9\
\xfa\x44\xdd\x33\x00\x00\x84\x52\xa0\x4b\x0b\x74\x6a\xf6\x9e\x2d\
\xa2\xc7\x6b\x5a\x29\xf6\xbf\x08\x00\x00\xa1\x56\x30\x78\x4f\x2d\
\x72\x6e\xb7\xbb\xe4\x92\x5a\xfa\x01\x20\x20\xbe\xb8\x5b\x9d\x19\
\x98\x90\xfc\xfe\x2f\xd4\xfd\x02\x00\x40\xc8\x99\x56\x8a\xbd\x5f\
\x8b\xf8\xf1\xcc\xfb\x7f\xdb\x30\xad\x2f\xd5\x5f\x06\x00\x80\x50\
\x32\x2d\xc9\xe8\xbc\xa5\x96\x39\x37\x4b\x34\x46\x65\x5b\x76\x8b\
\x5a\xfc\x01\xb8\xdb\xd6\xcc\x66\x49\xf4\x8c\xa8\x33\xc3\xed\xd2\
\x3a\x3e\x16\xcf\xdc\x4b\x7d\xbf\x00\x00\x10\x42\x81\x0e\x2d\xd0\
\xa5\xd9\xfb\xb5\xa8\x18\xc3\xb4\x4a\xec\x7f\x21\x00\x00\x42\xad\
\xfc\xca\xe3\xa5\x8f\x6f\xd9\x97\x3a\x37\xdb\x5b\xd6\xab\x96\x7f\
\x00\xee\xb6\xa7\xb4\x47\x9d\x15\x6e\x77\xa2\x7e\x4a\xca\x26\xbe\
\x56\xf7\x0a\x00\x00\xa1\x16\xe8\xd0\xec\xbd\x5a\xd4\x4c\xf5\xc2\
\x8b\xdf\xf2\xfa\xac\x9f\xd9\xff\x52\x00\x00\x84\x5a\xfe\xc0\x17\
\x6a\xb1\x73\xb3\xa4\xb3\xe3\x12\x97\xdb\xa6\x0a\x00\x00\xee\xb4\
\x3d\xa7\x4d\x92\x6a\xc7\xd4\x59\xe1\x76\xb9\x97\x3f\x57\xf7\x09\
\x00\x00\xa1\x67\xfd\x2c\xd0\xa1\xd9\x7b\xb5\xa8\x1a\xaf\xcf\x5f\
\xa5\xff\x62\x00\x00\x84\x96\x67\x7e\x51\xd2\xdb\x3f\x56\xcb\x9d\
\x9b\xed\xaf\xe8\x97\x98\xe4\x7a\x55\x04\x00\x70\x97\x98\xd3\x75\
\xb2\xaf\xbc\x4f\x9d\x11\x6e\x97\xd6\xb6\x20\x35\xb3\x2f\xd4\x7d\
\x02\x00\x40\x18\x54\xd9\xfb\xb4\xa8\x1b\x8f\xef\xd5\xef\x1b\xa6\
\xff\xd9\x32\x7f\x39\x00\x00\x42\x2a\xf0\x31\xae\xe3\x75\x53\x6a\
\xc9\x73\xb3\x9d\xf9\x1d\xaa\x0c\x00\xe0\x2e\x3b\xf2\x3a\xd4\xd9\
\xe0\x76\xc7\xce\x5f\x93\xd2\xb1\x47\xea\x1e\x01\x00\x20\xd4\x02\
\x9d\x59\xa0\x3b\xb3\xf7\x69\x51\x39\x5e\xd3\x7f\xc6\xfe\x17\x04\
\x00\x20\x1c\x72\xfb\xee\xa8\x45\xcf\xcd\x0e\x54\x0d\x48\x6c\x5a\
\xa3\x2a\x04\x00\xb8\x43\x6c\x6a\xbd\x24\x54\x0e\xa8\xb3\xc1\xed\
\x72\x7a\xef\xa8\xfb\x03\x00\x80\xb0\x30\xfd\x67\xec\x3d\x5a\xd4\
\x4e\xed\x0d\xff\xdf\x33\x7c\xfe\x27\xea\x2f\x09\x00\x40\x88\x55\
\x5f\xff\x56\x52\xdb\x16\xd4\xb2\xe7\x66\xbb\x0a\xbb\x54\x29\x00\
\xc0\x1d\x76\x16\x74\xaa\x33\xc1\xed\x52\x5a\x4c\xa9\x9e\x79\xae\
\xee\x0f\x00\x00\x42\x2d\xd0\x95\x05\x3a\x33\x7b\x8f\x16\xd5\x63\
\xf8\xac\x52\xfb\x5f\x14\x00\x80\x70\x28\x1e\x7b\x28\xc7\xce\x5d\
\x55\x4b\x9f\x5b\x1d\xac\x19\x96\x2d\x19\x4d\xaa\x18\x00\xe0\x6c\
\x9b\xd3\x1b\xe5\x60\xf5\xa0\x3a\x13\xdc\xec\xc8\x87\x93\x52\x34\
\xf2\x40\xdd\x1b\x00\x00\x84\x43\xa0\x2b\xb3\xf7\x67\x51\x3f\x5e\
\xd3\xfa\xb1\xd7\xb4\xbe\xb2\xff\x65\x01\x00\x08\x87\x9c\x9e\xcf\
\xd4\xe2\xe7\x66\xbb\x4b\x2e\xa9\x72\x00\x80\xb3\xc5\x17\x77\xab\
\xb3\xc0\xed\xb2\xbb\x3f\x55\xf7\x05\x00\x00\x61\x11\xe8\xc8\x4c\
\xeb\xc7\xf6\xfe\xcc\x11\x63\x2c\x58\x45\xea\x2f\x0c\x00\x40\x18\
\x54\x4e\x3f\x93\xe4\x16\x53\x2d\x7f\x6e\x95\x68\x8c\xca\xb6\xec\
\x16\x55\x10\x00\x70\xa6\xad\x99\xcd\x92\xe8\x19\x56\x67\x81\x9b\
\x9d\x6e\x9a\x93\xca\x6b\x4f\xd5\x7d\x01\x00\x40\x38\x04\x3a\x32\
\x7b\x6f\xe6\x98\xf1\x2e\x2c\xfe\xae\xd7\xe7\x7f\x60\xff\x4b\x03\
\x00\x10\x0e\xc5\x23\x0f\xe4\xc8\x07\x93\x6a\x09\x74\xab\xbd\x65\
\xbd\xaa\x24\x00\xe0\x4c\x7b\x4a\x7b\xd4\x19\xe0\x66\x49\xef\x4f\
\x48\xe1\xd0\x7d\x75\x4f\x00\x00\x10\x26\x0f\x02\x1d\x99\xbd\x37\
\x73\xd4\x78\x4d\x7f\xfe\x32\x7f\x71\x00\x00\xc2\x22\xab\xfb\x53\
\xb5\x08\xba\x55\xd2\xd9\x71\x89\xcb\x6d\x53\x45\x01\x00\x67\xd9\
\x9e\xdd\x2a\x87\x6b\xc7\xd4\x19\xe0\x66\x99\x5d\xb7\xd4\xfd\x00\
\x00\x40\xd8\x98\xfe\x7c\x7b\x5f\xe6\xb8\xf1\xcc\x7f\xf7\x3b\x5e\
\x9f\xff\x9e\xfa\xcb\x03\x00\x10\x06\x15\xd7\x9e\x2e\x7d\xec\xcb\
\xbe\x0c\xba\xd5\xfe\x33\x97\x25\x26\xb9\x4e\x15\x06\x00\x9c\x63\
\x5f\x79\x9f\x7a\xf7\xdd\xec\x64\xe3\xac\x9c\xb9\xf2\x44\xdd\x0f\
\x00\x00\x84\xc9\xbd\x40\x37\x66\xef\xcb\x1c\x39\x5e\x9f\x95\xbe\
\xcc\x17\x00\x00\x80\xb0\x08\x7c\xec\xcb\xbe\x10\xba\xd9\x8e\xfc\
\x0e\x55\x18\x00\x70\x86\xb8\xdc\x76\xf5\xce\xbb\x5d\xc1\xc0\x3d\
\x75\x2f\x00\x00\x10\x3e\x56\xba\xbd\x27\x73\xec\x78\xe6\x7f\xfa\
\x5f\x78\xe7\xad\x29\xfd\x45\x00\x00\x20\xf4\x0c\xd3\x92\x8c\xae\
\x5b\x6a\x29\x74\xab\x84\xaa\x01\x89\x4d\x6d\x50\xc5\x01\x80\xe8\
\xb6\x29\xa5\x5e\x12\x2a\xfa\xd5\x3b\xef\x66\x19\x9d\x37\xc5\x30\
\x17\xd5\xbd\x00\x00\x40\x58\xcc\x5b\x53\x81\x4e\xcc\xde\x93\x39\
\x7a\xbc\x0b\xfe\xdd\xea\x0b\x01\x00\x40\x98\x9c\xb9\xf2\x58\x4e\
\x36\x5c\x57\xcb\xa1\x5b\xed\x2a\xec\x52\xe5\x01\x80\xe8\xb6\xb3\
\xa0\x53\xbd\xeb\x6e\x76\xbc\x6e\x5a\xca\x26\xbe\x56\xf7\x01\x00\
\x00\x61\xb3\xe0\xdf\x6d\xef\xc7\x1c\x3f\xad\x33\x7f\xf6\x97\xbc\
\x3e\x7f\xbb\xfa\x62\x00\x00\x10\x26\xf9\xfd\x5f\xa8\x05\xd1\xad\
\x0e\xd6\x0c\xc9\x96\x8c\x26\x55\x20\x00\x88\x4e\x9b\xd3\x1b\xe5\
\x40\xf5\xa0\x7a\xd7\xdd\x2c\xaf\xef\x73\x75\x0f\x00\x00\x10\x46\
\xed\xa5\x33\x8f\xff\x92\xbd\x1f\x73\xc5\x78\xe6\x17\xff\x99\xd7\
\xb4\xbe\x5b\xe6\x8b\x02\x00\x40\xc8\x79\xe6\x5e\x4a\x7a\xc7\xc7\
\x6a\x49\x74\xab\xdd\xc5\xdd\xaa\x44\x00\x10\x9d\xe2\x8b\xba\xd5\
\x3b\xee\x66\xa9\x6d\x0b\x52\x33\xfb\x42\xdd\x03\x00\x00\x84\x85\
\x69\x7d\x17\xe8\xc0\xec\xbd\x98\xab\xc6\xf0\xf9\x2b\xd5\x17\x06\
\x00\x80\x30\x09\x7c\x1c\xec\x44\xfd\xb4\x5a\x16\xdd\x28\xd1\x18\
\x95\x6d\x59\x2d\xaa\x48\x00\x10\x5d\xb6\x66\x36\xcb\x21\xcf\xb0\
\x7a\xc7\xdd\xea\xf8\xf9\x29\x29\x1d\x7f\xa4\xce\x7f\x00\x00\xc2\
\x25\xd0\x7d\xd9\xfb\x30\xd7\x4d\xed\xfc\xe2\xdf\xf5\xfa\xfc\x77\
\xec\x5f\x1c\x00\x00\xc2\x25\xf7\xf2\xe7\x6a\x61\x74\xab\x3d\x65\
\xbd\xaa\x4c\x00\x10\x5d\xf6\x94\xf6\xa8\x77\xdb\xcd\x72\x7b\xef\
\xa8\x73\x1f\x00\x80\x30\xba\x53\x33\xbf\xf8\x77\xed\x7d\x98\x2b\
\xc7\xf0\xbd\x3a\xb5\xcc\x17\x08\x00\x80\xb0\x08\x7c\x2c\x2c\xad\
\x6d\x41\x2d\x8d\x6e\x94\x54\x3b\x2e\x71\xb9\x6d\xaa\x50\x00\x10\
\x1d\xb6\x67\xb7\xca\x61\xef\x98\x7a\xb7\xdd\x2a\xa5\xc5\x27\x55\
\xd7\x9f\xab\x73\x1f\x00\x80\x70\x09\x74\x5e\xf6\x1e\xcc\xb5\x73\
\xf6\x96\xf5\x1b\x86\x69\x8d\xdb\xbf\x48\x00\x00\x84\x4b\xe9\xd8\
\x23\x39\x76\x7e\x4a\x2d\x8f\x6e\xb4\xef\xcc\x65\x89\x49\xae\x53\
\xc5\x02\x80\xc8\x16\x73\xfa\xbc\xec\x2b\xef\x53\xef\xb4\x5b\x1d\
\x3d\x77\x55\x4a\x46\x1f\xaa\xf3\x1e\x00\x80\x70\x09\x74\x5d\x67\
\x67\xad\xdf\xb0\xf7\x60\xae\x1e\xef\xbc\x15\x67\xff\x42\x01\x00\
\x10\x4e\xd9\x3d\x9f\xa9\x05\xd2\xad\x76\xe4\x77\xa8\x72\x01\x40\
\x64\x8b\xcb\xeb\x50\xef\xb2\x9b\x65\x5f\xba\xad\xce\x79\x00\x00\
\xc2\xc9\xf0\x59\xdb\xed\xfd\x17\x13\x28\x01\x4d\x7f\xaf\xfd\x8b\
\x05\x00\x40\xb8\x54\x4d\x3f\x93\x94\x16\x53\x2d\x91\x6e\x94\x50\
\x35\x20\xb1\xa9\x0d\xaa\x60\x00\x10\x99\x36\xa5\xd4\x4b\x42\x45\
\xbf\x7a\x97\xdd\x2a\xb9\x69\x4e\x2a\xa6\x9e\xaa\x73\x1e\x00\x80\
\xb0\x31\xfd\xbd\xf6\xde\x8b\xf9\xf3\xf1\xf8\x5e\xfd\xbe\xd7\xe7\
\xbf\xab\xbe\x68\x00\x00\x84\x49\xd1\xc8\x03\x39\xf2\xe1\xa4\x5a\
\x26\xdd\x68\x57\x61\x97\x2a\x19\x00\x44\xa6\x9d\x05\x9d\xea\x1d\
\x76\xaf\x49\x29\x1c\xbe\xaf\xce\x77\x00\x00\xc2\xe8\xae\xc7\xf7\
\xf2\xf7\xed\xbd\x17\xf3\x4b\x63\xf8\xfc\x47\x97\xf9\xc2\x01\x00\
\x10\x36\xd9\xdd\x9f\x2e\xb3\x50\xba\xcf\xc1\x9a\x21\xd9\x92\xd1\
\xa4\x8a\x06\x00\x91\x25\x36\xbd\x51\x0e\x54\x0d\xaa\x77\xd8\xad\
\x32\xbb\x6e\xa9\x73\x1d\x00\x80\x70\x0a\x74\x5b\xf6\xbe\x8b\xb1\
\x8d\xe7\xda\xd7\xff\xae\x61\xfa\x3b\xec\x5f\x3c\x00\x00\xc2\xa5\
\xf2\xda\x53\x39\xdd\x34\xa7\x96\x4a\x37\xda\x5d\xdc\xad\xca\x06\
\x00\x91\x25\xbe\xe8\xa2\x7a\x77\xdd\xea\x54\xe3\xac\x54\x5c\x7d\
\xa2\xce\x75\x00\x00\xc2\xc5\x30\x17\x3b\x3e\xfa\xf8\xbb\xbf\x62\
\xef\xbb\x98\x65\xc6\x3b\xe7\xff\x47\x86\xcf\xff\xc4\xfe\x45\x04\
\x00\x20\x5c\x0a\x87\xee\xab\xc5\xd2\x8d\x12\x8d\x51\xd9\x96\xd5\
\xa2\x0a\x07\x00\x91\x61\x4b\x66\x93\x1c\xf2\x0c\xab\x77\xd7\xad\
\x0a\x06\xef\xa9\xf3\x1c\x00\x80\x70\x59\xea\xb2\xe6\xfc\xff\xc8\
\xde\x73\x31\x6f\x19\xaf\xcf\x4a\xb7\x7f\x21\x01\x00\x08\xa7\xc0\
\xc7\xc8\xec\xcb\xa5\x1b\xed\x2d\xed\x55\xa5\x03\x80\xc8\xb0\xa7\
\xb4\x47\xbd\xb3\x6e\x95\xd1\x79\x53\x0c\xd3\x52\x67\x39\x00\x00\
\xe1\x63\xa5\xdb\xfb\x2d\xe6\x1d\x63\x7c\x6c\xfd\xa7\x86\x69\x0d\
\xe8\x2f\x26\x00\x00\xe1\x71\xe6\xca\x13\x39\xd9\x38\xab\x96\x4c\
\xb7\x49\xaa\x1d\x97\xed\x39\x6d\xaa\x78\x00\xb0\xb1\xb6\x65\xb7\
\xca\x61\xef\xa8\x7a\x67\xdd\xe8\x64\xfd\x8c\x94\x4f\x3e\x56\xe7\
\x38\x00\x00\xe1\x12\xe8\xb0\x02\x5d\x96\xbd\xdf\x62\x56\x30\x9e\
\x79\xeb\x8f\xbd\xa6\xf5\xca\xfe\x45\x05\x00\x20\x5c\x0a\x06\xee\
\xa9\x45\xd3\x8d\xf6\x9f\xb9\x2c\x31\xc9\x75\xaa\x80\x00\xb0\x71\
\xf6\x95\xf7\xa9\x77\xd5\xad\xf2\xfa\xef\xaa\xf3\x1b\x00\x80\xb0\
\x31\xad\x57\x81\x0e\xcb\xde\x6b\x31\xab\x18\xc3\xb4\x8a\xd4\x17\
\x16\x00\x80\x30\xf1\xcc\xbf\x94\xf4\x8e\x8f\xd5\xb2\xe9\x46\x3b\
\xf2\x3b\x54\x01\x01\x60\x63\xc4\xe5\xb6\x4b\xd2\x59\xfd\x9e\xba\
\x51\x5a\xfb\x82\xd4\xcc\xbe\x54\xe7\x37\x00\x00\xe1\x12\xe8\xae\
\xec\x7d\x16\xb3\xca\x39\x3b\xf7\xf2\x6f\x1a\x3e\xff\x15\xfb\x17\
\x17\x00\x80\x70\x29\x9b\xfc\x5a\x8e\xd7\x4d\xab\xa5\xd3\x6d\x12\
\x2a\x07\x24\x36\xb5\x41\x15\x11\x00\xc2\x6b\x53\x4a\xbd\x24\x54\
\xf4\xab\x77\xd4\x8d\x8e\x7d\x34\x25\xa5\xe3\x8f\xd4\xb9\x0d\x00\
\x40\xb8\x04\x3a\xab\x40\x77\x65\xef\xb3\x98\x35\x8c\xe1\x5b\x8c\
\x35\x7c\xd6\x4f\xed\x5f\x64\x00\x00\xc2\x25\xaf\xef\x73\xb5\x78\
\xba\xd1\xae\xc2\x2e\x55\x46\x00\x08\xaf\x9d\xf9\x9d\xea\xdd\x74\
\xab\xdc\xde\xcf\xd4\x79\x0d\x00\x40\xb8\x04\xba\x2a\x63\x6e\x31\
\xd6\xde\x63\x31\xeb\x18\xc3\xb4\xf2\xed\x5f\x68\x00\x00\xc2\xa5\
\x66\xf6\x85\xa4\xb6\x2d\xa8\xe5\xd3\x6d\x0e\xd6\x0c\xc9\x96\xf4\
\x26\x55\x48\x00\x08\x8f\xcd\x69\x8d\x72\xa0\x6a\x50\xbd\x9b\x6e\
\x94\xd2\xea\x93\xea\x99\x6f\xd5\x79\x0d\x00\x40\xb8\x04\xba\x2a\
\x7b\x7f\xc5\xac\x73\x6a\xe6\xfd\x7f\xcd\x6b\x5a\xbd\xf6\x2f\x36\
\x00\x00\xe1\x12\xf8\x98\xd9\xf1\xf3\x53\x6a\x09\x75\x9b\xdd\xc5\
\xdd\xaa\x94\x00\x10\x1e\xf1\x45\x17\xd5\x3b\xe9\x46\x47\xcf\x5d\
\x95\xe2\xd1\x87\xea\x9c\x06\x00\x20\x5c\x0c\xd3\xea\x0d\x74\x55\
\xf6\xfe\x8a\x09\xc2\xd4\xce\xfb\xff\xc0\x6b\x5a\x8f\xec\x5f\x74\
\x00\x00\xc2\x25\xb7\xf7\x8e\x5a\x44\xdd\x26\xd1\x18\x91\xad\x59\
\xcd\xaa\x98\x00\x10\x5a\x5b\x33\x9b\xe4\x90\x67\x58\xbd\x93\x6e\
\x94\xd3\x73\x5b\x9d\xcf\x00\x00\x84\x8d\x69\x3d\xf2\xcc\xfb\xff\
\xc0\xde\x5b\x31\x41\x1c\xaf\xcf\x7f\x4c\x7d\xe1\x01\x00\x08\x93\
\xaa\xeb\xcf\x25\xa5\xc5\xa7\x96\x51\xb7\xd9\x53\xda\xa3\xca\x09\
\x00\xa1\xb5\xa7\xa4\x47\xbd\x8b\x6e\x94\xdc\x3c\x2f\x95\xd3\xcf\
\xd5\xf9\x0c\x00\x40\xd8\xcc\xfb\x8f\xd9\xfb\x2a\x26\xc8\x53\x7f\
\xf3\xcf\xfe\xb2\xd7\xe7\xaf\x53\x5f\x7c\x00\x00\xc2\xa4\x64\xf4\
\xe1\xd2\xc7\xcf\xec\x4b\xa9\x9b\x24\xd5\x8e\xc9\xf6\x9c\x56\x55\
\x50\x00\x08\x8d\x6d\xd9\xad\x72\xd8\x3b\xaa\xde\x45\xb7\x39\xf2\
\xc1\xa4\x14\x0d\x7f\xa9\xce\x65\x00\x00\xc2\x67\xb1\x2e\xd0\x4d\
\xd9\xfb\x2a\x26\x04\xe3\x99\xb5\x7e\xcf\x30\xad\x05\xfd\x4d\x00\
\x00\x20\x3c\xb2\xba\x3f\x55\x8b\xa9\xdb\xec\x3b\xd3\x27\x31\xc9\
\x75\xaa\xa8\x00\x10\x7c\xfb\xca\xfb\xd4\x3b\xe8\x46\x99\x17\x6f\
\xa9\xf3\x18\x00\x80\x70\x59\xea\xa2\x4c\xeb\xc7\xf6\x9e\x8a\x09\
\xe1\x18\x37\xac\x9d\x86\x69\xfd\x1b\xfb\x37\x03\x00\x80\x70\xa8\
\x9c\x7a\x2a\xc9\x4d\x73\x6a\x39\x75\x9b\x1d\x79\x1d\xaa\xa8\x00\
\x10\x5c\x71\xb9\xed\xf2\x93\xb3\xfa\xfd\x73\x9b\x53\x17\x66\xe5\
\xcc\xd5\x6f\xd4\x79\x0c\x00\x40\x38\x04\x3a\x28\xc3\xb4\x76\xda\
\xfb\x29\x26\x0c\x63\x2c\xf8\xcb\xed\xdf\x10\x00\x00\xc2\xa5\x70\
\xf8\xbe\xfc\xe4\xfd\x49\xb5\xa4\xba\x49\x42\xe5\x80\xc4\xa6\x36\
\xa8\xc2\x02\x40\x70\x6c\x4a\xa9\x97\xfd\x15\x97\xd5\xbb\xe7\x46\
\x05\x83\x5f\xa8\x73\x18\x00\x80\x70\x09\x74\x50\xf6\x5e\x8a\x09\
\xd3\x54\xdf\x7e\xf1\x6b\x5e\xd3\x7f\xdf\xfe\x4d\x01\x00\x20\x5c\
\x32\xbb\x6e\xa9\x25\xd5\x6d\x76\x15\x76\xa9\xd2\x02\x40\x70\xec\
\xcc\xef\x54\xef\x9c\x1b\x65\x74\xde\x0c\xfc\x9b\x17\xea\x0c\x06\
\x00\x20\x2c\x4c\xff\xfd\x40\x07\x65\xef\xa5\x98\x30\x8e\x61\xfa\
\xff\xb1\xd7\xe7\xbf\xab\xbe\x39\x00\x00\x84\x41\xc5\xd5\x27\x72\
\xaa\x71\x56\x2d\xab\x6e\x72\xb0\x7a\x48\x36\xa7\x5f\x50\xc5\x05\
\x80\xf5\x89\x4d\x6b\x94\x03\x55\x83\xea\x9d\x73\x9b\x93\x0d\x33\
\x52\x3e\xf9\x44\x9d\xbf\x00\x00\x84\xc9\xdd\x40\xf7\x64\xef\xa3\
\x98\x0d\x18\xaf\xe9\xdf\x6b\x98\xd6\x9f\x2c\xf3\x4d\x02\x00\x20\
\xe4\x0a\x06\xef\xa9\x85\xd5\x6d\xe2\x8b\xbb\x55\x79\x01\x60\x7d\
\xe2\x8b\x2e\xaa\x77\xcd\x8d\xf2\xfb\xef\xaa\x73\x17\x00\x80\x70\
\x58\xea\x9a\x4c\xff\x5e\x7b\x0f\xc5\x6c\xe0\x78\x4d\x7f\x9e\xfd\
\x1b\x05\x00\x40\x38\x04\x3e\x96\x16\xf8\x78\x9a\x7d\x69\x75\x93\
\x44\x63\x44\xb6\x66\x36\xab\x02\x03\xc0\xda\x6c\xc9\x68\x92\x43\
\x35\xc3\xea\x5d\x73\x9b\xb4\xf6\x1b\xe2\x99\x5b\x54\xe7\x2e\x00\
\x00\x61\xb1\xe0\xcf\xb3\xf7\x4f\xcc\x06\x8f\xe7\xe6\xf3\xff\xd0\
\x30\xad\x0b\xea\x9b\x05\x00\x40\x18\x94\x4f\x3e\x96\x93\xf5\x33\
\x6a\x79\x75\x93\x3d\xa5\x3d\xaa\xc4\x00\xb0\x36\x7b\x4a\x2e\xa9\
\x77\xcc\x6d\x4e\xd4\x4d\x4b\xd9\xf8\xd7\xea\xbc\x05\x00\x20\x1c\
\x02\x1d\x53\xa0\x6b\xb2\xf7\x4f\x4c\x04\x8c\x77\xe1\xa7\xbf\x6b\
\x98\xd6\x35\xfb\x37\x0d\x00\x80\x70\xc8\xeb\xbf\xab\x16\x58\x37\
\x39\x5c\x3b\x26\xdb\x73\x5a\x55\x91\x01\x60\x75\xb6\x65\xb7\xc8\
\x61\x63\x54\xbd\x63\x6e\x93\xdb\xfb\x99\x3a\x67\x01\x00\x08\x87\
\xa5\x6e\x69\xe1\xa7\xbf\x6b\xef\x9d\x98\x08\x1a\xef\xc2\x77\x7f\
\x64\x98\xd6\xd7\xf6\x6f\x1e\x00\x00\xa1\x56\x33\xfb\x52\xd2\xda\
\x17\xd4\x12\xeb\x26\xfb\xca\xfb\x24\x26\xb9\x4e\x15\x1a\x00\x56\
\x6e\x6f\x59\x9f\x7a\xb7\xdc\x26\xb5\xd5\x27\x55\xd7\xbf\x55\xe7\
\x2c\x00\x00\xa1\x16\xe8\x94\x3c\xf3\xd6\x1f\xdb\xfb\x26\x26\x02\
\xc7\x30\xad\x24\xfb\x37\x10\x00\x80\x70\x28\x1d\x7f\x24\xc7\x3e\
\x9a\x52\xcb\xac\x9b\xec\xc8\xeb\x50\x85\x06\x80\x95\x89\xcb\x6d\
\x93\xa4\xb3\xe3\xea\xbd\x72\x93\xa3\xe7\xae\x4a\xc9\xe8\x43\x75\
\xbe\x02\x00\x10\x0e\x81\x4e\xc9\xde\x33\x31\x11\x3c\x86\xe9\x2f\
\xb7\x7f\x13\x01\x00\x08\x87\xc0\xc7\xd6\xec\x0b\xad\x9b\x24\x54\
\x0e\x48\x6c\x6a\x83\x2a\x36\x00\xbc\x5d\x4c\x72\xbd\xec\xaf\xb8\
\xac\xde\x29\xb7\xc9\xbe\x74\x5b\x9d\xab\x00\x00\x84\x43\xa0\x4b\
\xb2\xf7\x4b\x4c\x84\xcf\x47\x13\x8f\x7e\xd5\xf0\xf9\x4d\xfb\x37\
\x13\x00\x80\x50\xab\x9e\xf9\x56\x52\x5a\x7d\x6a\xa9\x75\x93\x5d\
\x85\x5d\xaa\xdc\x00\xf0\x76\x3b\xf3\x3b\xd5\xbb\xe4\x36\xc9\xcd\
\xf3\x52\x35\xfd\x5c\x9d\xab\x00\x00\x84\x5a\xa0\x43\x0a\x74\x49\
\xf6\x7e\x89\x89\x82\xf1\xf8\xac\xdf\x33\x4c\xeb\x8a\xfd\x9b\x0a\
\x00\x40\xa8\x15\x8f\x3e\x5c\xfa\x18\x9b\x7d\xb9\x75\x8b\x83\xd5\
\x43\xb2\x39\xfd\x82\x2a\x38\x00\x2c\x2f\x36\xad\x51\x0e\x54\x0d\
\xaa\x77\xc9\x4d\x8e\x7c\x38\x29\x45\xc3\x0f\xd4\x79\x0a\x00\x40\
\xa8\x05\xba\xa3\x40\x87\x64\xef\x95\x98\x28\x1a\xe3\x86\xff\x1f\
\x7b\x7d\xd6\xa7\xf6\x6f\x2e\x00\x00\xa1\x96\xd3\x73\x5b\x2d\xb8\
\x6e\xb2\xbb\xb8\x5b\x95\x1c\x00\x96\x17\x5f\x78\x51\xbd\x43\x6e\
\x93\xd5\xfd\x89\x3a\x47\x01\x00\x08\x3d\xeb\xd3\x40\x77\x64\xef\
\x93\x98\x28\x1c\xcf\xfc\xe2\x16\xaf\xcf\xff\x54\x7f\x93\x01\x00\
\x08\x9d\xca\xe9\xe7\x4b\x1f\x67\xb3\x2f\xb9\x6e\x91\xe8\x19\x91\
\xad\x99\xcd\xaa\xe8\x00\xf0\x43\x5b\x32\x9a\xe4\x50\xcd\xb0\x7a\
\x87\xdc\xe4\xf4\x85\x39\xa9\x98\x7a\xaa\xce\x51\x00\x00\x42\xec\
\x69\xa0\x33\xb2\xf7\x48\x4c\x14\x8f\xe1\xb3\x12\xbd\xa6\xf5\xa7\
\xcb\x7c\xb3\x01\x00\x08\x99\xa2\xe1\x2f\xe5\xc8\x07\x57\xd4\xb2\
\xeb\x16\x7b\x4a\x7b\x54\xd9\x01\xe0\x87\x76\x97\x5c\x52\xef\x8e\
\xdb\x14\x0c\xdc\x53\xe7\x27\x00\x00\x21\x65\x5a\x7f\x1a\xe8\x8a\
\xec\xfd\x11\xe3\x80\x31\x4c\x7f\x96\xfa\x86\x03\x00\x10\x62\x99\
\x17\x6f\xa9\x65\xd7\x2d\x92\x6a\xc7\x64\x7b\x4e\x9b\x2a\x3c\x00\
\xbc\xb6\x2d\xbb\x45\x12\xbd\xa3\xea\xdd\x71\x93\x8c\xce\x9b\x81\
\x25\x4c\x9d\x9d\x00\x00\x84\x52\xa0\x23\xb2\xf7\x46\x8c\x43\xa6\
\x7a\xe2\xc5\xaf\x19\xa6\xbf\xda\xfe\x4d\x07\x00\x20\x94\xce\x5c\
\xfd\x46\x4e\x5d\x98\x55\x4b\xaf\x5b\xec\x2b\xef\x93\x98\xd3\x75\
\xaa\xf8\x00\x70\x5e\xf6\x96\xf5\xa9\x77\xc6\x4d\x4e\x36\xcc\x48\
\xf9\x95\xc7\xea\xdc\x04\x00\x20\x94\x02\xdd\x50\xfd\xcd\xe7\x7f\
\xd9\xde\x1b\x31\x0e\x9a\x5a\xdf\xab\xdf\xf4\xfa\x5e\x35\xd9\xbf\
\xf9\x00\x00\x84\x52\xc1\xe0\x17\x6a\xf1\x75\x93\x1d\x79\x1d\xaa\
\xf8\x00\xdc\x2e\x2e\xb7\x4d\x92\xce\x8e\xab\xf7\xc5\x4d\xf2\x06\
\xbe\x50\xe7\x25\x00\x00\xa1\xf5\xaa\xa9\xd6\xf7\xf4\x37\xed\x7d\
\x11\xe3\xc0\x39\xfb\xf1\x77\x3f\x32\x4c\xff\x90\x7e\x08\x00\x00\
\x08\x0d\xc3\xb4\x96\x3e\xe6\x66\x5f\x7e\xdd\x22\xa1\xa2\x5f\x62\
\x53\x1b\x54\x01\x02\xb8\x55\x4c\x72\x9d\xec\xaf\xb8\xac\xde\x15\
\x37\x49\x6f\xbf\x21\x9e\xf9\x45\x75\x5e\x02\x00\x10\x2a\x81\x2e\
\xe8\xec\xdc\x77\x3f\xb2\xf7\x44\x8c\x83\xa7\x7a\xe1\xc5\x6f\x79\
\x7d\xfe\xe7\xf6\x87\x01\x00\x80\x50\x29\x9f\x7c\xb2\xf4\x71\x37\
\xfb\x12\xec\x16\x3b\x0b\x3a\x55\x09\x02\xb8\xd5\x8e\xfc\x0e\xf5\
\x8e\xb8\xc9\xf1\xba\x29\x29\x9b\xf8\x5a\x9d\x93\x00\x00\x84\xd0\
\xf3\x40\x17\x64\xef\x87\x18\x17\x8c\xc7\xf7\xf2\x9f\x7a\x7d\xfe\
\x1b\xcb\x3c\x14\x00\x00\x84\x44\x7e\xff\x5d\xb5\x08\xbb\xc5\xc1\
\xea\x41\xd9\x9c\xde\xa8\x8a\x10\xc0\x6d\x62\x53\x1b\xe5\x40\xd5\
\x80\x7a\x47\xdc\x24\xef\xf2\xe7\xea\x7c\x04\x00\x20\x84\x3e\xf6\
\xce\x2f\xfe\x4f\xf6\x5e\x88\x71\xd1\x78\xe7\xad\x3f\x32\x7c\xd6\
\xed\x65\x1e\x0e\x00\x00\x82\xce\x33\xb7\x28\x69\xed\x37\xd4\x32\
\xec\x16\xf1\xc5\xdd\xaa\x0c\x01\xdc\x66\x57\x61\x97\x7a\x37\xdc\
\x24\xb5\x75\x41\x6a\x66\x5f\xa8\xf3\x11\x00\x80\x90\x30\xfd\x77\
\x6a\x17\xac\x3f\xb6\xf7\x41\x8c\x0b\xc7\xbb\xe0\xff\xdf\xbc\xa6\
\x75\x4f\x3d\x24\x00\x00\x84\x40\xd9\xf8\xd7\x72\xa2\x6e\x5a\x2d\
\xc5\x6e\x90\xe8\x19\x96\xad\x99\xcd\xaa\x10\x01\xdc\x62\x4b\x46\
\x93\x1c\xac\x19\x56\xef\x86\x5b\x1c\x3b\x77\x55\x8a\xc7\x1e\xaa\
\x73\x11\x00\x80\xd0\xb0\x1e\x78\x4d\xff\x26\x7b\x0f\xc4\xb8\x78\
\x6a\x17\x5e\x6d\xf1\xfa\xfc\x8f\xf4\xc3\x02\x00\x40\xf0\xe5\xf6\
\xdd\x51\x8b\xb1\x5b\xec\x29\xed\x51\xa5\x08\xe0\x16\xbb\x8b\x2f\
\xa9\x77\xc2\x4d\x72\x7a\x3e\x53\xe7\x21\x00\x00\x21\x61\xfa\xbf\
\xf1\xce\x5b\x71\xf6\xfe\x87\x61\xde\x33\x4c\x6b\xa7\xd7\xf4\x3f\
\x55\x0f\x0d\x00\x00\x41\x56\x35\xf3\xad\xa4\xb4\xfa\xd4\x72\xec\
\x06\x87\x6b\xc7\x64\x7b\x76\xab\x2a\x46\x00\xa7\xdb\x96\xd5\x22\
\x89\xc6\xa8\x7a\x27\xdc\x22\xb9\x79\x5e\x2a\xa7\x9f\xa9\xf3\x10\
\x00\x80\x10\x78\xe9\x35\x17\xf7\xda\x7b\x1f\x86\xf9\xc5\x78\xcc\
\xc5\x7d\x86\x69\x2d\x2e\xf3\xf0\x00\x00\x10\x54\x25\xa3\x0f\xe5\
\xe8\xb9\xab\x6a\x49\x76\x83\x7d\xe5\x7d\xaa\x1c\x01\x9c\x6e\x6f\
\x59\xaf\x7a\x17\xdc\xe2\xc8\x07\x93\x52\x3c\xf2\x40\x9d\x83\x00\
\x00\x84\xc0\xbf\xf4\x9a\xaf\x0e\xd9\xfb\x1e\x86\x51\x63\xcc\x5b\
\x89\x4b\x0f\x8c\x7e\x88\x00\x00\x08\xaa\xec\x4b\xb7\xd5\xa2\xec\
\x16\x71\xb9\xed\xaa\x20\x01\x9c\x2a\x2e\xb7\x4d\x92\x6a\xc7\xd5\
\x7b\xe0\x16\x59\xdd\x9f\xaa\xf3\x0f\x00\x80\xa0\x33\xad\x3f\xf5\
\xfa\xfc\xc7\xec\x3d\x0f\xc3\xbc\x71\x0c\x9f\xff\xa8\x61\x5a\x7f\
\xa2\x1e\x26\x00\x00\x82\xa8\x6a\xea\xf9\xd2\xc7\xe2\xec\xcb\xb2\
\x1b\x24\x54\xf4\xcb\xa6\x94\x7a\x55\x94\x00\x4e\x13\x93\x5c\x27\
\xfb\xcf\x5c\x56\xef\x80\x5b\x9c\x6a\x9a\x95\x8a\x6b\x4f\xd5\xf9\
\x07\x00\x40\xd0\x99\x56\x8a\xbd\xdf\x61\x98\x77\xce\x52\x09\xe8\
\xb3\x7e\xaa\x1e\x28\x00\x00\x82\xa8\x68\xf8\x81\x1c\xf9\x70\x52\
\x2d\xcd\x6e\xb0\xb3\xa0\x53\x95\x25\x80\xd3\xec\xcc\xef\x50\xcf\
\xbe\x9b\x14\x0e\xdd\x57\xe7\x1e\x00\x00\x41\xf6\xa7\x94\x7f\xcc\
\xba\xc6\x63\x5a\x87\x0c\xd3\x7a\xb9\xcc\xc3\x05\x00\x40\xd0\x64\
\x75\x7f\xa2\x96\x66\x37\x38\x50\x3d\x28\x9b\xd3\x1b\x55\x61\x02\
\x38\x45\x6c\x6a\xa3\x24\x54\x0d\xa8\x67\xdf\x2d\x32\x2f\x7e\xa2\
\xce\x3b\x00\x00\x82\x2c\xf0\x3f\xe1\xc6\xc7\x7e\x99\xf5\x8f\x61\
\x2e\xee\x31\x4c\xff\x93\x65\x1e\x32\x00\x00\x82\xa2\x62\xea\xa9\
\x9c\xbe\x30\xa7\x96\x67\x37\x88\x2f\xea\x56\xa5\x09\xe0\x14\xf1\
\x85\x17\xd5\x33\xef\x16\x27\x1b\x66\xe4\xcc\x95\xc7\xea\xbc\x03\
\x00\x20\x58\x96\xfe\x23\xae\xfc\x07\x3f\x98\x60\x8e\xe1\xb3\xb6\
\x1b\xa6\xf5\xa5\xfd\x61\x03\x00\x20\x58\x0a\x07\xef\xab\x05\xda\
\x0d\x0e\x79\x86\x65\x6b\x66\xb3\x2a\x4e\x80\x68\xb7\x25\xa3\x49\
\x0e\xd6\x0c\xab\x67\xde\x2d\xf2\xfb\xbf\x50\xe7\x1c\x00\x00\x41\
\x63\xfa\xbf\xf1\x9a\x8b\x7b\xed\xfd\x0d\xc3\xac\x7b\x0c\xd3\x1f\
\xe3\xf5\xf9\x3f\x53\x0f\x1d\x00\x00\x41\x92\xd1\x79\x53\x2d\xd1\
\x6e\xb0\xa7\xb4\x47\x95\x27\x40\xb4\xdb\x5d\x7c\x49\x3d\xeb\x6e\
\x91\xd6\xf1\xb1\x78\xe6\x5e\xaa\x33\x0e\x00\x80\xe0\xb0\x1e\x78\
\x17\xac\x38\x7b\x6f\xc3\x30\x41\x1b\xef\xc2\x77\x7f\xe4\xf5\xf9\
\x6f\xe8\x87\x0f\x00\x80\xf5\x2b\xbf\xf2\x78\xe9\x63\x73\xf6\x65\
\xda\xe9\x0e\x7b\xc7\x64\x7b\x76\xab\x2a\x50\x80\x68\xb5\x2d\xab\
\x45\x12\x8d\x51\xf5\xac\xbb\xc1\x89\xfa\x29\x29\x9b\xf8\x5a\x9d\
\x6f\x00\x00\x04\x85\xe9\xbf\xe3\x35\xfd\x9b\xec\x7d\x0d\xc3\x04\
\x7d\x3c\x73\x2f\xff\xa9\x61\xfa\x67\xd5\x43\x08\x00\x40\x10\xe4\
\xf5\x7f\xa1\x16\x6a\x37\xd8\x57\xde\x27\x31\xcb\x14\x29\x40\x34\
\xda\x5b\xd6\xab\x9e\x71\xb7\xc8\xbd\xfc\xb9\x3a\xd7\x00\x00\x08\
\x92\x8f\x6b\x17\xac\x3f\xb6\xf7\x34\x0c\x13\xb2\x31\x4c\xeb\x7f\
\x30\x4c\xeb\xca\x32\x0f\x23\x00\x00\xeb\xe2\x99\x5f\x94\xf4\xf6\
\x1b\x6a\xa9\x76\x83\xb8\xbc\x76\x55\xa4\x00\xd1\x26\x2e\xb7\x4d\
\x92\x6a\xc7\xd5\xf3\xed\x06\x69\x6d\x0b\x52\x33\xfb\x42\x9d\x6b\
\x00\x00\xac\xdf\xe2\x9c\x77\x7e\xf1\x7f\xb2\xf7\x33\x0c\x13\xf2\
\xa9\xf6\xbd\xf8\x6f\x0d\x9f\xbf\x47\x3f\x94\x00\x00\xac\x4f\xe0\
\xe3\x73\xc7\xeb\xa6\xd4\x72\xed\x74\x09\x15\xfd\xb2\x29\xa5\x5e\
\x15\x2a\x40\xb4\x88\x49\xae\x93\x7d\x67\x2e\xab\x67\xdb\x0d\x8e\
\x9d\xbf\x26\xa5\x63\x8f\xd4\x79\x06\x00\xc0\x7a\x19\xa6\x7f\xe8\
\xac\xef\xbb\x7f\x60\xef\x65\x18\x26\x6c\x63\xdc\xb0\xfe\x4b\xaf\
\x6f\xb1\xce\xfe\x70\x02\x00\xb0\x5e\x79\x7d\x77\xd4\x82\xed\x06\
\x3b\x0b\x3a\x55\xa9\x02\x44\x8b\x1d\xf9\x1d\xea\x99\x76\x8b\x9c\
\xde\x3b\xea\x1c\x03\x00\x60\xfd\x5e\x35\x9d\x9d\xfb\xee\x47\xf6\
\x3e\x86\x61\xc2\x3e\x1f\xdd\xfe\xd7\x7f\xd5\x58\xf0\x97\xeb\x87\
\x14\x00\x80\xb5\x0b\x7c\x8c\x2e\xb5\x75\x41\x2d\xd9\x4e\x77\xb0\
\x7a\x50\x36\xa7\x37\xaa\x62\x05\x88\x74\xb1\xa9\x0d\x92\x50\x39\
\xa0\x9e\x69\x37\x48\x69\x31\xa5\x6a\xfa\x99\x3a\xc7\x00\x00\x58\
\x0f\xc3\xb4\xaa\xcf\x7d\xea\xff\x6b\xf6\x1e\x86\x61\x36\x6c\x2a\
\xee\xdd\xfb\x8b\xc6\xbc\x95\xe6\x35\xfd\xff\xda\xfe\xc0\x02\x00\
\xb0\x56\x25\x63\x8f\xe4\xd8\x47\xd7\xd4\xb2\xed\x74\xf1\x45\xdd\
\xaa\x5c\x01\x22\xdd\xae\xc2\x2e\xf5\x2c\xbb\xc1\x91\x0f\x27\xa5\
\x68\xe4\x81\x3a\xbf\x00\x00\x58\x33\xd3\xfa\x53\xaf\xe9\xcf\xac\
\xbf\xf9\xfc\x2f\xdb\xfb\x17\x86\x89\x88\x31\x4c\xeb\x80\x61\xfa\
\x9f\xa8\x87\x17\x00\x80\x35\xca\xe9\xf9\x4c\x2d\xdc\x4e\x97\xe8\
\x19\x91\xad\x99\xcd\xaa\x60\x01\x22\xd5\x96\xf4\x26\x39\x58\x33\
\xa4\x9e\x65\x37\xc8\xee\xfe\x54\x9d\x5b\x00\x00\xac\x99\xe9\x7f\
\x6a\xf8\xac\x44\x7b\xdf\xc2\x30\x11\x37\x5e\xd3\xbf\xc9\x6b\x5a\
\xb7\xd4\x43\x0c\x00\xc0\x1a\x54\x4e\x3f\x93\xe4\xe6\x79\xb5\x74\
\x3b\xdd\x9e\xd2\x1e\x55\xb2\x00\x91\x6a\x77\x71\xb7\x7a\x86\xdd\
\xe0\x74\xd3\x9c\x54\x5e\x7b\xaa\xce\x2d\x00\x00\xd6\xc6\xfa\xd4\
\x33\xbf\xb8\xc5\xde\xb3\x30\x4c\xc4\x8e\x67\xde\xff\x07\x86\x69\
\x4d\xea\x87\x19\x00\x80\xd5\x2b\x1e\x79\x20\x47\x3e\x98\x54\xcb\
\xb7\x93\x1d\xf6\x8e\xca\xb6\xec\x56\x55\xb4\x00\x91\x66\x5b\x56\
\x8b\x24\x1a\xa3\xea\x19\x76\x83\xc2\xa1\xfb\xea\xbc\x02\x00\x60\
\x8d\x26\x0d\xd3\xff\x8f\xed\xfd\x0a\xc3\x44\xfc\x54\xcf\xbd\xf8\
\xab\x86\xcf\x6f\x2e\xf3\x50\x03\x00\xb0\x6a\x59\xdd\x9f\xa8\xe5\
\xdb\xe9\xf6\x95\xf7\xaa\xb2\x05\x88\x34\x7b\x4b\x7b\xd4\xb3\xeb\
\x06\x99\x5d\xb7\xd4\x39\x05\x00\xc0\x5a\x04\xba\x93\x40\x87\x62\
\xef\x55\x18\x26\x6a\xa6\xd6\xf7\xea\x37\xbd\x3e\x7f\x99\x61\x5a\
\x7f\x66\x7f\xc0\x01\x00\x58\x8d\x8a\x6b\x4f\xe5\xd4\x85\x59\xb5\
\x84\x3b\x59\xd2\xd9\x71\x89\xcb\x6d\x57\x85\x0b\x10\x29\xb6\xe7\
\xb4\x49\x52\xed\xb8\x7a\x76\x9d\xee\x64\xe3\xac\x9c\xb9\xf2\x44\
\x9d\x53\x00\x00\xac\x96\x61\xfa\xcb\xab\x17\x9e\xfd\x67\xf6\x3e\
\x85\x61\xa2\x72\x02\xff\x03\x96\x5e\xd3\x7a\x64\x7f\xd0\x01\x00\
\x58\x8d\xc0\xc7\xed\xec\x8b\xb8\xd3\xed\xaf\xe8\x97\x4d\x29\xf5\
\xaa\x78\x01\x36\x5a\x4c\x72\x9d\xec\x3f\x73\x59\x3d\xb3\x6e\x50\
\x30\x70\x4f\x9d\x4f\x00\x00\xac\x86\x61\x5a\x5f\x1b\xa6\x95\x64\
\xef\x4f\x18\x26\xea\xa7\xd6\xb7\xf8\xbf\xf0\xbf\x0b\x08\x00\x58\
\xaf\xcc\x8b\xb7\xd4\x32\xee\x74\x3b\xf3\x3b\x55\xf9\x02\x6c\xb4\
\x1d\xf9\x1d\xea\x59\x75\x83\xf4\x8e\x8f\xc5\x33\xff\x52\x9d\x4d\
\x00\x00\xac\x94\x61\x5a\xd7\xbc\x0b\xdf\xfd\x91\xbd\x37\x61\x18\
\xc7\x8c\x67\xfe\xe5\xef\x78\x7d\x8b\x75\xf6\x87\x1f\x00\x80\x95\
\x2a\xbf\xfa\x44\x4e\x35\x5c\x57\x4b\xb9\x93\x1d\xa8\x1a\x94\xcd\
\x69\x8d\xaa\x80\x01\x36\x4a\x6c\x6a\x83\x24\x54\x0e\xa8\x67\xd5\
\xe9\x8e\xd7\x4d\x4b\xd9\xe4\xd7\xea\x5c\x02\x00\x60\xa5\x0c\xd3\
\xba\xe0\x5d\x58\xfc\x5d\x7b\x5f\xc2\x30\x8e\x9b\xd2\x99\xc7\xff\
\x9e\x61\x2e\x66\x19\xa6\xf5\xaf\xec\x2f\x02\x00\x00\x2b\x11\xf8\
\xf8\x9d\x7d\x31\x77\xba\xf8\xa2\x8b\xaa\x84\x01\x36\xca\xae\xc2\
\x2e\xf5\x8c\xba\x41\x5e\xdf\xe7\xea\x3c\x02\x00\x60\x25\x0c\xd3\
\xfa\x13\xaf\xe9\xcf\xf3\x4c\x3f\xff\x0f\xed\x3d\x09\xc3\x38\x7a\
\x6a\x17\xac\x1d\x86\xe9\xff\xc4\xfe\x52\x00\x00\xf0\x2e\x9e\xf9\
\x45\x49\xeb\xb8\xa1\x96\x73\x27\x3b\xe4\x19\x96\xad\x99\x4d\xaa\
\x88\x01\xc2\x6d\x4b\x7a\x93\x1c\xac\x19\x52\xcf\xa8\xd3\xa5\xb6\
\x2d\x48\xcd\xec\x0b\x75\x1e\x01\x00\xb0\x02\x77\xbd\xa6\x7f\xaf\
\xbd\x17\x61\x18\xd7\x4c\xf5\xc2\x8b\xdf\xf2\xfa\xac\x4f\x97\x79\
\x39\x00\x00\x78\xab\xb2\x89\xaf\xe5\x44\xdd\x94\x5a\xd2\x9d\x6c\
\x4f\x49\x8f\x2a\x63\x80\x70\xdb\x5d\xdc\xad\x9e\x4d\xa7\x3b\x7e\
\x7e\x4a\x4a\xc7\x1f\xa9\x73\x08\x00\x80\x77\x32\xfd\xf7\x3d\xf3\
\xfe\xdf\xb6\xf7\x21\x0c\xe3\xba\x31\xae\x3f\xff\xeb\x86\x69\x15\
\x19\xa6\xf5\xaf\xd5\x8b\x02\x00\xc0\x5b\xe4\x5e\xfe\x5c\x2d\xea\
\x4e\x76\xd8\x3b\x2a\xdb\xb2\x5b\x54\x21\x03\x84\xcb\xb6\xac\x16\
\x49\x34\x46\xd4\xb3\xe9\x74\xb9\xbd\x77\xd4\xf9\x03\x00\xc0\xdb\
\x18\xa6\xf5\x6f\x6a\x17\xfc\xe5\x67\xe7\x5e\xfe\x4d\x7b\x0f\xc2\
\x30\xae\x1e\xe3\xc6\xab\xad\x86\xe9\x9f\xb5\xbf\x34\x00\x00\xbc\
\x49\xf5\xec\x0b\x49\x6b\xf3\xa9\x65\xdd\xc9\xf6\x95\xf7\xa9\x52\
\x06\x08\x97\x3d\xa5\x3d\xea\x99\x74\xba\x94\x16\x9f\x54\x5d\x7f\
\xae\xce\x1f\x00\x00\xde\xc4\x30\xfd\x0b\x1e\xd3\xbf\xcb\xde\x7b\
\x30\x0c\xf3\xe7\xf3\xfe\xc2\x4f\xff\x8e\xd7\xe7\xff\xd0\xfe\xf2\
\x00\x00\xf0\x26\xa5\x63\x8f\xe4\xd8\xf9\x6b\x6a\x69\x77\xac\xb3\
\xe3\x12\x97\xdb\xae\x8a\x19\x20\xd4\xb6\xe7\xb4\x4a\x52\xed\x98\
\x7e\x26\x1d\xec\xe8\xb9\xab\x52\x32\xfa\x50\x9d\x3b\x00\x00\xbc\
\x45\x9d\x67\xd6\xfa\x3d\x7b\xdf\xc1\x30\x8c\x6d\x3e\x9a\x78\xf4\
\xab\x5e\xd3\xff\x13\xc3\xb4\xbe\x5c\xe6\x45\x02\x00\x40\xc9\xe9\
\xbd\xa3\x16\x77\x27\xdb\x5f\xd1\x2f\x9b\x52\xea\x55\x41\x03\x84\
\x4a\x4c\x72\xdd\xd2\xbf\x7d\x6a\x7f\x16\x9d\x2e\xab\xfb\x53\x75\
\xde\x00\x00\xb0\x2c\xd3\x7a\xe4\xf5\xf9\x8f\x55\x4f\xbc\xf8\x35\
\x7b\xcf\xc1\x30\xcc\x5b\xc6\xe3\xf3\xff\x8f\x86\x69\x5d\x52\x2f\
\x15\x00\x00\x36\xd5\x33\xcf\x25\xa5\xc5\x54\xcb\xbb\x93\xed\x2c\
\xe8\x54\x25\x0d\x10\x2a\x3b\xf2\x3a\xd4\x33\xe8\x74\xc9\x4d\x73\
\x52\x39\xf5\x54\x9d\x37\x00\x00\xd8\x19\xa6\xd5\x5b\x7b\xc3\xff\
\x07\xf6\x5e\x83\x61\x98\x15\x4e\xc5\xac\xf5\x1b\x5e\x73\x31\xcf\
\xf0\x59\x3f\xb5\xbf\x60\x00\x00\xfc\xb2\xe2\x91\x87\x72\xf4\xdc\
\x15\xb5\xc4\x3b\xd5\x81\xaa\x41\x89\x4d\x6b\x54\x45\x0d\x10\x6c\
\xb1\xa9\x0d\x92\x50\x39\xa0\x9e\x41\x67\x9b\x94\xc2\xe1\xfb\xea\
\x9c\x01\x00\xe0\x97\x05\xba\x0a\xc3\xb4\xf2\x6b\xe6\xfd\x7f\xcd\
\xde\x67\x30\x0c\xb3\x86\xf1\xcc\x5b\xff\xf0\xcf\xff\x75\x5a\xf5\
\xc2\x01\x00\xf0\x73\x59\x97\x6e\x2f\xb3\xc8\x3b\x57\x7c\xd1\x45\
\x55\xd6\x00\xc1\xb6\xab\xb0\x4b\x3d\x7b\x4e\x97\x79\xf1\x96\x3a\
\x5f\x00\x00\xf8\x01\xd3\x7a\x64\x98\x8b\x7f\xdf\xde\x5f\x30\x0c\
\xb3\xce\xa9\x9a\x7b\xf9\x37\xbd\x3e\xab\xd0\x30\x2d\xbf\x7a\xf1\
\x00\x00\xf0\xf9\xa5\xf2\xda\x53\x39\xdd\x34\xab\x96\x79\xa7\x3a\
\xe4\x19\x96\x2d\x99\x4d\xaa\xb0\x01\x82\x65\x73\xfa\x05\x39\x58\
\x3d\xa4\x9e\x3d\x27\x3b\xd5\x38\x2b\x15\x57\x9f\xa8\xf3\x05\x00\
\x80\x25\xa6\xf5\xca\x30\xad\xa2\xb3\x37\x5f\xfe\x4d\x7b\x6f\xc1\
\x30\x4c\x10\xc7\xf0\x59\x7f\xe8\x9d\xb7\x2e\xab\x97\x10\x00\x00\
\x9f\x5f\x0a\x87\xee\x4b\xd2\x32\x4b\xbd\x53\xed\x29\xb9\xa4\x4a\
\x1b\x20\x58\xe2\x8b\xbb\xd5\x33\xe7\x74\x05\x83\xf7\xd4\xb9\x02\
\x00\xc0\x6b\xaf\xfa\x3d\xf3\xd6\x1f\xdb\x7b\x0a\x86\x61\x42\x34\
\x5e\xf3\xe5\x7f\xec\x5d\x78\x95\x62\x98\xd6\x57\xfa\x85\x04\x00\
\xb8\x5d\x66\xd7\x2d\xb5\xd4\x3b\x55\xa2\x77\x54\xb6\x65\xb7\xa8\
\xe2\x06\x58\xaf\xad\x99\xcd\x92\x68\x8c\xa8\x67\xce\xc9\x32\x3a\
\x6f\x06\xfe\x87\xdc\xd5\x99\x02\x00\x70\x37\xc3\xf4\x3f\xf1\xfa\
\xac\x74\xe3\x63\xeb\x3f\xb5\xf7\x13\x0c\xc3\x84\x61\x6a\x6f\x58\
\xff\xd0\x30\xad\x16\xfb\xcb\x09\x00\x70\xb7\x33\x57\x9e\xc8\xc9\
\xc6\xeb\x6a\xb9\x77\xaa\x7d\xe5\x7d\xaa\xbc\x01\xd6\x6b\x4f\x69\
\x8f\x7a\xd6\x9c\xec\x64\xfd\x8c\x94\x4f\x3e\x56\xe7\x09\x00\xc0\
\xdd\x0c\x73\xb1\xc3\x3b\xe7\xff\x47\xf6\x3e\x82\x61\x98\x30\x4f\
\xf5\xed\x17\xbf\xe6\x99\xb7\x0e\x7b\x7d\xd6\xa7\xf6\x17\x15\x00\
\xe0\x5e\xf9\x03\xf7\xd4\x82\xef\x54\x49\xef\x8f\x4b\x5c\x6e\xbb\
\x2a\x70\x80\xb5\xda\x9e\xd3\x2a\x49\xb5\x63\xea\x59\x73\xb2\xbc\
\xcb\x9f\xab\x73\x04\x00\xe0\x6a\x77\x0d\x9f\xff\xe8\x47\x1f\x7f\
\xf7\x57\xec\x3d\x04\xc3\x30\x1b\x38\x67\x67\xad\xdf\xf0\xfa\xfc\
\xed\xcb\xbc\xb4\x00\x00\x17\x32\xe6\x17\x97\x3e\xce\x67\x5f\xf2\
\x9d\x6a\x7f\x45\xbf\x6c\x4a\xa9\x57\x45\x0e\xb0\x5a\x31\xc9\x75\
\x4b\xff\x56\xa9\xfd\x19\x73\xb2\xb4\xf6\x05\xa9\x99\x7d\xa9\xce\
\x11\x00\x80\x4b\x99\xfe\x5e\xe3\xfa\x77\x7f\xdd\xde\x3b\x30\x0c\
\x13\x41\x63\xf8\x5e\xc5\x1a\xa6\x7f\x48\xbd\xc0\x00\x00\xd7\x29\
\x9b\x7c\x2c\x27\xea\xa7\xd5\xb2\xef\x54\x3b\x0b\x3a\x55\x99\x03\
\xac\xd6\x8e\xbc\x0e\xf5\x6c\x39\xd9\xb1\x8f\xa6\xa4\x74\xfc\x91\
\x3a\x3f\x00\x00\xee\x63\x98\xd6\xb8\xe1\xfb\x6e\x7b\x9b\xc8\xff\
\xc3\xde\x35\x30\x0c\x13\x81\xf3\xfe\x27\xff\xc7\x7f\xe4\xf5\xf9\
\x8f\xf1\xb1\x60\x00\x40\xfe\xe5\xbb\x6a\xe1\x77\xaa\x03\x55\x83\
\x12\x9b\xd6\xa8\x0a\x1d\x60\xa5\x62\x53\x1b\x24\xa1\x72\x40\x3d\
\x5b\x4e\x96\xdb\xfb\x99\x3a\x37\x00\x00\xae\x73\xc7\xf0\xbd\x3a\
\x15\xf8\x64\xa1\xbd\x5f\x60\x18\x26\x0a\xc6\x33\xff\xdd\xef\x18\
\xa6\xbf\xdc\x30\x2d\xff\x32\x2f\x38\x00\xc0\x05\x02\x1f\xeb\x4b\
\x6d\x5b\x50\x4b\xbf\x53\xed\x2a\xbc\xa8\x4a\x1d\x60\xa5\x76\x15\
\x76\xa9\x67\xca\xc9\x52\x5a\x7d\x52\x3d\xf3\xad\x3a\x37\x00\x00\
\x2e\x61\x5a\xdf\x19\x3e\x7f\x65\xcd\xfc\xe2\xdf\xb5\xf7\x09\x0c\
\xc3\x44\xe1\x78\x4d\xff\x3f\xf1\x9a\x56\xab\x7a\xd9\x01\x00\xae\
\x50\x32\xf6\x48\x8e\x9d\xbf\xa6\x96\x7f\x27\x3a\x54\x33\x2c\x5b\
\x32\x9a\x54\xb1\x03\xbc\xcb\xe6\xf4\x0b\x72\xb0\x7a\x48\x3d\x53\
\x4e\x75\xf4\xa3\xab\x52\x3c\xfa\x50\x9d\x17\x00\x00\xd7\x68\xf7\
\xcc\x2f\xfe\x33\x7b\x7f\xc0\x30\x4c\x94\x4f\xc5\xbd\x3f\xfb\x8b\
\x86\xcf\x1f\x6f\x98\xd6\xb5\x65\x5e\x7c\x00\x80\xc3\xe5\xf6\xde\
\x51\x05\x80\x53\xed\x2e\xb9\xa4\xca\x1d\xe0\x5d\x76\x17\x77\xab\
\x67\xc9\xc9\x72\x7a\x6e\xab\x73\x02\x00\xe0\x02\xf3\xd6\x94\x77\
\xc1\xbf\xbb\x74\xe6\xf1\x5f\xb2\xf7\x06\x0c\xc3\x38\x68\x3e\x9a\
\x78\xf4\xab\x86\xb9\x98\x61\xf8\xfc\x7f\xa2\x0e\x02\x00\x80\x63\
\x55\x5d\x7f\x2e\x29\x2d\x3e\x55\x02\x38\x51\xa2\x77\x54\xb6\x65\
\xb5\xa8\x82\x07\x78\x93\xad\x99\xcd\x92\x68\x8c\xa8\x67\xc9\xa9\
\x92\x9b\xe7\xa5\x72\xfa\xb9\x3a\x27\x00\x00\xce\x15\xe8\x00\x02\
\x5d\x40\xa0\x13\xb0\xf7\x04\x0c\xc3\x38\x78\x3c\xf3\x2f\x7f\xc7\
\xbb\xe0\xcf\x33\x4c\xff\x97\xf6\x83\x01\x00\xe0\x4c\x25\x23\x0f\
\xe5\xe8\xb9\x2b\xaa\x0c\x70\xa2\xbd\x65\xbd\xaa\xe4\x01\xde\x64\
\x4f\x69\x8f\x7a\x86\x9c\xea\xc8\x07\x93\x52\x34\x74\x5f\x9d\x0f\
\x00\x00\xa7\xb2\x1e\x18\xa6\x3f\x3f\xf0\xdf\x08\xb0\xf7\x02\x0c\
\xc3\xb8\x68\x3c\x0b\x8b\x7f\xc7\xf0\xbd\x2a\x30\x7c\xd6\x43\x7d\
\x50\x00\x00\x9c\x26\xfb\xd2\x6d\x55\x08\x38\x51\xd2\xd9\x71\x89\
\xcb\x6d\x53\x45\x0f\x60\xb7\x3d\xbb\x55\x0e\xd7\x8e\xa9\x67\xc8\
\xa9\x32\x2f\xde\x52\xe7\x02\x00\xc0\x81\x4c\xeb\x2b\xc3\xb4\x8a\
\xbc\x0b\x8b\xbf\x6b\xef\x01\x18\x86\x71\xf1\x04\xfe\xab\x3f\xb5\
\x0b\xaf\x8a\x02\x87\x84\x3a\x38\x00\x00\x8e\x51\x39\xfd\x4c\x4e\
\x37\xcd\xab\x52\xc0\x89\xf6\x57\xf4\x4b\x4c\x72\xbd\x2a\x7c\x80\
\x9f\x8b\x39\x7d\x5e\xf6\x95\xf7\xa9\x67\xc7\xa9\x4e\x5d\x98\x95\
\x33\x57\xbf\x51\xe7\x02\x00\xc0\x39\x0c\x9f\xff\x89\xe1\xb3\x4a\
\xbd\xa6\xf5\x63\xfb\xde\xcf\x30\x0c\xf3\x8b\x09\x1c\x12\x5e\xf3\
\x55\x89\xd7\x67\x3d\xb6\x1f\x24\x00\x00\x67\x28\x1a\xfa\x72\xe9\
\x63\x80\xf6\x72\xc0\x89\x76\xe6\x77\xaa\xd2\x07\xf8\xb9\xb8\xbc\
\x76\xf5\xcc\x38\x59\xc1\xe0\x17\xea\x3c\x00\x00\x38\x83\x61\xfa\
\x9f\x79\x4d\xff\x99\xda\x79\xff\xdf\xb3\xef\xf9\x0c\xc3\x30\x6f\
\x1c\xef\x9c\xff\xbf\xf1\xfa\xfc\x65\x5e\xd3\xff\x8d\xfd\x60\x01\
\x00\x44\xbf\xcc\x8b\x9f\xa8\x72\xc0\x89\x0e\x54\x0d\x4a\x6c\x5a\
\xa3\x2a\x7e\x80\xd8\xd4\x06\x49\xa8\xe8\x57\xcf\x8c\x53\x65\x74\
\xde\x14\xc3\xb4\xd4\x59\x00\x00\x88\x7a\x2f\xbc\x3e\x7f\x95\xc7\
\xf7\xea\xf7\xed\x7b\x3d\xc3\x30\xcc\x8a\xc7\xe3\xb3\x7e\xcf\x6b\
\xfa\xf3\x0d\xd3\xff\xf9\x32\x07\x0d\x00\x20\x4a\x55\x5c\x7d\x22\
\xa7\x1a\x67\x55\x49\xe0\x44\xf1\x45\x5d\xaa\xfc\x01\x76\x16\x74\
\xa9\x67\xc5\xa9\x4e\x36\xcc\x48\xf9\xe4\x13\x75\x0e\x00\x00\xa2\
\x97\x61\x5a\x5f\x7a\x4d\xab\xc4\xe3\x7b\x49\xf1\xc7\x30\x4c\xf0\
\xc6\x33\xff\x2f\xff\x5f\x5e\xd3\x7f\xc2\x30\xfd\xd7\xed\x07\x0f\
\x00\x20\x3a\x15\x0c\xdc\x53\x45\x81\x13\x1d\xac\x19\x96\x2d\x19\
\x4d\xaa\x00\x82\x7b\x6d\x4e\x6f\x94\x83\xd5\x43\xea\x59\x71\xaa\
\xfc\xfe\xbb\xea\xfd\x07\x00\x44\x27\xc3\xb4\x7c\x5e\xd3\x4a\xf1\
\xcc\xfb\x7f\xdb\xbe\xb7\x33\x0c\xc3\x04\x6d\xde\xbf\xfe\xed\x7f\
\x64\x98\x8b\x7b\xbc\x3e\xab\xdf\x7e\x10\x01\x00\xa2\x8b\x61\x2e\
\x4a\x7a\xc7\x4d\x55\x16\x38\xd1\xee\x92\x4b\xaa\x04\x82\x7b\xc5\
\x17\x77\xab\x67\xc4\xa9\xd2\xda\x6f\x88\x67\x7e\x51\xbd\xff\x00\
\x80\xa8\x33\x62\x98\xd6\x81\xb3\xb3\xd6\x6f\xd8\xf7\x74\x86\x61\
\x98\x90\x4d\x45\xff\xbd\xbf\x68\xf8\xfc\xff\xc2\xeb\xb3\x9a\x0c\
\xd3\xfa\xff\x2e\x73\x38\x01\x00\xa2\x40\xf9\xe4\x63\x39\x59\x3f\
\xa3\x4a\x03\xa7\x49\x34\x46\x65\x5b\x76\x8b\x2a\x82\xe0\x3e\x5b\
\x33\x9b\x25\xd1\x33\xac\x9e\x11\x27\x3a\x7e\x7e\x4a\x4a\xc7\xbf\
\x52\xef\x3d\x00\x20\x3a\x18\xa6\xff\xff\xf2\xfa\xfc\xed\x86\xef\
\x55\x6c\xf5\xc4\x8b\x5f\xb3\xef\xe5\x0c\xc3\x30\x61\x9d\xea\xb9\
\x17\x3f\xf2\x2e\xf8\x3f\xf2\xfa\xac\x9f\xd9\x0f\x2c\x00\x40\xe4\
\xcb\xbb\x7c\x57\x15\x07\x4e\xb4\xb7\xac\x57\x95\x41\x70\x9f\x3d\
\xa5\x3d\xea\xd9\x70\xaa\xdc\xde\xcf\xd4\xfb\x0e\x00\x88\x06\x81\
\xdd\xfa\x55\x73\x60\xd7\xb6\xef\xdf\x0c\xc3\x30\x1b\x3e\x81\xc3\
\xa9\xd6\xf7\xea\xa4\x61\x5a\x57\xf4\x01\x06\x00\x88\x54\x35\x73\
\x2f\x25\xbd\xfd\x86\x2a\x0f\x9c\x26\xe9\xec\xb8\xc4\xe5\xb6\xa9\
\x42\x08\xee\xb1\x3d\xbb\x55\x0e\xd7\x8e\xa9\x67\xc3\x89\x52\x5b\
\x7d\x52\x75\xfd\x5b\xf5\xbe\x03\x00\x22\x99\x35\xed\x31\xad\x54\
\xef\xc2\xe2\xef\xda\xf7\x6d\x86\x61\x98\x88\x9b\x5a\xdf\xd3\xff\
\xa7\x67\xde\xfa\x63\xaf\x69\xbd\xef\x35\xfd\xdf\xe8\x43\x0d\x00\
\x10\x69\x4a\x27\xbe\x92\xe3\xe7\xa7\x55\x89\xe0\x34\xfb\x2b\xfa\
\x25\x26\xb9\x5e\x15\x43\x70\x87\x7d\xe5\x7d\xea\x99\x70\xa2\xa3\
\xe7\xae\x4a\xc9\xe8\x43\xf5\x9e\x03\x00\x22\xd2\xb7\x86\xcf\x7f\
\xde\xbb\xe0\xff\xdf\x6a\x7d\xaf\xfe\x1d\xfb\x7e\xcd\x30\x0c\x13\
\x15\x53\x73\xfd\xdb\xbf\x6d\x98\xfe\xe3\x5e\x9f\x35\xb1\xcc\x41\
\x07\x00\x88\x20\xb9\x7d\x77\x54\x91\xe0\x44\x3b\xf3\x3b\x55\x31\
\x04\xe7\x8b\xcb\x6b\x57\xcf\x82\x53\x65\x5f\xba\xad\xde\x6f\x00\
\x40\x64\x31\x4c\xeb\x9a\x61\x5a\xc9\x5e\xf3\xe5\x7f\x65\xdf\xa3\
\x19\x86\x61\xa2\x76\x3e\x7a\x24\xbf\x6a\xf8\xac\x3f\x34\x7c\x56\
\xad\xd7\x67\x3d\xb6\x1f\x7e\x00\x80\x8d\x57\x7d\xfd\x5b\x49\x69\
\xf1\xa9\x32\xc1\x69\x0e\x54\x0d\x48\x6c\x5a\xa3\x2a\x88\xe0\x5c\
\x9b\x52\x1b\x24\xa1\xa2\x5f\x3d\x0b\x4e\x94\xdc\x3c\x2f\x55\xd3\
\xcf\xd5\xfb\x0d\x00\xd8\x78\x86\xe9\x7f\x66\x98\xfe\x73\xb5\x3e\
\xff\xff\xfa\xc1\xd4\xe2\xbf\x6d\xdf\x9b\x19\x86\x61\x1c\x35\xb5\
\xbe\x7f\xf5\xef\x7b\xe6\xad\xc3\x81\xff\x8f\x87\xfd\x40\x04\x00\
\x6c\xac\xe2\xd1\x87\x72\xf4\xdc\x15\x55\x2a\x38\xcd\xae\xc2\x2e\
\x55\x12\xc1\xb9\x76\x16\x74\xa9\x67\xc0\x89\x8e\x7c\x38\x29\x45\
\xc3\x0f\xd4\x7b\x0d\x00\xd8\x58\x81\xdd\x37\xb0\x03\x57\xcf\xbd\
\xf8\xab\xf6\xfd\x98\x61\x18\xc6\x15\xe3\x99\x5d\xfc\x3b\x5e\xd3\
\x7f\xc4\x30\xad\x3e\xaf\xe9\xff\xd7\xf6\x83\x12\x00\x10\x7e\x39\
\x3d\xb7\x55\xb1\xe0\x34\x07\x6b\x86\x65\x4b\x46\x93\x2a\x8a\xe0\
\x3c\x9b\xd3\x1b\xe5\x40\xf5\xa0\x7a\x06\x9c\x28\xbb\xfb\x13\xf5\
\x3e\x03\x00\x36\xc4\x9f\x7a\x4d\x6b\xd0\x6b\xfa\x4f\x78\x4d\xeb\
\xc7\xf6\x3d\x98\x61\x18\xc6\xd5\x63\x98\xd6\x7f\x5d\xbb\xe0\x3f\
\x6e\x98\xd6\x80\xd7\xe7\xff\x93\x65\x0e\x51\x00\x40\x18\x54\x4e\
\x3f\x93\xe4\xa6\x79\x55\x2e\x38\xcd\xee\x92\x4b\xaa\x2c\x82\xf3\
\xc4\x17\x75\xab\xef\xbd\x13\x9d\x6a\x9c\x95\x8a\x6b\xdf\xa8\xf7\
\x19\x00\x10\x36\x3f\x33\x4c\xff\x88\xd7\xf7\xea\x74\xcd\xbc\xff\
\xef\xd9\xf7\x5d\x86\x61\x18\x66\x99\xf1\x2e\xf8\xff\x1b\xcf\xbc\
\x75\xda\xeb\xf3\x0f\x1b\x3e\xeb\x67\xcb\x1c\xae\x00\x80\x10\x2a\
\x1a\xfe\x52\x7e\xf2\xc1\xa4\x2a\x19\x9c\x24\xd1\x18\x95\x6d\xd9\
\x2d\xaa\x30\x82\x73\x6c\xcd\x6c\x92\x43\x9e\x61\xf5\xbd\x77\xa2\
\x82\xc1\x7b\xea\x3d\x06\x00\x84\x9e\x61\xfa\xc7\xbd\xe6\xab\x54\
\x8f\xef\xd5\xef\xdb\xf7\x5a\x86\x61\x18\x66\x15\x53\xbd\xf0\xe2\
\xb7\x0c\xd3\x3a\x60\xf8\xac\x01\x83\x7f\x33\x10\x00\xc2\x26\xab\
\xfb\x13\x55\x32\x38\xcd\xde\xb2\x5e\x55\x1a\xc1\x39\xf6\x94\xf6\
\xa8\xef\xb9\x13\x65\x74\xde\x14\xaf\x69\xa9\x77\x18\x00\x10\x7c\
\x7f\xbe\x93\x8e\x18\xf3\x8b\x47\x03\xbb\xaa\x7d\x7f\x65\x18\x86\
\x61\x82\x30\x1f\x2c\x2c\xfe\x27\xde\x85\xef\xfe\xc8\x6b\x5a\xc5\
\xaf\xff\x23\x22\xfc\xdb\x81\x00\x10\x2a\x81\x8f\x13\x9e\x6a\x9c\
\x53\x65\x83\x93\x24\x9d\x1d\x97\xed\x39\x6d\xaa\x38\x42\xf4\xdb\
\x9e\xdd\x2a\x87\xbd\xa3\xea\x7b\xee\x34\x27\x1b\x66\xa4\xfc\xca\
\x63\xf5\xfe\x02\x00\x82\xe6\xcf\x0c\x9f\x35\xe3\xf5\xf9\xcb\x0c\
\x9f\xff\x5f\xd4\xfa\x5e\xfd\xa6\x7d\x4f\x65\x18\x86\x61\x42\x3c\
\xde\x85\xc5\xdf\xad\x5d\x78\x75\xc0\x30\xad\x0b\x5e\x9f\xf5\x60\
\x99\xc3\x1a\x00\xb0\x0e\x85\x83\xf7\x54\xe1\xe0\x34\xfb\xcf\x5c\
\x96\x98\xe4\x3a\x55\x20\x21\xba\xed\x2b\xef\x53\xdf\x6b\x27\xca\
\x1b\xf8\x42\xbd\xb7\x00\x80\x75\x32\xad\xaf\x0c\xd3\x6a\xf1\xce\
\x5b\x87\x3d\x3e\xeb\xf7\xec\x7b\x28\xc3\x30\x0c\xb3\x81\x93\x3e\
\x21\xbf\x62\x98\x8b\x7f\xdf\x30\x17\x33\x02\xff\x4a\xb6\xd7\xf4\
\xff\x1f\xea\x20\x07\x00\xac\x8e\xe9\x97\x8c\xae\x5b\xaa\x74\x70\
\x9a\x1d\xf9\x1d\xaa\x40\x42\xf4\x8a\xcb\x6d\x57\xdf\x63\x27\x4a\
\x6f\xbf\x21\x9e\xf9\x45\xfd\xde\x02\x00\x56\xe7\xf5\xee\x38\x61\
\xf8\xfc\xd9\x9e\x79\xeb\x1f\x7e\x34\xf1\xe8\x57\xed\xfb\x26\xc3\
\x30\x0c\x13\xa1\x53\xfe\xf1\x77\x7f\xa5\xf6\xc6\xab\xff\x8f\x31\
\x6f\x25\x1a\xa6\xff\x9c\xd7\xb4\x6e\x78\x4d\xeb\xff\xaf\x0e\x7b\
\x00\xc0\x5b\x95\x4f\x3e\x96\x13\x0d\x33\xaa\x7c\x70\x92\x84\xaa\
\x01\x89\x4d\x6d\x50\x45\x12\xa2\xcf\xa6\x94\x7a\xd9\x5f\xd1\xaf\
\xbe\xc7\x4e\x73\xbc\x6e\x4a\xca\x26\xbe\x56\xef\x2b\x00\x60\x45\
\x6e\x7a\x7d\xfe\x3a\xaf\xe9\xff\x89\xc7\xb7\xf8\x0f\xaa\xe6\xbe\
\xf9\x75\xfb\x3e\xc9\x30\x0c\xc3\x44\xf1\xd4\x5c\xff\xf6\x6f\x7b\
\xe6\x17\xb7\x78\xcd\x57\x25\x86\xe9\x1f\x35\x4c\xff\xe2\x32\x97\
\x01\x00\xc0\x26\xbf\xff\xae\x2a\x20\x9c\x66\x57\x61\x97\x2a\x93\
\x10\x7d\x76\x16\x74\xaa\xef\xad\x13\xe5\x5d\xfe\x5c\xbd\xa7\x00\
\x80\xe5\x58\xaf\xbc\x3e\x6b\xc2\x58\xf0\x97\x1b\x3e\x6b\xfb\xd9\
\x8f\xbf\xfb\x91\x88\xfc\x05\xfb\xae\xc8\x30\x0c\xc3\x38\x78\xaa\
\xa6\x16\xff\x13\xc3\xfc\x2e\xf0\xb1\xe1\x3d\x86\xcf\x2a\x35\x4c\
\xab\xcf\xeb\xf3\xdf\xd3\x97\x06\x00\xb8\x9b\x67\xee\xa5\xa4\xb5\
\xdf\x50\x25\x84\x93\x1c\xac\x19\x92\x2d\x19\x4d\xaa\x50\x42\xf4\
\xd8\x9c\xde\x28\x07\xaa\x06\xd5\xf7\xd6\x69\x52\x5b\x7d\x52\x7d\
\xfd\x5b\xf5\x9e\x02\x00\x02\xff\xbb\xf0\x56\xbf\xd7\x5c\x3c\xe3\
\x35\xfd\xfb\xbc\x73\x8b\xff\xfd\xd9\x59\xeb\x37\xec\x7b\x20\xc3\
\x30\x0c\xc3\xbc\x97\x9e\x2e\xff\x56\xad\x6f\xf1\xff\x6d\x98\x8b\
\xff\xb3\xd7\xe7\x3f\xe6\xf5\xf9\x3f\xf0\x2e\xf8\xaf\x7a\x4d\xff\
\x0b\x7d\xc1\x00\x80\x7b\x94\x8e\x7f\x25\x27\xea\xa6\x55\x19\xe1\
\x24\xbb\x8b\xbb\x55\xa9\x84\xe8\x11\x5f\x74\x51\x7d\x4f\x9d\xe6\
\xd8\xb9\xab\x52\x3c\xf6\x50\xbd\x9f\x00\xe0\x26\x81\x4f\x72\x19\
\xa6\x35\x6d\xf8\xfc\xe7\x3c\xbe\xc5\x93\x86\xef\xbb\x3f\xac\x9e\
\xf3\xff\xad\x89\x09\xf9\x15\xfb\x7e\xc7\x30\x0c\xc3\x30\xab\x9a\
\xc0\x7f\x64\xc4\x33\xef\xff\x6d\x8f\xef\xe5\x3f\x35\x4c\xeb\xc0\
\xd2\xbf\x42\x6e\xfa\x2f\x1a\x3e\xff\xc7\x86\x69\x7d\x67\xbf\x94\
\x00\xc0\x89\x72\xfb\xee\xa8\x42\xc2\x49\x12\x8d\x51\xd9\x96\xd5\
\xa2\x8a\x25\x44\xbe\x2d\x99\x4d\x72\xc8\x33\xac\xbe\xa7\x4e\x93\
\xd3\xf3\x99\x7a\x2f\x01\xc0\x91\x96\xfe\xc3\x1c\xd6\xa7\x4b\x3b\
\xd7\x82\xbf\xdc\x33\x6f\x1d\xae\xf1\x2d\xfe\x2f\x81\x9d\x2c\xb0\
\x9b\xd9\xf7\x35\x86\x61\x18\x86\x09\xcb\xd4\xfa\xfe\xd5\xbf\xef\
\x9d\x5b\xfc\x5d\xc3\xb4\xfe\xb9\x31\xbf\x78\xd4\xf0\xbd\x32\x0c\
\x9f\x35\x60\xf8\xfc\xa6\xd7\xb4\x1e\x19\x3e\xff\x9f\xa8\x4b\x0d\
\x00\xa2\x4c\xe0\x63\x87\xa9\x6d\x0b\xaa\x94\x70\x92\x3d\x65\xbd\
\xaa\x5c\x42\xe4\xdb\x53\xda\xa3\xbe\x97\x4e\x93\xdc\x32\x2f\x95\
\xd3\xcf\xd4\x7b\x09\x00\xd1\xc7\xfa\xd9\x9f\xef\x48\x1f\xbf\xde\
\x99\x5e\x19\x81\x7f\x93\xcf\x33\xff\xf2\x7f\x0f\xec\x54\x81\xdd\
\xca\xbe\x6f\x31\x0c\xc3\x30\x4c\xd4\x4c\xe0\xff\x53\x65\x5c\xff\
\xee\xaf\x57\xcf\xbd\xf8\x91\x61\x2e\xfe\x7d\xef\xfc\xe2\x66\xaf\
\xb9\xb8\xd7\x30\x17\x33\xbc\x3e\x7f\x95\x77\xc1\xff\x51\xe0\x3f\
\x3f\xaf\x98\xd6\x23\x45\x5d\xa2\x00\x10\x1e\x25\x63\x0f\xe5\xd8\
\x47\xd7\x54\x39\xe1\x14\x49\xb5\xe3\x12\x97\xdb\xa6\x0a\x26\x44\
\xae\x6d\xd9\xad\x72\xd8\x3b\xaa\xbe\x97\x4e\x72\xe4\x83\x49\x29\
\x1e\x79\xa0\xde\x47\x00\x08\x1b\xfb\x3e\xf2\x7a\x27\xd1\xbb\xcb\
\xeb\x9d\xa6\x6a\x69\xc7\x31\x17\xf7\x06\x76\x9e\xa5\xdd\x27\xf0\
\x2f\x4b\x5c\xff\xee\xaf\x7f\x34\xf1\xe8\x57\xed\x7b\x12\xc3\x30\
\xa1\x9d\xff\x1b\xa7\xeb\xd7\xad\x3c\xc5\x72\xc2\x00\x00\x00\x00\
\x49\x45\x4e\x44\xae\x42\x60\x82\
"

qt_resource_name = b"\
\x00\x07\
\x07\x3b\xe0\xb3\
\x00\x70\
\x00\x6c\x00\x75\x00\x67\x00\x69\x00\x6e\x00\x73\
\x00\x1d\
\x0a\x42\xf3\x62\
\x00\x6f\
\x00\x76\x00\x65\x00\x72\x00\x66\x00\x6c\x00\x69\x00\x67\x00\x68\x00\x74\x00\x5f\x00\x63\x00\x6f\x00\x6e\x00\x74\x00\x6f\x00\x75\
\x00\x72\x00\x5f\x00\x63\x00\x61\x00\x6c\x00\x63\x00\x75\x00\x6c\x00\x61\x00\x74\x00\x6f\x00\x72\
\x00\x08\
\x0a\x61\x5a\xa7\
\x00\x69\
\x00\x63\x00\x6f\x00\x6e\x00\x2e\x00\x70\x00\x6e\x00\x67\
"

qt_resource_struct_v1 = b"\
\x00\x00\x00\x00\x00\x02\x00\x00\x00\x01\x00\x00\x00\x01\
\x00\x00\x00\x00\x00\x02\x00\x00\x00\x01\x00\x00\x00\x02\
\x00\x00\x00\x14\x00\x02\x00\x00\x00\x01\x00\x00\x00\x03\
\x00\x00\x00\x54\x00\x00\x00\x00\x00\x01\x00\x00\x00\x00\
"

qt_resource_struct_v2 = b"\
\x00\x00\x00\x00\x00\x02\x00\x00\x00\x01\x00\x00\x00\x01\
\x00\x00\x00\x00\x00\x00\x00\x00\
\x00\x00\x00\x00\x00\x02\x00\x00\x00\x01\x00\x00\x00\x02\
\x00\x00\x00\x00\x00\x00\x00\x00\
\x00\x00\x00\x14\x00\x02\x00\x00\x00\x01\x00\x00\x00\x03\
\x00\x00\x00\x00\x00\x00\x00\x00\
\x00\x00\x00\x54\x00\x00\x00\x00\x00\x01\x00\x00\x00\x00\
\x00\x00\x01\x9f\xb1\xd4\x82\x0a\
"

qt_version = [int(v) for v in QtCore.qVersion().split('.')]
if qt_version < [5, 8, 0]:
    rcc_version = 1
    qt_resource_struct = qt_resource_struct_v1
else:
    rcc_version = 2
    qt_resource_struct = qt_resource_struct_v2

def qInitResources():
    QtCore.qRegisterResourceData(rcc_version, qt_resource_struct, qt_resource_name, qt_resource_data)

def qCleanupResources():
    QtCore.qUnregisterResourceData(rcc_version, qt_resource_struct, qt_resource_name, qt_resource_data)

qInitResources()
